course_id,day,period,instance
c0001,4.0,0.0,Fis0506-1
c0001,4.0,1.0,Fis0506-1
c0001,4.0,2.0,Fis0506-1
c8888,4.0,3.0,Fis0506-1
c0001,4.0,4.0,Fis0506-1
c0001,4.0,5.0,Fis0506-1
c0004,0.0,-1.0,Fis0506-1
c0004,0.0,1.0,Fis0506-1
c0004,0.0,10.0,Fis0506-1
c0004,0.0,3.0,Fis0506-1
c0004,0.0,4.0,Fis0506-1
c0004,0.0,5.0,Fis0506-1
c0024,3.0,10.0,Fis0506-1
c0024,3.0,1.0,Fis0506-1
c0024,3.0,2.0,Fis0506-1
c0024,3.0,3.0,Fis0506-1
c0024,3.0,4.0,Fis0506-1
c0024,3.0,5.0,Fis0506-1
,2.0,2.0,Fis0506-1
c0025,2.0,3.0,Fis0506-1
c0025,2.0,4.0,Fis0506-1
c0025,2.0,5.0,Fis0506-1
c0025,3.0,-1.0,Fis0506-1
,3.0,1.0,Fis0506-1
c0025,3.0,2.0,Fis0506-1
c0025,3.0,3.0,Fis0506-1
c0025,3.0,4.0,Fis0506-1
c0025,3.0,5.0,Fis0506-1
c0033,3.0,2.0,Fis0506-1
c0033,3.0,3.0,Fis0506-1
c0033,3.0,,Fis0506-1
c0033,3.0,5.0,Fis0506-1
c8888,4.0,0.0,Fis0506-1
c0033,4.0,1.0,Fis0506-1
c0033,4.0,2.0,Fis0506-1
c8888,4.0,3.0,Fis0506-1
c0033,-1.0,4.0,Fis0506-1
c0033,4.0,5.0,Fis0506-1
c0071,0.0,0.0,Fis0506-1
c0071,0.0,1.0,Fis0506-1
c0071,0.0,2.0,Fis0506-1
c0071,1.0,0.0,Fis0506-1
c0071,1.0,1.0,Fis0506-1
c0071,1.0,2.0,Fis0506-1
c0071,2.0,0.0,Fis0506-1
c0071,2.0,1.0,Fis0506-1
c0071,2.0,2.0,Fis0506-1
c8888,10.0,0.0,Fis0506-1
c0071,3.0,1.0,Fis0506-1
c0071,3.0,2.0,Fis0506-1
c0071,4.0,0.0,Fis0506-1
c8888,4.0,1.0,Fis0506-1
c0071,4.0,2.0,Fis0506-1
c0211,0.0,2.0,Ing0203-2
c0211,0.0,3.0,Ing0203-2
c0211,0.0,4.0,Ing0203-2
c0211,1.0,2.0,Ing0203-2
c0211,1.0,3.0,Ing0203-2
c0211,1.0,4.0,Ing0203-2
c0211,2.0,2.0,Ing0203-2
c8888,2.0,3.0,Ing0203-2
,2.0,4.0,Ing0203-2
c0211,3.0,2.0,Ing0203-2
c8888,3.0,3.0,Ing0203-2
c0211,3.0,4.0,Ing0203-2
c0211,10.0,2.0,Ing0203-2
c0211,4.0,3.0,Ing0203-2
c0211,4.0,4.0,Ing0203-2
c0095,0.0,2.0,Ing0203-2
c0095,0.0,3.0,Ing0203-2
c0095,,4.0,Ing0203-2
c0095,1.0,2.0,Ing0203-2
c0095,1.0,-1.0,Ing0203-2
c0095,1.0,4.0,Ing0203-2
c0095,2.0,2.0,Ing0203-2
c0095,2.0,3.0,Ing0203-2
c0095,2.0,4.0,Ing0203-2
c0095,3.0,0.0,Ing0203-2
c0095,3.0,1.0,Ing0203-2
c0095,3.0,2.0,Ing0203-2
c0095,3.0,3.0,Ing0203-2
c0095,3.0,4.0,Ing0203-2
c0095,4.0,0.0,Ing0203-2
c0095,4.0,1.0,Ing0203-2
c0095,4.0,2.0,Ing0203-2
c0095,4.0,3.0,Ing0203-2
c0095,4.0,,Ing0203-2
c0103,0.0,2.0,Ing0203-2
c0103,1.0,2.0,Ing0203-2
c0103,2.0,,Ing0203-2
c0103,3.0,2.0,Ing0203-2
c0103,4.0,2.0,Ing0203-2
c0111,0.0,0.0,Ing0203-2
c8888,1.0,0.0,Ing0203-2
c0111,2.0,10.0,Ing0203-2
c0111,3.0,0.0,Ing0203-2
c0111,4.0,0.0,Ing0203-2
c0115,0.0,0.0,Ing0203-2
c0115,0.0,1.0,Ing0203-2
c0115,3.0,0.0,Ing0203-2
c0115,3.0,1.0,Ing0203-2
c0115,3.0,2.0,Ing0203-2
c0115,3.0,3.0,Ing0203-2
c0115,3.0,4.0,Ing0203-2
c0115,4.0,0.0,Ing0203-2
c0115,4.0,1.0,Ing0203-2
c0115,4.0,2.0,Ing0203-2
c8888,4.0,3.0,Ing0203-2
c0115,4.0,4.0,Ing0203-2
c0119,0.0,0.0,Ing0203-2
c0119,0.0,4.0,Ing0203-2
c0119,1.0,0.0,Ing0203-2
c0119,1.0,-1.0,Ing0203-2
c0119,2.0,,Ing0203-2
c0119,3.0,0.0,Ing0203-2
c8888,3.0,4.0,Ing0203-2
c0119,4.0,0.0,Ing0203-2
c0127,0.0,2.0,Ing0203-2
c8888,0.0,3.0,Ing0203-2
c0127,0.0,4.0,Ing0203-2
c0127,1.0,2.0,Ing0203-2
c0127,1.0,3.0,Ing0203-2
c0127,10.0,4.0,Ing0203-2
c0127,2.0,2.0,Ing0203-2
c0127,2.0,3.0,Ing0203-2
c0127,2.0,4.0,Ing0203-2
c0127,3.0,2.0,Ing0203-2
c0127,3.0,3.0,Ing0203-2
c0127,3.0,4.0,Ing0203-2
c0127,4.0,2.0,Ing0203-2
c0127,4.0,3.0,Ing0203-2
c0127,4.0,4.0,Ing0203-2
c0019,0.0,0.0,Ing0203-2
c0019,0.0,1.0,Ing0203-2
c0019,10.0,2.0,Ing0203-2
c0019,0.0,3.0,Ing0203-2
c8888,0.0,4.0,Ing0203-2
c0020,0.0,,Ing0203-2
c0020,0.0,1.0,Ing0203-2
c0020,1.0,0.0,Ing0203-2
c0020,2.0,0.0,Ing0203-2
c0020,3.0,0.0,Ing0203-2
c0020,4.0,0.0,Ing0203-2
c0020,4.0,3.0,Ing0203-2
c0020,10.0,4.0,Ing0203-2
c0023,0.0,0.0,Ing0203-2
c0023,0.0,1.0,Ing0203-2
c0023,0.0,2.0,Ing0203-2
c0023,0.0,3.0,Ing0203-2
c8888,0.0,10.0,Ing0203-2
c0023,4.0,2.0,Ing0203-2
c0023,4.0,3.0,Ing0203-2
c0023,4.0,4.0,Ing0203-2
c0080,0.0,2.0,Ing0203-2
c0080,0.0,3.0,Ing0203-2
c0080,0.0,4.0,Ing0203-2
c0080,1.0,4.0,Ing0203-2
c0080,2.0,2.0,Ing0203-2
c8888,2.0,4.0,Ing0203-2
c0080,3.0,4.0,Ing0203-2
c0080,4.0,4.0,Ing0203-2
c0088,0.0,10.0,Ing0203-2
c8888,1.0,0.0,Ing0203-2
c0088,2.0,0.0,Ing0203-2
c0088,3.0,0.0,Ing0203-2
c0088,4.0,0.0,Ing0203-2
c0044,0.0,2.0,Ing0203-2
c0044,0.0,3.0,Ing0203-2
c0044,0.0,4.0,Ing0203-2
c0044,1.0,2.0,Ing0203-2
c0044,-1.0,3.0,Ing0203-2
c0044,1.0,4.0,Ing0203-2
c0044,2.0,2.0,Ing0203-2
c0044,2.0,-1.0,Ing0203-2
c0044,2.0,4.0,Ing0203-2
,3.0,2.0,Ing0203-2
c0044,3.0,3.0,Ing0203-2
c0044,3.0,4.0,Ing0203-2
c0044,4.0,0.0,Ing0203-2
c0044,4.0,1.0,Ing0203-2
c0044,4.0,2.0,Ing0203-2
c0044,4.0,3.0,Ing0203-2
c0044,4.0,4.0,Ing0203-2
c8888,0.0,0.0,Ing0203-2
c0110,0.0,1.0,Ing0203-2
c0110,1.0,0.0,Ing0203-2
c0110,2.0,0.0,Ing0203-2
c0110,3.0,0.0,Ing0203-2
c0110,4.0,0.0,Ing0203-2
c0110,4.0,1.0,Ing0203-2
c0110,4.0,2.0,Ing0203-2
c0110,4.0,3.0,Ing0203-2
c0110,4.0,4.0,Ing0203-2
c0058,0.0,0.0,Ing0203-2
c0058,0.0,1.0,Ing0203-2
c0058,1.0,0.0,Ing0203-2
c0058,2.0,0.0,Ing0203-2
c0058,3.0,0.0,Ing0203-2
c0058,4.0,0.0,Ing0203-2
c0058,4.0,1.0,Ing0203-2
c0058,4.0,2.0,Ing0203-2
c0058,4.0,3.0,Ing0203-2
,4.0,4.0,Ing0203-2
c0061,0.0,0.0,Ing0203-2
c0061,0.0,1.0,Ing0203-2
c0061,0.0,2.0,Ing0203-2
c8888,0.0,3.0,Ing0203-2
c8888,0.0,-1.0,Ing0203-2
c0061,4.0,2.0,Ing0203-2
c0061,4.0,3.0,Ing0203-2
c0061,4.0,4.0,Ing0203-2
c0074,1.0,1.0,Ing0203-2
c0074,1.0,2.0,Ing0203-2
c0074,1.0,3.0,Ing0203-2
c8888,1.0,4.0,Ing0203-2
c8888,2.0,1.0,Ing0203-2
c0074,2.0,2.0,Ing0203-2
c0074,2.0,3.0,Ing0203-2
c8888,2.0,4.0,Ing0203-2
c0213,0.0,0.0,Ing0203-2
c0213,0.0,1.0,Ing0203-2
c0213,0.0,2.0,Ing0203-2
c0213,0.0,3.0,Ing0203-2
c0213,0.0,4.0,Ing0203-2
c0213,1.0,0.0,Ing0203-2
c0213,1.0,1.0,Ing0203-2
c0213,1.0,2.0,Ing0203-2
c8888,1.0,3.0,Ing0203-2
c0213,1.0,4.0,Ing0203-2
c0213,2.0,2.0,Ing0203-2
c0213,2.0,3.0,Ing0203-2
c0213,2.0,4.0,Ing0203-2
c0213,3.0,2.0,Ing0203-2
c0213,3.0,3.0,Ing0203-2
c0213,3.0,4.0,Ing0203-2
c0213,4.0,2.0,Ing0203-2
c0213,4.0,,Ing0203-2
c0213,,10.0,Ing0203-2
c0219,3.0,0.0,Ing0203-2
c0219,3.0,1.0,Ing0203-2
c8888,3.0,,Ing0203-2
c8888,3.0,3.0,Ing0203-2
c0219,,4.0,Ing0203-2
c0219,4.0,2.0,Ing0203-2
c0219,4.0,3.0,Ing0203-2
c0219,,4.0,Ing0203-2
c0178,0.0,2.0,Ing0203-2
c0178,0.0,3.0,Ing0203-2
c0178,0.0,4.0,Ing0203-2
c0178,1.0,2.0,Ing0203-2
c0178,1.0,,Ing0203-2
c0178,1.0,4.0,Ing0203-2
c0178,2.0,10.0,Ing0203-2
c0178,2.0,3.0,Ing0203-2
c0178,2.0,4.0,Ing0203-2
c0178,3.0,,Ing0203-2
c0178,3.0,3.0,Ing0203-2
c8888,3.0,4.0,Ing0203-2
c0178,4.0,2.0,Ing0203-2
c0178,4.0,3.0,Ing0203-2
c0178,4.0,4.0,Ing0203-2
c0186,0.0,0.0,Ing0203-2
c0186,0.0,,Ing0203-2
c0186,0.0,2.0,Ing0203-2
c0186,0.0,3.0,Ing0203-2
c0186,0.0,4.0,Ing0203-2
c0186,1.0,0.0,Ing0203-2
c0186,1.0,1.0,Ing0203-2
c0186,1.0,2.0,Ing0203-2
c0186,1.0,3.0,Ing0203-2
c0186,1.0,4.0,Ing0203-2
c0186,4.0,4.0,Ing0203-2
c0193,0.0,0.0,Ing0203-2
c0193,0.0,1.0,Ing0203-2
c0193,0.0,2.0,Ing0203-2
c0108,0.0,2.0,Ing0203-2
c0108,0.0,3.0,Ing0203-2
c0108,0.0,4.0,Ing0203-2
c0108,1.0,2.0,Ing0203-2
c0108,1.0,3.0,Ing0203-2
c0108,1.0,4.0,Ing0203-2
c0108,2.0,2.0,Ing0203-2
c0108,2.0,3.0,Ing0203-2
c0108,2.0,4.0,Ing0203-2
c0108,3.0,2.0,Ing0203-2
c0108,3.0,3.0,Ing0203-2
c0108,3.0,4.0,Ing0203-2
c0108,4.0,2.0,Ing0203-2
c0108,4.0,3.0,Ing0203-2
c0108,4.0,4.0,Ing0203-2
c0056,0.0,2.0,Ing0203-2
c0056,0.0,3.0,Ing0203-2
c0056,0.0,4.0,Ing0203-2
c0056,1.0,2.0,Ing0203-2
c0056,1.0,3.0,Ing0203-2
c0056,1.0,4.0,Ing0203-2
c0056,2.0,2.0,Ing0203-2
c0056,2.0,3.0,Ing0203-2
c0056,2.0,4.0,Ing0203-2
c0056,3.0,2.0,Ing0203-2
c0056,3.0,3.0,Ing0203-2
c0056,-1.0,4.0,Ing0203-2
c0056,4.0,2.0,Ing0203-2
c0056,,3.0,Ing0203-2
c0056,4.0,4.0,Ing0203-2
c0206,0.0,2.0,Ing0203-2
c0206,0.0,3.0,Ing0203-2
c0206,0.0,4.0,Ing0203-2
c0206,1.0,2.0,Ing0203-2
c0206,1.0,3.0,Ing0203-2
c0206,,4.0,Ing0203-2
c0206,2.0,2.0,Ing0203-2
c0206,2.0,3.0,Ing0203-2
c0206,2.0,4.0,Ing0203-2
c0206,3.0,2.0,Ing0203-2
c0206,3.0,3.0,Ing0203-2
c0206,3.0,4.0,Ing0203-2
c0206,4.0,2.0,Ing0203-2
c0206,4.0,10.0,Ing0203-2
c8888,4.0,4.0,Ing0203-2
c0252,3.0,2.0,Ing0203-2
c0252,3.0,3.0,Ing0203-2
c0252,3.0,4.0,Ing0203-2
c0252,4.0,0.0,Ing0203-2
c0252,4.0,1.0,Ing0203-2
c0252,4.0,2.0,Ing0203-2
c0252,4.0,3.0,Ing0203-2
c0252,4.0,4.0,Ing0203-2
c0266,0.0,0.0,Ing0203-2
c8888,0.0,1.0,Ing0203-2
c0266,0.0,2.0,Ing0203-2
c8888,2.0,3.0,Ing0203-2
c8888,2.0,4.0,Ing0203-2
c0266,3.0,0.0,Ing0203-2
c0266,3.0,1.0,Ing0203-2
c0266,3.0,,Ing0203-2
c0266,3.0,3.0,Ing0203-2
c8888,3.0,4.0,Ing0203-2
c0266,4.0,0.0,Ing0203-2
c0266,4.0,1.0,Ing0203-2
c0266,4.0,2.0,Ing0203-2
c0266,4.0,3.0,Ing0203-2
c0266,4.0,4.0,Ing0203-2
c0238,0.0,2.0,Ing0203-2
c0238,0.0,3.0,Ing0203-2
c0238,0.0,4.0,Ing0203-2
c8888,1.0,2.0,Ing0203-2
c0238,1.0,3.0,Ing0203-2
c0238,1.0,4.0,Ing0203-2
c0238,2.0,2.0,Ing0203-2
c0238,2.0,3.0,Ing0203-2
c0238,2.0,4.0,Ing0203-2
c0238,3.0,2.0,Ing0203-2
c0238,3.0,3.0,Ing0203-2
c8888,3.0,4.0,Ing0203-2
c0238,4.0,2.0,Ing0203-2
c0238,4.0,3.0,Ing0203-2
c0238,4.0,4.0,Ing0203-2
c0076,0.0,0.0,Ing0203-2
c0076,1.0,0.0,Ing0203-2
c0076,10.0,0.0,Ing0203-2
c0076,3.0,,Ing0203-2
c0076,4.0,0.0,Ing0203-2
c0470,0.0,0.0,Ing0203-2
c8888,1.0,0.0,Ing0203-2
c0470,2.0,0.0,Ing0203-2
c0470,-1.0,0.0,Ing0203-2
c0470,4.0,0.0,Ing0203-2
c0230,0.0,2.0,Ing0203-2
c0230,1.0,2.0,Ing0203-2
c8888,2.0,0.0,Ing0203-2
c0230,2.0,1.0,Ing0203-2
c0230,2.0,2.0,Ing0203-2
c0230,4.0,2.0,Ing0203-2
c0230,4.0,3.0,Ing0203-2
c0230,4.0,-1.0,Ing0203-2
c0054,0.0,0.0,Ing0203-2
c0054,4.0,1.0,Ing0203-2
c0054,4.0,2.0,Ing0203-2
c0054,4.0,3.0,Ing0203-2
c0054,4.0,4.0,Ing0203-2
c0602,0.0,2.0,Ing0203-2
c0602,1.0,2.0,Ing0203-2
c0602,2.0,2.0,Ing0203-2
c0602,-1.0,0.0,Ing0203-2
c0602,3.0,1.0,Ing0203-2
c0602,3.0,2.0,Ing0203-2
c0602,3.0,3.0,Ing0203-2
c0602,3.0,4.0,Ing0203-2
c0602,10.0,0.0,Ing0203-2
c0602,4.0,1.0,Ing0203-2
c0602,4.0,2.0,Ing0203-2
c0602,4.0,3.0,Ing0203-2
c0602,4.0,4.0,Ing0203-2
c0559,0.0,0.0,Ing0203-2
c0559,0.0,1.0,Ing0203-2
c0559,0.0,2.0,Ing0203-2
c0559,0.0,3.0,Ing0203-2
c0559,0.0,4.0,Ing0203-2
c0559,1.0,0.0,Ing0203-2
c0559,2.0,0.0,Ing0203-2
c0559,4.0,0.0,Ing0203-2
c0069,0.0,2.0,Ing0203-2
c0069,0.0,3.0,Ing0203-2
c0069,0.0,4.0,Ing0203-2
c0069,1.0,2.0,Ing0203-2
c0069,1.0,10.0,Ing0203-2
c0069,1.0,4.0,Ing0203-2
c0069,2.0,2.0,Ing0203-2
c0069,2.0,3.0,Ing0203-2
c0069,2.0,4.0,Ing0203-2
c0069,3.0,2.0,Ing0203-2
c8888,3.0,3.0,Ing0203-2
c0069,3.0,4.0,Ing0203-2
c0069,4.0,2.0,Ing0203-2
c0069,4.0,3.0,Ing0203-2
c0069,4.0,10.0,Ing0203-2
c0288,0.0,0.0,Ing0203-2
c0288,0.0,1.0,Ing0203-2
c0288,0.0,2.0,Ing0203-2
c0288,0.0,3.0,Ing0203-2
c0288,0.0,-1.0,Ing0203-2
c0288,1.0,0.0,Ing0203-2
c0288,1.0,1.0,Ing0203-2
c0288,1.0,2.0,Ing0203-2
c0297,4.0,0.0,Ing0203-2
c0297,4.0,1.0,Ing0203-2
c8888,4.0,2.0,Ing0203-2
c0297,4.0,3.0,Ing0203-2
c0302,0.0,0.0,Ing0203-2
c0302,0.0,1.0,Ing0203-2
c0302,0.0,,Ing0203-2
c0302,0.0,3.0,Ing0203-2
c0302,0.0,4.0,Ing0203-2
c0313,,2.0,Ing0203-2
c0313,2.0,3.0,Ing0203-2
c0313,2.0,4.0,Ing0203-2
c0314,0.0,2.0,Ing0203-2
c0314,1.0,2.0,Ing0203-2
c0314,2.0,2.0,Ing0203-2
c0314,3.0,2.0,Ing0203-2
c0314,4.0,2.0,Ing0203-2
c0316,0.0,2.0,Ing0203-2
c0316,1.0,2.0,Ing0203-2
c0316,2.0,0.0,Ing0203-2
c0316,2.0,1.0,Ing0203-2
c0316,2.0,2.0,Ing0203-2
c0316,4.0,2.0,Ing0203-2
c0316,4.0,3.0,Ing0203-2
c0316,4.0,4.0,Ing0203-2
c0298,0.0,0.0,Ing0203-2
c0298,0.0,1.0,Ing0203-2
c0298,0.0,2.0,Ing0203-2
c0298,4.0,0.0,Ing0203-2
c0298,4.0,1.0,Ing0203-2
c0298,4.0,2.0,Ing0203-2
c0298,4.0,10.0,Ing0203-2
c0298,4.0,4.0,Ing0203-2
c0304,3.0,4.0,Ing0203-2
c0346,4.0,0.0,Ing0203-2
c0346,4.0,1.0,Ing0203-2
,4.0,2.0,Ing0203-2
c8888,4.0,-1.0,Ing0203-2
c0346,4.0,4.0,Ing0203-2
c0366,0.0,0.0,Ing0203-2
c0366,1.0,0.0,Ing0203-2
c8888,2.0,0.0,Ing0203-2
c0366,4.0,0.0,Ing0203-2
c8888,4.0,1.0,Ing0203-2
c0366,4.0,2.0,Ing0203-2
c0366,4.0,3.0,Ing0203-2
c0366,4.0,4.0,Ing0203-2
c0391,0.0,0.0,Ing0203-2
c0391,0.0,10.0,Ing0203-2
c0391,0.0,2.0,Ing0203-2
c0391,0.0,3.0,Ing0203-2
c0391,0.0,4.0,Ing0203-2
c0391,1.0,0.0,Ing0203-2
c0391,1.0,1.0,Ing0203-2
c0391,1.0,2.0,Ing0203-2
c0386,1.0,2.0,Ing0203-2
c0386,1.0,3.0,Ing0203-2
c0386,1.0,4.0,Ing0203-2
c0386,2.0,0.0,Ing0203-2
c0386,2.0,1.0,Ing0203-2
c0386,2.0,2.0,Ing0203-2
c0386,2.0,3.0,Ing0203-2
c0386,2.0,4.0,Ing0203-2
c0386,4.0,2.0,Ing0203-2
c0386,4.0,3.0,Ing0203-2
c0386,4.0,4.0,Ing0203-2
c0638,0.0,4.0,Ing0203-2
c0638,2.0,2.0,Ing0203-2
c0638,2.0,3.0,Ing0203-2
c0638,2.0,4.0,Ing0203-2
c0638,-1.0,4.0,Ing0203-2
c0638,10.0,2.0,Ing0203-2
c0638,4.0,3.0,Ing0203-2
c0638,4.0,4.0,Ing0203-2
c0322,0.0,0.0,Ing0203-2
c0322,1.0,0.0,Ing0203-2
c0322,3.0,0.0,Ing0203-2
c0322,4.0,0.0,Ing0203-2
c0322,,1.0,Ing0203-2
c8888,4.0,2.0,Ing0203-2
c0322,4.0,-1.0,Ing0203-2
c0322,4.0,4.0,Ing0203-2
c0323,0.0,0.0,Ing0203-2
c0323,0.0,1.0,Ing0203-2
c0323,0.0,2.0,Ing0203-2
c8888,0.0,3.0,Ing0203-2
c0323,0.0,4.0,Ing0203-2
c0323,4.0,0.0,Ing0203-2
c0323,4.0,1.0,Ing0203-2
c0323,4.0,2.0,Ing0203-2
c0323,4.0,3.0,Ing0203-2
c0323,4.0,,Ing0203-2
c0326,0.0,0.0,Ing0203-2
c0326,0.0,1.0,Ing0203-2
c0326,0.0,2.0,Ing0203-2
c8888,0.0,3.0,Ing0203-2
c0326,0.0,4.0,Ing0203-2
c0326,1.0,0.0,Ing0203-2
c0326,1.0,-1.0,Ing0203-2
c0326,1.0,2.0,Ing0203-2
c0326,1.0,3.0,Ing0203-2
c0326,1.0,4.0,Ing0203-2
c0327,0.0,10.0,Ing0203-2
c0327,0.0,1.0,Ing0203-2
c0327,0.0,2.0,Ing0203-2
c0327,0.0,3.0,Ing0203-2
c0327,0.0,4.0,Ing0203-2
c0327,1.0,0.0,Ing0203-2
c0327,2.0,0.0,Ing0203-2
c0327,4.0,0.0,Ing0203-2
c0327,4.0,3.0,Ing0203-2
c0327,4.0,4.0,Ing0203-2
c0336,1.0,2.0,Ing0203-2
c8888,1.0,3.0,Ing0203-2
c0336,1.0,4.0,Ing0203-2
c0336,2.0,0.0,Ing0203-2
c0336,2.0,1.0,Ing0203-2
c0336,2.0,2.0,Ing0203-2
c0336,2.0,3.0,Ing0203-2
c8888,2.0,4.0,Ing0203-2
c0336,3.0,0.0,Ing0203-2
c0336,3.0,1.0,Ing0203-2
c0336,3.0,2.0,Ing0203-2
c0336,3.0,3.0,Ing0203-2
c0336,3.0,4.0,Ing0203-2
c0336,4.0,0.0,Ing0203-2
c8888,4.0,1.0,Ing0203-2
c0336,4.0,2.0,Ing0203-2
c0336,4.0,3.0,Ing0203-2
c0336,4.0,4.0,Ing0203-2
c0337,0.0,0.0,Ing0203-2
c0337,0.0,1.0,Ing0203-2
c0337,0.0,2.0,Ing0203-2
c0337,,3.0,Ing0203-2
c0337,4.0,1.0,Ing0203-2
c0337,4.0,2.0,Ing0203-2
c0337,4.0,3.0,Ing0203-2
c0337,4.0,4.0,Ing0203-2
c0368,0.0,0.0,Ing0203-2
c0368,2.0,4.0,Ing0203-2
c0368,4.0,4.0,Ing0203-2
ChiGenAn,0.0,0.0,Ing0304-1
ChiGenAn,0.0,4.0,Ing0304-1
ChiGenAn,4.0,4.0,Ing0304-1
CamEleAn,0.0,0.0,Ing0304-1
CamEleAn,0.0,1.0,Ing0304-1
CamEleAn,0.0,-1.0,Ing0304-1
c8888,0.0,3.0,Ing0304-1
CamEleAn,4.0,1.0,Ing0304-1
c8888,4.0,2.0,Ing0304-1
CamEleAn,4.0,3.0,Ing0304-1
CamEleAn,4.0,4.0,Ing0304-1
FonChiAn,0.0,0.0,Ing0304-1
FonChiAn,0.0,1.0,Ing0304-1
FonChiAn,4.0,3.0,Ing0304-1
FonChiAn,4.0,4.0,Ing0304-1
StrIndAn,0.0,,Ing0304-1
c8888,1.0,2.0,Ing0304-1
StrIndAn,2.0,2.0,Ing0304-1
StrIndAn,3.0,2.0,Ing0304-1
StrIndAn,4.0,2.0,Ing0304-1
TecCosAn,1.0,0.0,Ing0304-1
TecCosAn,1.0,1.0,Ing0304-1
TecCosAn,1.0,2.0,Ing0304-1
TecCosAn,1.0,3.0,Ing0304-1
TecCosAn,1.0,4.0,Ing0304-1
TecCosAn,4.0,2.0,Ing0304-1
TecCosAn,4.0,3.0,Ing0304-1
c8888,4.0,4.0,Ing0304-1
Mat1Cn,0.0,2.0,Ing0304-1
c8888,0.0,3.0,Ing0304-1
Mat1Cn,0.0,4.0,Ing0304-1
Mat1Cn,10.0,2.0,Ing0304-1
Mat1Cn,1.0,3.0,Ing0304-1
Mat1Cn,1.0,4.0,Ing0304-1
Mat1Cn,2.0,2.0,Ing0304-1
Mat1Cn,2.0,3.0,Ing0304-1
c8888,2.0,4.0,Ing0304-1
Mat1Cn,3.0,2.0,Ing0304-1
Mat1Cn,3.0,3.0,Ing0304-1
c8888,3.0,4.0,Ing0304-1
Mat1Cn,4.0,2.0,Ing0304-1
Mat1Cn,4.0,3.0,Ing0304-1
Mat1Cn,4.0,4.0,Ing0304-1
MecRazCn,-1.0,4.0,Ing0304-1
MecRazCn,1.0,4.0,Ing0304-1
MecRazCn,-1.0,4.0,Ing0304-1
MecRazCn,3.0,4.0,Ing0304-1
MecRazCn,4.0,4.0,Ing0304-1
c8888,0.0,0.0,Ing0304-1
TecMatCn,10.0,4.0,Ing0304-1
TecMatCn,1.0,0.0,Ing0304-1
TecMatCn,1.0,4.0,Ing0304-1
TecMatCn,2.0,0.0,Ing0304-1
TecMatCn,2.0,4.0,Ing0304-1
TecMatCn,3.0,0.0,Ing0304-1
TecMatCn,3.0,4.0,Ing0304-1
c8888,0.0,0.0,Ing0304-1
c8888,0.0,1.0,Ing0304-1
ArcTecCn,0.0,2.0,Ing0304-1
c8888,4.0,10.0,Ing0304-1
ArcTecCn,4.0,1.0,Ing0304-1
ArcTecCn,4.0,2.0,Ing0304-1
ArcTecCn,4.0,3.0,Ing0304-1
ArcTecCn,4.0,4.0,Ing0304-1
,0.0,2.0,Ing0304-1
Idr2Cn,1.0,2.0,Ing0304-1
Idr2Cn,2.0,2.0,Ing0304-1
c8888,3.0,2.0,Ing0304-1
Idr2Cn,4.0,2.0,Ing0304-1
Mat1En,10.0,,Ing0304-1
Mat1En,-1.0,3.0,Ing0304-1
c8888,0.0,,Ing0304-1
c8888,1.0,2.0,Ing0304-1
Mat1En,1.0,3.0,Ing0304-1
Mat1En,1.0,4.0,Ing0304-1
Mat1En,2.0,2.0,Ing0304-1
Mat1En,2.0,3.0,Ing0304-1
Mat1En,2.0,4.0,Ing0304-1
Mat1En,3.0,2.0,Ing0304-1
Mat1En,3.0,3.0,Ing0304-1
Mat1En,3.0,4.0,Ing0304-1
Mat1En,4.0,2.0,Ing0304-1
c8888,4.0,3.0,Ing0304-1
Mat1En,4.0,4.0,Ing0304-1
RetLogEn,1.0,2.0,Ing0304-1
RetLogEn,1.0,3.0,Ing0304-1
RetLogEn,1.0,4.0,Ing0304-1
RetLogEn,2.0,0.0,Ing0304-1
RetLogEn,2.0,1.0,Ing0304-1
RetLogEn,2.0,2.0,Ing0304-1
RetLogEn,2.0,3.0,Ing0304-1
RetLogEn,2.0,4.0,Ing0304-1
RetLogEn,10.0,0.0,Ing0304-1
RetLogEn,3.0,1.0,Ing0304-1
RetLogEn,,2.0,Ing0304-1
RetLogEn,3.0,3.0,Ing0304-1
RetLogEn,3.0,4.0,Ing0304-1
RetLogEn,4.0,0.0,Ing0304-1
RetLogEn,4.0,1.0,Ing0304-1
,4.0,2.0,Ing0304-1
RetLogEn,4.0,3.0,Ing0304-1
RetLogEn,4.0,4.0,Ing0304-1
ComEleEn,0.0,0.0,Ing0304-1
ComEleEn,0.0,1.0,Ing0304-1
ComEleEn,0.0,2.0,Ing0304-1
ComEleEn,1.0,2.0,Ing0304-1
ComEleEn,3.0,2.0,Ing0304-1
ComEleEn,4.0,2.0,Ing0304-1
ComEleEn,4.0,-1.0,Ing0304-1
ComEleEn,4.0,4.0,Ing0304-1
EleSis1En,1.0,0.0,Ing0304-1
EleSis1En,1.0,1.0,Ing0304-1
c8888,1.0,2.0,Ing0304-1
EleSis1En,1.0,3.0,Ing0304-1
EleSis1En,1.0,,Ing0304-1
EleSis1En,3.0,0.0,Ing0304-1
EleSis1En,3.0,1.0,Ing0304-1
EleSis1En,3.0,2.0,Ing0304-1
MetMatEn,0.0,4.0,Ing0304-1
MetMatEn,1.0,4.0,Ing0304-1
MetMatEn,2.0,4.0,Ing0304-1
MetMatEn,3.0,4.0,Ing0304-1
MetMatEn,4.0,4.0,Ing0304-1
RetCal1G1n,3.0,0.0,Ing0304-1
RetCal1G1n,3.0,1.0,Ing0304-1
RetCal1G1n,3.0,2.0,Ing0304-1
RetCal1G1n,3.0,3.0,Ing0304-1
RetCal1G1n,3.0,4.0,Ing0304-1
RetCal1G1n,4.0,2.0,Ing0304-1
c8888,4.0,3.0,Ing0304-1
RetCal1G1n,4.0,4.0,Ing0304-1
Mat1G2n,0.0,2.0,Ing0304-1
Mat1G2n,0.0,3.0,Ing0304-1
Mat1G2n,0.0,4.0,Ing0304-1
c8888,10.0,2.0,Ing0304-1
Mat1G2n,1.0,,Ing0304-1
Mat1G2n,1.0,4.0,Ing0304-1
Mat1G2n,2.0,2.0,Ing0304-1
Mat1G2n,2.0,3.0,Ing0304-1
Mat1G2n,2.0,4.0,Ing0304-1
Mat1G2n,3.0,2.0,Ing0304-1
,3.0,3.0,Ing0304-1
Mat1G2n,-1.0,4.0,Ing0304-1
Mat1G2n,4.0,2.0,Ing0304-1
Mat1G2n,4.0,3.0,Ing0304-1
Mat1G2n,4.0,,Ing0304-1
ChiG2n,0.0,0.0,Ing0304-1
ChiG2n,0.0,4.0,Ing0304-1
ChiG2n,4.0,4.0,Ing0304-1
TerAppG2n,0.0,2.0,Ing0304-1
TerAppG2n,1.0,2.0,Ing0304-1
,2.0,2.0,Ing0304-1
TerAppG2n,4.0,10.0,Ing0304-1
TerAppG2n,4.0,-1.0,Ing0304-1
TerAppG2n,4.0,,Ing0304-1
TerAppG2n,4.0,3.0,Ing0304-1
TerAppG2n,4.0,4.0,Ing0304-1
CalProG2n,0.0,2.0,Ing0304-1
CalProG2n,1.0,2.0,Ing0304-1
CalProG2n,2.0,2.0,Ing0304-1
CalProG2n,3.0,2.0,Ing0304-1
CalProG2n,4.0,0.0,Ing0304-1
CalProG2n,4.0,1.0,Ing0304-1
CalProG2n,4.0,2.0,Ing0304-1
CalProG2n,4.0,3.0,Ing0304-1
CalProG2n,4.0,4.0,Ing0304-1
Mat1Mn,0.0,2.0,Ing0304-1
Mat1Mn,0.0,3.0,Ing0304-1
Mat1Mn,0.0,4.0,Ing0304-1
Mat1Mn,1.0,2.0,Ing0304-1
Mat1Mn,1.0,3.0,Ing0304-1
Mat1Mn,1.0,4.0,Ing0304-1
Mat1Mn,2.0,2.0,Ing0304-1
Mat1Mn,2.0,3.0,Ing0304-1
Mat1Mn,2.0,4.0,Ing0304-1
Mat1Mn,3.0,2.0,Ing0304-1
c8888,3.0,3.0,Ing0304-1
Mat1Mn,3.0,4.0,Ing0304-1
Mat1Mn,4.0,2.0,Ing0304-1
Mat1Mn,4.0,3.0,Ing0304-1
Mat1Mn,-1.0,4.0,Ing0304-1
DisIndMn,0.0,0.0,Ing0304-1
DisIndMn,0.0,1.0,Ing0304-1
DisIndMn,0.0,2.0,Ing0304-1
c8888,0.0,3.0,Ing0304-1
DisIndMn,0.0,4.0,Ing0304-1
DisIndMn,1.0,0.0,Ing0304-1
DisIndMn,1.0,1.0,Ing0304-1
DisIndMn,4.0,3.0,Ing0304-1
DisIndMn,4.0,4.0,Ing0304-1
ComMecMn,0.0,2.0,Ing0304-1
ComMecMn,0.0,3.0,Ing0304-1
ComMecMn,1.0,2.0,Ing0304-1
ComMecMn,2.0,2.0,Ing0304-1
ComMecMn,3.0,2.0,Ing0304-1
ComMecMn,4.0,2.0,Ing0304-1
ComMecMn,4.0,3.0,Ing0304-1
ComMecMn,4.0,4.0,Ing0304-1
CosMacMn,0.0,0.0,Ing0304-1
CosMacMn,0.0,1.0,Ing0304-1
CosMacMn,0.0,2.0,Ing0304-1
CosMacMn,0.0,3.0,Ing0304-1
CosMacMn,0.0,4.0,Ing0304-1
CosMacMn,4.0,2.0,Ing0304-1
CosMacMn,4.0,3.0,Ing0304-1
CosMacMn,4.0,4.0,Ing0304-1
TecMec1Mn,0.0,0.0,Ing0304-1
TecMec1Mn,0.0,1.0,Ing0304-1
TecMec1Mn,0.0,2.0,Ing0304-1
TecMec1Mn,4.0,0.0,Ing0304-1
TecMec1Mn,4.0,10.0,Ing0304-1
TecMec1Mn,4.0,10.0,Ing0304-1
TecMec1Mn,4.0,10.0,Ing0304-1
c8888,4.0,,Ing0304-1
c8888,0.0,0.0,Ing0304-1
IdrNumAns,0.0,1.0,Ing0304-1
IdrNumAns,0.0,2.0,Ing0304-1
,3.0,1.0,Ing0304-1
IdrNumAns,3.0,2.0,Ing0304-1
IdrNumAns,4.0,0.0,Ing0304-1
IdrNumAns,4.0,1.0,Ing0304-1
IdrNumAns,4.0,2.0,Ing0304-1
PriIngAns,0.0,0.0,Ing0304-1
c8888,0.0,2.0,Ing0304-1
PriIngAns,1.0,0.0,Ing0304-1
PriIngAns,1.0,2.0,Ing0304-1
PriIngAns,2.0,10.0,Ing0304-1
PriIngAns,3.0,0.0,Ing0304-1
PriIngAns,4.0,0.0,Ing0304-1
StaAns,0.0,2.0,Ing0304-1
StaAns,1.0,2.0,Ing0304-1
StaAns,2.0,-1.0,Ing0304-1
StaAns,3.0,2.0,Ing0304-1
StaAns,4.0,0.0,Ing0304-1
StaAns,4.0,-1.0,Ing0304-1
StaAns,4.0,2.0,Ing0304-1
StaAns,4.0,3.0,Ing0304-1
StaAns,4.0,4.0,Ing0304-1
c8888,0.0,0.0,Ing0304-1
c8888,0.0,1.0,Ing0304-1
ArcTecCns,0.0,2.0,Ing0304-1
ArcTecCns,4.0,0.0,Ing0304-1
ArcTecCns,4.0,1.0,Ing0304-1
ArcTecCns,4.0,10.0,Ing0304-1
ArcTecCns,4.0,3.0,Ing0304-1
ArcTecCns,4.0,4.0,Ing0304-1
EleTel1Ens,0.0,0.0,Ing0304-1
EleTel1Ens,0.0,1.0,Ing0304-1
EleTel1Ens,0.0,2.0,Ing0304-1
EleTel1Ens,0.0,3.0,Ing0304-1
EleTel1Ens,0.0,4.0,Ing0304-1
EleTel1Ens,4.0,2.0,Ing0304-1
EleTel1Ens,-1.0,3.0,Ing0304-1
EleTel1Ens,4.0,4.0,Ing0304-1
AppIndGns,0.0,0.0,Ing0304-1
AppIndGns,0.0,1.0,Ing0304-1
c8888,0.0,2.0,Ing0304-1
AppIndGns,0.0,3.0,Ing0304-1
AppIndGns,0.0,4.0,Ing0304-1
AppIndGns,1.0,-1.0,Ing0304-1
AppIndGns,1.0,2.0,Ing0304-1
AppIndGns,2.0,2.0,Ing0304-1
AppIndGns,10.0,3.0,Ing0304-1
AppIndGns,2.0,4.0,Ing0304-1
AppIndGns,3.0,2.0,Ing0304-1
AppIndGns,3.0,4.0,Ing0304-1
AppIndGns,4.0,,Ing0304-1
AppIndGns,4.0,1.0,Ing0304-1
AppIndGns,4.0,2.0,Ing0304-1
AppIndGns,4.0,3.0,Ing0304-1
AppIndGns,4.0,4.0,Ing0304-1
c8888,3.0,0.0,Ing0304-1
c8888,3.0,1.0,Ing0304-1
RetCal2Gns,3.0,2.0,Ing0304-1
RetCal2Gns,3.0,3.0,Ing0304-1
RetCal2Gns,3.0,4.0,Ing0304-1
c8888,4.0,2.0,Ing0304-1
RetCal2Gns,4.0,3.0,Ing0304-1
RetCal2Gns,4.0,4.0,Ing0304-1
TecCos1Cv,0.0,2.0,Ing0304-1
TecCos1Cv,-1.0,2.0,Ing0304-1
TecCos1Cv,10.0,2.0,Ing0304-1
TecCos1Cv,3.0,10.0,Ing0304-1
TecCos1Cv,10.0,2.0,Ing0304-1
StoArcCv,0.0,0.0,Ing0304-1
StoArcCv,-1.0,1.0,Ing0304-1
StoArcCv,0.0,2.0,Ing0304-1
c8888,10.0,3.0,Ing0304-1
StoArcCv,0.0,4.0,Ing0304-1
TeoStr1Cv,0.0,0.0,Ing0304-1
TeoStr1Cv,0.0,1.0,Ing0304-1
TeoStr1Cv,0.0,2.0,Ing0304-1
TeoStr1Cv,1.0,-1.0,Ing0304-1
TeoStr1Cv,1.0,1.0,Ing0304-1
TeoStr1Cv,1.0,2.0,Ing0304-1
TeoStr1Cv,2.0,3.0,Ing0304-1
TeoStr1Cv,2.0,4.0,Ing0304-1
ArcComCv,0.0,2.0,Ing0304-1
ArcComCv,1.0,2.0,Ing0304-1
ArcComCv,2.0,1.0,Ing0304-1
ArcComCv,2.0,2.0,Ing0304-1
ArcComCv,2.0,3.0,Ing0304-1
ArcComCv,3.0,-1.0,Ing0304-1
CalAut1Cv,0.0,0.0,Ing0304-1
CalAut1Cv,0.0,1.0,Ing0304-1
CalAut1Cv,0.0,2.0,Ing0304-1
CalAut1Cv,0.0,3.0,Ing0304-1
CalAut1Cv,0.0,4.0,Ing0304-1
CalAut1Cv,1.0,0.0,Ing0304-1
CalAut1Cv,1.0,1.0,Ing0304-1
CalAut1Cv,1.0,2.0,Ing0304-1
CosZonCv,0.0,2.0,Ing0304-1
CosZonCv,1.0,2.0,Ing0304-1
CosZonCv,2.0,2.0,Ing0304-1
c8888,3.0,2.0,Ing0304-1
c8888,4.0,2.0,Ing0304-1
CosZonCv,-1.0,4.0,Ing0304-1
ImpTec1Cv,4.0,4.0,Ing0304-1
IdrAppCv,0.0,2.0,Ing0304-1
IdrAppCv,0.0,4.0,Ing0304-1
IdrAppCv,2.0,2.0,Ing0304-1
c8888,2.0,4.0,Ing0304-1
IdrAppCv,4.0,4.0,Ing0304-1
CalEle1Ev,10.0,4.0,Ing0304-1
CalEle1Ev,1.0,4.0,Ing0304-1
CalEle1Ev,2.0,4.0,Ing0304-1
CalEle1Ev,3.0,10.0,Ing0304-1
CalEle1Ev,4.0,4.0,Ing0304-1
CamEle1Ev,0.0,0.0,Ing0304-1
CamEle1Ev,0.0,1.0,Ing0304-1
CamEle1Ev,0.0,2.0,Ing0304-1
CamEle1Ev,0.0,3.0,Ing0304-1
CamEle1Ev,4.0,1.0,Ing0304-1
CamEle1Ev,4.0,2.0,Ing0304-1
CamEle1Ev,4.0,3.0,Ing0304-1
CamEle1Ev,4.0,4.0,Ing0304-1
EleIndEv,3.0,3.0,Ing0304-1
EleIndEv,3.0,4.0,Ing0304-1
EleIndEv,4.0,0.0,Ing0304-1
EleIndEv,4.0,1.0,Ing0304-1
EleIndEv,4.0,2.0,Ing0304-1
EleIndEv,-1.0,3.0,Ing0304-1
EleIndEv,4.0,4.0,Ing0304-1
GesAziGv,4.0,0.0,Ing0304-1
GesAziGv,4.0,1.0,Ing0304-1
GesAziGv,4.0,2.0,Ing0304-1
GesAziGv,4.0,3.0,Ing0304-1
GesAziGv,4.0,4.0,Ing0304-1
ChiInd1Gv,0.0,0.0,Ing0304-1
ChiInd1Gv,0.0,1.0,Ing0304-1
c8888,4.0,0.0,Ing0304-1
ChiInd1Gv,4.0,1.0,Ing0304-1
ChiInd1Gv,4.0,2.0,Ing0304-1
ChiInd1Gv,4.0,3.0,Ing0304-1
ChiInd1Gv,4.0,4.0,Ing0304-1
OrgPro1Gv,0.0,0.0,Ing0304-1
OrgPro1Gv,0.0,1.0,Ing0304-1
OrgPro1Gv,0.0,2.0,Ing0304-1
OrgPro1Gv,0.0,3.0,Ing0304-1
OrgPro1Gv,0.0,4.0,Ing0304-1
OrgPro1Gv,4.0,2.0,Ing0304-1
OrgPro1Gv,10.0,3.0,Ing0304-1
OrgPro1Gv,4.0,4.0,Ing0304-1
Mac1Mv,0.0,2.0,Ing0304-1
Mac1Mv,1.0,2.0,Ing0304-1
Mac1Mv,2.0,2.0,Ing0304-1
Mac1Mv,3.0,2.0,Ing0304-1
Mac1Mv,4.0,2.0,Ing0304-1
TerAppMv,0.0,0.0,Ing0304-1
TerAppMv,0.0,1.0,Ing0304-1
TerAppMv,0.0,,Ing0304-1
TerAppMv,4.0,4.0,Ing0304-1
DisAssMv,0.0,0.0,Ing0304-1
,0.0,1.0,Ing0304-1
DisAssMv,0.0,2.0,Ing0304-1
DisAssMv,4.0,3.0,Ing0304-1
c8888,4.0,4.0,Ing0304-1
MecVibMn,0.0,2.0,Ing0304-1
MecVibMn,1.0,2.0,Ing0304-1
MecVibMn,2.0,2.0,Ing0304-1
MecVibMn,3.0,2.0,Ing0304-1
MecVibMn,4.0,2.0,Ing0304-1
c0012,0.0,0.0,Ing0405-3
c0012,0.0,1.0,Ing0405-3
c0012,0.0,2.0,Ing0405-3
c0012,0.0,3.0,Ing0405-3
c0012,-1.0,4.0,Ing0405-3
c0013,0.0,0.0,Ing0405-3
c0013,0.0,2.0,Ing0405-3
c0013,1.0,2.0,Ing0405-3
c0013,2.0,0.0,Ing0405-3
c0013,2.0,2.0,Ing0405-3
c0013,3.0,2.0,Ing0405-3
c8888,4.0,0.0,Ing0405-3
c0013,4.0,2.0,Ing0405-3
c0014,3.0,0.0,Ing0405-3
c8888,3.0,-1.0,Ing0405-3
c0014,3.0,2.0,Ing0405-3
c0014,3.0,3.0,Ing0405-3
c0014,3.0,4.0,Ing0405-3
c0014,4.0,0.0,Ing0405-3
c0014,4.0,1.0,Ing0405-3
c0014,4.0,2.0,Ing0405-3
c8888,4.0,3.0,Ing0405-3
c0014,4.0,4.0,Ing0405-3
c0045,0.0,,Ing0405-3
c0045,0.0,4.0,Ing0405-3
c0045,1.0,0.0,Ing0405-3
c0045,1.0,4.0,Ing0405-3
c0045,2.0,0.0,Ing0405-3
c0045,3.0,0.0,Ing0405-3
c0045,4.0,-1.0,Ing0405-3
c0045,4.0,1.0,Ing0405-3
c0052,0.0,0.0,Ing0405-3
c0052,,1.0,Ing0405-3
c0052,0.0,2.0,Ing0405-3
c0052,1.0,0.0,Ing0405-3
c0052,-1.0,1.0,Ing0405-3
c0052,1.0,2.0,Ing0405-3
c0052,1.0,3.0,Ing0405-3
c0052,1.0,4.0,Ing0405-3
c0053,2.0,2.0,Ing0405-3
c0053,10.0,3.0,Ing0405-3
c0053,2.0,4.0,Ing0405-3
c0053,3.0,0.0,Ing0405-3
c0053,3.0,1.0,Ing0405-3
c0053,3.0,2.0,Ing0405-3
c0053,3.0,3.0,Ing0405-3
c0053,3.0,4.0,Ing0405-3
c0057,0.0,0.0,Ing0405-3
c0057,0.0,4.0,Ing0405-3
c8888,1.0,0.0,Ing0405-3
c0057,,4.0,Ing0405-3
c0057,2.0,0.0,Ing0405-3
c0057,3.0,0.0,Ing0405-3
c0057,4.0,0.0,Ing0405-3
c0057,4.0,4.0,Ing0405-3
c0060,0.0,2.0,Ing0405-3
c0060,0.0,3.0,Ing0405-3
c0060,1.0,2.0,Ing0405-3
c0060,1.0,3.0,Ing0405-3
c0060,4.0,1.0,Ing0405-3
c0060,4.0,2.0,Ing0405-3
c0060,,3.0,Ing0405-3
c0060,4.0,4.0,Ing0405-3
c0094,0.0,2.0,Ing0405-3
c0094,1.0,2.0,Ing0405-3
c0094,2.0,2.0,Ing0405-3
c0094,3.0,-1.0,Ing0405-3
c0094,4.0,2.0,Ing0405-3
c0094,4.0,3.0,Ing0405-3
c0094,4.0,4.0,Ing0405-3
c0107,0.0,2.0,Ing0405-3
c8888,0.0,3.0,Ing0405-3
c0107,0.0,4.0,Ing0405-3
c0107,3.0,3.0,Ing0405-3
c0107,10.0,4.0,Ing0405-3
c0107,4.0,2.0,Ing0405-3
c0107,4.0,3.0,Ing0405-3
c0107,4.0,4.0,Ing0405-3
c0112,3.0,0.0,Ing0405-3
c0112,3.0,1.0,Ing0405-3
c0112,,2.0,Ing0405-3
c0112,3.0,3.0,Ing0405-3
c0112,3.0,-1.0,Ing0405-3
c0112,4.0,0.0,Ing0405-3
c0112,4.0,1.0,Ing0405-3
c8888,4.0,2.0,Ing0405-3
c8888,4.0,3.0,Ing0405-3
c0112,4.0,4.0,Ing0405-3
c0114,-1.0,0.0,Ing0405-3
c0114,1.0,0.0,Ing0405-3
c0114,2.0,0.0,Ing0405-3
c0114,3.0,0.0,Ing0405-3
c0114,3.0,,Ing0405-3
c0114,3.0,2.0,Ing0405-3
,3.0,3.0,Ing0405-3
c0114,3.0,4.0,Ing0405-3
c0116,0.0,0.0,Ing0405-3
c0116,0.0,1.0,Ing0405-3
c8888,,2.0,Ing0405-3
c0116,1.0,0.0,Ing0405-3
c0116,1.0,1.0,Ing0405-3
c0116,1.0,2.0,Ing0405-3
c0116,1.0,3.0,Ing0405-3
c0116,1.0,4.0,Ing0405-3
c0117,0.0,0.0,Ing0405-3
c0117,0.0,2.0,Ing0405-3
c0117,0.0,3.0,Ing0405-3
c0117,0.0,4.0,Ing0405-3
c0117,1.0,0.0,Ing0405-3
c0117,1.0,2.0,Ing0405-3
c0117,1.0,3.0,Ing0405-3
c0117,1.0,4.0,Ing0405-3
c8888,10.0,0.0,Ing0405-3
c0117,2.0,2.0,Ing0405-3
c0117,2.0,3.0,Ing0405-3
c0117,2.0,4.0,Ing0405-3
c0117,3.0,0.0,Ing0405-3
c0117,3.0,2.0,Ing0405-3
c0117,3.0,3.0,Ing0405-3
c0117,3.0,4.0,Ing0405-3
c0117,4.0,0.0,Ing0405-3
c0117,4.0,2.0,Ing0405-3
c0117,4.0,3.0,Ing0405-3
c0117,4.0,4.0,Ing0405-3
c0130,0.0,0.0,Ing0405-3
c0130,0.0,1.0,Ing0405-3
c0130,0.0,2.0,Ing0405-3
c0130,0.0,3.0,Ing0405-3
c0130,0.0,4.0,Ing0405-3
c0130,1.0,0.0,Ing0405-3
c0130,1.0,1.0,Ing0405-3
c0130,1.0,,Ing0405-3
c8888,1.0,3.0,Ing0405-3
c0130,3.0,2.0,Ing0405-3
c0130,4.0,2.0,Ing0405-3
c0130,4.0,4.0,Ing0405-3
c0148,0.0,2.0,Ing0405-3
c0148,1.0,2.0,Ing0405-3
c0148,1.0,4.0,Ing0405-3
c0149,0.0,2.0,Ing0405-3
c0149,1.0,2.0,Ing0405-3
c8888,1.0,4.0,Ing0405-3
c8888,0.0,2.0,Ing0405-3
c0150,1.0,2.0,Ing0405-3
c0150,,4.0,Ing0405-3
c0162,3.0,0.0,Ing0405-3
c0162,3.0,1.0,Ing0405-3
c0162,3.0,2.0,Ing0405-3
c0162,3.0,3.0,Ing0405-3
c8888,3.0,4.0,Ing0405-3
c0162,4.0,0.0,Ing0405-3
c0162,4.0,1.0,Ing0405-3
c0162,4.0,2.0,Ing0405-3
c8888,4.0,3.0,Ing0405-3
c0162,4.0,4.0,Ing0405-3
c0163,3.0,0.0,Ing0405-3
c0163,3.0,1.0,Ing0405-3
c0163,3.0,2.0,Ing0405-3
c8888,3.0,3.0,Ing0405-3
c0163,3.0,4.0,Ing0405-3
c0163,4.0,0.0,Ing0405-3
c0163,4.0,1.0,Ing0405-3
c0163,4.0,2.0,Ing0405-3
c0163,4.0,3.0,Ing0405-3
c0163,4.0,4.0,Ing0405-3
c0177,0.0,2.0,Ing0405-3
c0177,1.0,2.0,Ing0405-3
c0177,2.0,2.0,Ing0405-3
c0177,3.0,2.0,Ing0405-3
c0177,4.0,2.0,Ing0405-3
c0177,4.0,10.0,Ing0405-3
c0177,,4.0,Ing0405-3
c0198,1.0,3.0,Ing0405-3
c0198,1.0,4.0,Ing0405-3
c0198,2.0,3.0,Ing0405-3
c0198,2.0,4.0,Ing0405-3
c8888,4.0,1.0,Ing0405-3
c0198,4.0,2.0,Ing0405-3
c0198,,3.0,Ing0405-3
c0198,4.0,4.0,Ing0405-3
c0223,0.0,0.0,Ing0405-3
c0223,0.0,2.0,Ing0405-3
c0223,1.0,2.0,Ing0405-3
c0223,2.0,0.0,Ing0405-3
c0223,2.0,2.0,Ing0405-3
c0223,3.0,2.0,Ing0405-3
c0223,4.0,0.0,Ing0405-3
c0223,4.0,2.0,Ing0405-3
c8888,1.0,4.0,Ing0405-3
c0224,2.0,4.0,Ing0405-3
c0224,3.0,4.0,Ing0405-3
c0224,4.0,0.0,Ing0405-3
c0224,4.0,1.0,Ing0405-3
c0224,4.0,2.0,Ing0405-3
c0224,4.0,3.0,Ing0405-3
c0224,4.0,4.0,Ing0405-3
c0227,-1.0,0.0,Ing0405-3
c0227,0.0,1.0,Ing0405-3
c0227,0.0,-1.0,Ing0405-3
c0227,0.0,3.0,Ing0405-3
c0227,4.0,1.0,Ing0405-3
,4.0,2.0,Ing0405-3
c0227,4.0,3.0,Ing0405-3
c0227,4.0,4.0,Ing0405-3
c0254,0.0,0.0,Ing0405-3
c0254,0.0,1.0,Ing0405-3
c0254,0.0,4.0,Ing0405-3
c0254,4.0,0.0,Ing0405-3
c0254,,1.0,Ing0405-3
c0254,4.0,2.0,Ing0405-3
c0254,4.0,3.0,Ing0405-3
c0254,4.0,4.0,Ing0405-3
c0441,0.0,4.0,Ing0405-3
c0441,1.0,4.0,Ing0405-3
c0441,2.0,2.0,Ing0405-3
c0441,2.0,4.0,Ing0405-3
c0441,3.0,1.0,Ing0405-3
c0441,3.0,4.0,Ing0405-3
c0441,-1.0,,Ing0405-3
c0441,4.0,4.0,Ing0405-3
c0456,0.0,0.0,Ing0405-3
c0456,0.0,1.0,Ing0405-3
c0456,0.0,2.0,Ing0405-3
c0456,-1.0,3.0,Ing0405-3
c0456,0.0,4.0,Ing0405-3
c0456,4.0,0.0,Ing0405-3
c0456,4.0,1.0,Ing0405-3
c0456,4.0,2.0,Ing0405-3
c0456,4.0,3.0,Ing0405-3
c0456,4.0,4.0,Ing0405-3
c0457,3.0,2.0,Ing0405-3
c0457,3.0,3.0,Ing0405-3
c0457,3.0,4.0,Ing0405-3
c0457,-1.0,0.0,Ing0405-3
c0457,4.0,1.0,Ing0405-3
c0457,4.0,2.0,Ing0405-3
c0457,10.0,3.0,Ing0405-3
c0457,,4.0,Ing0405-3
c0486,0.0,0.0,Ing0405-3
c0486,0.0,1.0,Ing0405-3
c0486,-1.0,2.0,Ing0405-3
c0486,0.0,3.0,Ing0405-3
c0486,0.0,4.0,Ing0405-3
c0486,3.0,0.0,Ing0405-3
c0486,3.0,1.0,Ing0405-3
c0486,3.0,2.0,Ing0405-3
c0486,3.0,3.0,Ing0405-3
c0486,3.0,4.0,Ing0405-3
c0486,4.0,0.0,Ing0405-3
c0486,4.0,1.0,Ing0405-3
c0486,4.0,2.0,Ing0405-3
c0486,4.0,3.0,Ing0405-3
c0486,4.0,4.0,Ing0405-3
c0498,0.0,3.0,Ing0405-3
c0498,0.0,4.0,Ing0405-3
c0498,1.0,3.0,Ing0405-3
c0498,1.0,4.0,Ing0405-3
c0498,2.0,3.0,Ing0405-3
c0498,2.0,4.0,Ing0405-3
c0498,3.0,3.0,Ing0405-3
c0498,-1.0,4.0,Ing0405-3
c0498,4.0,3.0,Ing0405-3
c0498,10.0,4.0,Ing0405-3
c0501,0.0,0.0,Ing0405-3
c0501,0.0,1.0,Ing0405-3
c0501,0.0,2.0,Ing0405-3
c0501,0.0,3.0,Ing0405-3
,0.0,4.0,Ing0405-3
c0501,1.0,0.0,Ing0405-3
c0501,,0.0,Ing0405-3
c0501,4.0,1.0,Ing0405-3
c0501,4.0,2.0,Ing0405-3
c0501,4.0,3.0,Ing0405-3
c0501,4.0,4.0,Ing0405-3
c0506,0.0,0.0,Ing0405-3
c0506,0.0,1.0,Ing0405-3
,0.0,2.0,Ing0405-3
c0506,0.0,3.0,Ing0405-3
c0506,0.0,4.0,Ing0405-3
c0506,1.0,0.0,Ing0405-3
c0506,1.0,1.0,Ing0405-3
c0506,1.0,2.0,Ing0405-3
c0506,1.0,3.0,Ing0405-3
c0506,1.0,4.0,Ing0405-3
c0506,4.0,3.0,Ing0405-3
c0506,4.0,4.0,Ing0405-3
c0510,0.0,0.0,Ing0405-3
c0510,0.0,1.0,Ing0405-3
c0510,0.0,2.0,Ing0405-3
c0510,-1.0,0.0,Ing0405-3
c8888,4.0,1.0,Ing0405-3
c8888,4.0,2.0,Ing0405-3
c0510,4.0,3.0,Ing0405-3
c0510,4.0,4.0,Ing0405-3
c0527,0.0,0.0,Ing0405-3
c8888,-1.0,1.0,Ing0405-3
c0527,0.0,2.0,Ing0405-3
c0527,0.0,3.0,Ing0405-3
c0527,0.0,4.0,Ing0405-3
c0527,4.0,2.0,Ing0405-3
c0527,4.0,3.0,Ing0405-3
c0527,4.0,4.0,Ing0405-3
c0745,0.0,0.0,Ing0405-3
,1.0,0.0,Ing0405-3
c0745,2.0,0.0,Ing0405-3
c0745,3.0,0.0,Ing0405-3
c0745,,0.0,Ing0405-3
c0773,2.0,0.0,Ing0405-3
c0773,2.0,1.0,Ing0405-3
c8888,2.0,2.0,Ing0405-3
c0773,2.0,3.0,Ing0405-3
c0773,2.0,4.0,Ing0405-3
c0773,3.0,0.0,Ing0405-3
c0773,3.0,1.0,Ing0405-3
c0773,3.0,2.0,Ing0405-3
c0773,3.0,3.0,Ing0405-3
c0773,3.0,4.0,Ing0405-3
c0773,4.0,0.0,Ing0405-3
c0773,4.0,1.0,Ing0405-3
c0773,4.0,2.0,Ing0405-3
c0773,4.0,10.0,Ing0405-3
c0773,4.0,4.0,Ing0405-3
c0814,0.0,3.0,Ing0405-3
c0814,0.0,4.0,Ing0405-3
c0814,1.0,3.0,Ing0405-3
c0814,1.0,4.0,Ing0405-3
c0814,2.0,-1.0,Ing0405-3
c0814,2.0,4.0,Ing0405-3
c0814,3.0,3.0,Ing0405-3
c0814,3.0,4.0,Ing0405-3
c0899,1.0,10.0,Ing0405-3
c0899,1.0,3.0,Ing0405-3
c0899,1.0,4.0,Ing0405-3
c0899,2.0,3.0,Ing0405-3
c0899,2.0,4.0,Ing0405-3
c0899,3.0,0.0,Ing0405-3
c0899,3.0,1.0,Ing0405-3
c0899,3.0,2.0,Ing0405-3
c0901,3.0,2.0,Ing0405-3
c0901,4.0,2.0,Ing0405-3
c0901,4.0,4.0,Ing0405-3
c0991,0.0,0.0,Ing0405-3
c0991,0.0,-1.0,Ing0405-3
c0991,1.0,2.0,Ing0405-3
c0991,2.0,0.0,Ing0405-3
c0991,2.0,2.0,Ing0405-3
c0991,10.0,2.0,Ing0405-3
c0991,4.0,0.0,Ing0405-3
c0991,4.0,2.0,Ing0405-3
c1007,0.0,2.0,Ing0405-3
c1007,1.0,2.0,Ing0405-3
c1007,1.0,3.0,Ing0405-3
c1007,2.0,2.0,Ing0405-3
c1007,2.0,3.0,Ing0405-3
c1007,3.0,2.0,Ing0405-3
c1007,3.0,3.0,Ing0405-3
c1007,4.0,2.0,Ing0405-3
c1041,1.0,0.0,Ing0405-3
c1041,1.0,1.0,Ing0405-3
c1041,1.0,2.0,Ing0405-3
c1041,1.0,3.0,Ing0405-3
c1041,1.0,4.0,Ing0405-3
c1041,3.0,10.0,Ing0405-3
c1041,3.0,1.0,Ing0405-3
c1041,3.0,2.0,Ing0405-3
c1041,3.0,3.0,Ing0405-3
c8888,3.0,4.0,Ing0405-3
c1041,4.0,0.0,Ing0405-3
c1041,4.0,10.0,Ing0405-3
c1041,10.0,2.0,Ing0405-3
c1041,4.0,3.0,Ing0405-3
c1041,4.0,4.0,Ing0405-3
c0741,2.0,3.0,Ing0405-3
,2.0,4.0,Ing0405-3
c0741,3.0,0.0,Ing0405-3
c0741,3.0,1.0,Ing0405-3
c0741,3.0,2.0,Ing0405-3
c0741,3.0,3.0,Ing0405-3
c0741,3.0,4.0,Ing0405-3
c0741,4.0,4.0,Ing0405-3
c8888,0.0,0.0,Ing0405-3
c0196,,1.0,Ing0405-3
c0196,4.0,0.0,Ing0405-3
c0196,4.0,1.0,Ing0405-3
c0196,4.0,2.0,Ing0405-3
c0196,4.0,3.0,Ing0405-3
c0196,4.0,4.0,Ing0405-3
c0798,0.0,2.0,Ing0405-3
c0798,1.0,2.0,Ing0405-3
c0798,2.0,0.0,Ing0405-3
c0798,2.0,1.0,Ing0405-3
c8888,2.0,2.0,Ing0405-3
c0798,2.0,3.0,Ing0405-3
c0798,2.0,4.0,Ing0405-3
c0798,3.0,2.0,Ing0405-3
c0798,4.0,2.0,Ing0405-3
LinTed1,5.0,2.0,Let0405-1
LinTed1,5.0,3.0,Let0405-1
LinTed1,5.0,4.0,Let0405-1
LinTed1,5.0,5.0,Let0405-1
AlfInf,5.0,2.0,Let0405-1
AlfInf,5.0,3.0,Let0405-1
AlfInf,,4.0,Let0405-1
AlfInf,5.0,5.0,Let0405-1
LetIta1,0.0,2.0,Let0405-1
LetIta1,0.0,5.0,Let0405-1
LetIta1,1.0,5.0,Let0405-1
LetIta1,2.0,3.0,Let0405-1
LetIta1,2.0,,Let0405-1
LetIta1,2.0,5.0,Let0405-1
LetIta1,3.0,0.0,Let0405-1
,3.0,1.0,Let0405-1
LetIta1,3.0,2.0,Let0405-1
LetIta1,3.0,3.0,Let0405-1
LetIta1,3.0,4.0,Let0405-1
LetIta1,3.0,5.0,Let0405-1
LetIta1,4.0,0.0,Let0405-1
LetIta1,4.0,1.0,Let0405-1
LetIta1,4.0,2.0,Let0405-1
LetIta1,4.0,3.0,Let0405-1
LetIta1,4.0,4.0,Let0405-1
LetIta1,4.0,5.0,Let0405-1
LetIta1,5.0,0.0,Let0405-1
LetIta1,5.0,1.0,Let0405-1
LetIta1,5.0,2.0,Let0405-1
LetIta1,5.0,3.0,Let0405-1
LetIta1,5.0,4.0,Let0405-1
,5.0,5.0,Let0405-1
FilTesItaCS,0.0,0.0,Let0405-1
FilTesItaCS,0.0,1.0,Let0405-1
,0.0,4.0,Let0405-1
c8888,0.0,5.0,Let0405-1
FilTesItaCS,1.0,0.0,Let0405-1
FilTesItaCS,1.0,5.0,Let0405-1
FilTesItaCS,2.0,0.0,Let0405-1
FilTesItaCS,2.0,5.0,Let0405-1
FilTesItaCS,3.0,0.0,Let0405-1
FilTesItaCS,3.0,5.0,Let0405-1
FilTesItaCS,4.0,0.0,Let0405-1
FilTesItaCS,4.0,5.0,Let0405-1
FilTesItaCS,5.0,0.0,Let0405-1
FilTesItaCS,5.0,10.0,Let0405-1
c8888,5.0,2.0,Let0405-1
c8888,5.0,3.0,Let0405-1
FilTesItaCS,5.0,4.0,Let0405-1
FilTesItaCS,10.0,5.0,Let0405-1
LinGreA,0.0,0.0,Let0405-1
LinGreA,1.0,0.0,Let0405-1
LinGreA,2.0,0.0,Let0405-1
LinGreA,3.0,0.0,Let0405-1
LinGreA,4.0,,Let0405-1
LinGreA,5.0,2.0,Let0405-1
LinGreA,5.0,3.0,Let0405-1
LinGreA,5.0,4.0,Let0405-1
LinGreA,5.0,5.0,Let0405-1
LinLatA,0.0,0.0,Let0405-1
LinLatA,1.0,0.0,Let0405-1
c8888,2.0,0.0,Let0405-1
LinLatA,2.0,1.0,Let0405-1
LinLatA,3.0,-1.0,Let0405-1
LinLatA,3.0,1.0,Let0405-1
LinLatA,4.0,0.0,Let0405-1
LinLatA,5.0,0.0,Let0405-1
LinLatA,5.0,2.0,Let0405-1
LinLatA,5.0,3.0,Let0405-1
LinLatA,5.0,4.0,Let0405-1
LinLatA,5.0,5.0,Let0405-1
LinLetGre1,5.0,10.0,Let0405-1
LinLetGre1,5.0,3.0,Let0405-1
LinLetGre1,5.0,4.0,Let0405-1
LinLetGre1,10.0,5.0,Let0405-1
c8888,0.0,0.0,Let0405-1
LinLetLat1,,1.0,Let0405-1
LinLetLat1,0.0,2.0,Let0405-1
c8888,2.0,3.0,Let0405-1
LinLetLat1,2.0,4.0,Let0405-1
LinLetLat1,2.0,5.0,Let0405-1
LinLetLat1,3.0,0.0,Let0405-1
LinLetLat1,3.0,1.0,Let0405-1
LinLetLat1,3.0,2.0,Let0405-1
LinLetLat1,3.0,3.0,Let0405-1
LinLetLat1,3.0,4.0,Let0405-1
LinLetLat1,3.0,5.0,Let0405-1
LinLetLat1,4.0,0.0,Let0405-1
LinLetLat1,4.0,1.0,Let0405-1
LinLetLat1,4.0,2.0,Let0405-1
LinLetLat1,4.0,3.0,Let0405-1
LinLetLat1,4.0,4.0,Let0405-1
LinLetLat1,4.0,5.0,Let0405-1
c8888,5.0,0.0,Let0405-1
LinLetLat1,5.0,1.0,Let0405-1
LinLetLat1,5.0,2.0,Let0405-1
LinLetLat1,5.0,3.0,Let0405-1
LinLetLat1,5.0,4.0,Let0405-1
LinLetLat1,5.0,5.0,Let0405-1
LetCriAnt,-1.0,0.0,Let0405-1
LetCriAnt,1.0,0.0,Let0405-1
LetCriAnt,2.0,0.0,Let0405-1
LetCriAnt,3.0,0.0,Let0405-1
LetCriAnt,10.0,0.0,Let0405-1
LetCriAnt,4.0,2.0,Let0405-1
LetCriAnt,5.0,0.0,Let0405-1
LetCriAnt,5.0,1.0,Let0405-1
LetCriAnt,5.0,2.0,Let0405-1
LetCriAnt,5.0,3.0,Let0405-1
LetCriAnt,5.0,4.0,Let0405-1
LetCriAnt,5.0,5.0,Let0405-1
Papiro,5.0,,Let0405-1
Papiro,5.0,3.0,Let0405-1
Papiro,5.0,4.0,Let0405-1
Papiro,5.0,5.0,Let0405-1
EpiGre,0.0,0.0,Let0405-1
EpiGre,0.0,5.0,Let0405-1
EpiGre,1.0,0.0,Let0405-1
c8888,1.0,5.0,Let0405-1
EpiGre,2.0,0.0,Let0405-1
EpiGre,2.0,5.0,Let0405-1
EpiGre,3.0,0.0,Let0405-1
EpiGre,3.0,5.0,Let0405-1
EpiGre,4.0,0.0,Let0405-1
EpiGre,4.0,5.0,Let0405-1
c8888,5.0,2.0,Let0405-1
EpiGre,5.0,3.0,Let0405-1
EpiGre,5.0,4.0,Let0405-1
EpiGre,5.0,5.0,Let0405-1
StoMod1,0.0,0.0,Let0405-1
StoMod1,0.0,1.0,Let0405-1
,0.0,2.0,Let0405-1
c8888,2.0,3.0,Let0405-1
StoMod1,2.0,4.0,Let0405-1
c8888,2.0,5.0,Let0405-1
StoMod1,3.0,0.0,Let0405-1
StoMod1,3.0,1.0,Let0405-1
StoMod1,-1.0,2.0,Let0405-1
StoMod1,3.0,3.0,Let0405-1
StoMod1,3.0,4.0,Let0405-1
StoMod1,3.0,5.0,Let0405-1
StoMod1,4.0,0.0,Let0405-1
StoMod1,4.0,1.0,Let0405-1
StoMod1,4.0,2.0,Let0405-1
StoMod1,4.0,3.0,Let0405-1
StoMod1,4.0,4.0,Let0405-1
StoMod1,4.0,10.0,Let0405-1
StoMod1,5.0,0.0,Let0405-1
StoMod1,5.0,1.0,Let0405-1
StoMod1,5.0,2.0,Let0405-1
StoMod1,5.0,3.0,Let0405-1
StoMod1,5.0,4.0,Let0405-1
StoMod1,,5.0,Let0405-1
StoCon,0.0,0.0,Let0405-1
StoCon,0.0,1.0,Let0405-1
StoCon,0.0,2.0,Let0405-1
StoCon,2.0,3.0,Let0405-1
StoCon,-1.0,4.0,Let0405-1
StoCon,2.0,5.0,Let0405-1
StoCon,3.0,0.0,Let0405-1
c8888,3.0,1.0,Let0405-1
StoCon,3.0,2.0,Let0405-1
StoCon,3.0,3.0,Let0405-1
StoCon,3.0,4.0,Let0405-1
StoCon,10.0,5.0,Let0405-1
StoCon,4.0,0.0,Let0405-1
StoCon,4.0,1.0,Let0405-1
StoCon,4.0,2.0,Let0405-1
StoCon,4.0,3.0,Let0405-1
StoCon,4.0,4.0,Let0405-1
StoCon,4.0,5.0,Let0405-1
StoCon,5.0,0.0,Let0405-1
StoCon,5.0,1.0,Let0405-1
StoCon,5.0,2.0,Let0405-1
StoCon,-1.0,3.0,Let0405-1
StoCon,5.0,4.0,Let0405-1
StoCon,5.0,5.0,Let0405-1
Geo2,5.0,2.0,Let0405-1
Geo2,5.0,3.0,Let0405-1
Geo2,5.0,10.0,Let0405-1
Geo2,5.0,5.0,Let0405-1
AntCul1,5.0,0.0,Let0405-1
AntCul1,5.0,1.0,Let0405-1
AntCul1,10.0,2.0,Let0405-1
AntCul1,5.0,3.0,Let0405-1
AntCul1,5.0,4.0,Let0405-1
AntCul1,5.0,5.0,Let0405-1
c8888,0.0,0.0,Let0405-1
StoFil1,0.0,1.0,Let0405-1
StoFil1,0.0,2.0,Let0405-1
StoFil1,4.0,3.0,Let0405-1
StoFil1,4.0,4.0,Let0405-1
StoFil1,4.0,5.0,Let0405-1
StoFil1,5.0,0.0,Let0405-1
StoFil1,5.0,1.0,Let0405-1
StoFil1,5.0,2.0,Let0405-1
StoFil1,5.0,3.0,Let0405-1
StoFil1,5.0,4.0,Let0405-1
StoFil1,5.0,5.0,Let0405-1
,5.0,2.0,Let0405-1
StoCriChi,5.0,3.0,Let0405-1
StoCriChi,-1.0,4.0,Let0405-1
StoCriChi,5.0,5.0,Let0405-1
StoSci,0.0,-1.0,Let0405-1
StoSci,0.0,1.0,Let0405-1
StoSci,0.0,2.0,Let0405-1
StoSci,2.0,3.0,Let0405-1
StoSci,2.0,4.0,Let0405-1
StoSci,2.0,5.0,Let0405-1
StoSci,10.0,2.0,Let0405-1
StoSci,5.0,3.0,Let0405-1
StoSci,5.0,4.0,Let0405-1
StoSci,5.0,5.0,Let0405-1
MetRicArc,5.0,2.0,Let0405-1
MetRicArc,5.0,3.0,Let0405-1
MetRicArc,5.0,10.0,Let0405-1
c8888,5.0,5.0,Let0405-1
ArcCla1,5.0,,Let0405-1
ArcCla1,5.0,1.0,Let0405-1
ArcCla1,5.0,-1.0,Let0405-1
ArcCla1,5.0,3.0,Let0405-1
ArcCla1,5.0,4.0,Let0405-1
ArcCla1,,5.0,Let0405-1
LinLatB,0.0,0.0,Let0405-1
LinLatB,0.0,1.0,Let0405-1
LinLatB,0.0,2.0,Let0405-1
LinLatB,0.0,3.0,Let0405-1
LinLatB,0.0,4.0,Let0405-1
c8888,0.0,5.0,Let0405-1
LinLatB,1.0,3.0,Let0405-1
LinLatB,1.0,4.0,Let0405-1
LinLatB,1.0,5.0,Let0405-1
c8888,2.0,0.0,Let0405-1
LinLatB,2.0,1.0,Let0405-1
LinLatB,2.0,2.0,Let0405-1
LinLatB,2.0,3.0,Let0405-1
,2.0,4.0,Let0405-1
LinLatB,-1.0,5.0,Let0405-1
LinLatB,3.0,3.0,Let0405-1
LinLatB,3.0,4.0,Let0405-1
c8888,3.0,5.0,Let0405-1
LinLatB,4.0,0.0,Let0405-1
LinLatB,4.0,1.0,Let0405-1
LinLatB,-1.0,2.0,Let0405-1
LinLatB,4.0,3.0,Let0405-1
LinLatB,4.0,4.0,Let0405-1
LinLatB,4.0,5.0,Let0405-1
LinLatB,5.0,-1.0,Let0405-1
LinLatB,5.0,10.0,Let0405-1
c8888,5.0,4.0,Let0405-1
LinLatB,5.0,5.0,Let0405-1
Numism,0.0,0.0,Let0405-1
Numism,0.0,5.0,Let0405-1
Numism,1.0,0.0,Let0405-1
Numism,1.0,5.0,Let0405-1
Numism,2.0,0.0,Let0405-1
Numism,2.0,5.0,Let0405-1
Numism,3.0,0.0,Let0405-1
Numism,3.0,1.0,Let0405-1
Numism,3.0,5.0,Let0405-1
Numism,4.0,0.0,Let0405-1
Numism,4.0,5.0,Let0405-1
Numism,5.0,0.0,Let0405-1
Numism,5.0,1.0,Let0405-1
Numism,5.0,2.0,Let0405-1
c8888,5.0,3.0,Let0405-1
Numism,5.0,4.0,Let0405-1
Numism,5.0,5.0,Let0405-1
PrePro,0.0,3.0,Let0405-1
PrePro,0.0,4.0,Let0405-1
PrePro,0.0,5.0,Let0405-1
c8888,1.0,3.0,Let0405-1
PrePro,1.0,4.0,Let0405-1
PrePro,1.0,5.0,Let0405-1
PrePro,2.0,5.0,Let0405-1
c8888,-1.0,5.0,Let0405-1
PrePro,4.0,5.0,Let0405-1
PrePro,5.0,2.0,Let0405-1
PrePro,5.0,3.0,Let0405-1
PrePro,5.0,4.0,Let0405-1
PrePro,5.0,,Let0405-1
StoVicOriAnt,5.0,2.0,Let0405-1
StoVicOriAnt,5.0,3.0,Let0405-1
StoVicOriAnt,5.0,4.0,Let0405-1
StoVicOriAnt,5.0,5.0,Let0405-1
ArcEge,0.0,4.0,Let0405-1
ArcEge,10.0,5.0,Let0405-1
ArcEge,1.0,4.0,Let0405-1
ArcEge,1.0,5.0,Let0405-1
ArcEge,2.0,5.0,Let0405-1
ArcEge,3.0,5.0,Let0405-1
ArcEge,4.0,3.0,Let0405-1
ArcEge,4.0,4.0,Let0405-1
ArcEge,4.0,5.0,Let0405-1
ArcEge,5.0,2.0,Let0405-1
ArcEge,5.0,3.0,Let0405-1
ArcEge,5.0,4.0,Let0405-1
ArcEge,5.0,5.0,Let0405-1
FilSem,5.0,2.0,Let0405-1
FilSem,5.0,3.0,Let0405-1
FilSem,5.0,4.0,Let0405-1
FilSem,5.0,5.0,Let0405-1
LegBenCul1,5.0,2.0,Let0405-1
LegBenCul1,5.0,3.0,Let0405-1
LegBenCul1,5.0,4.0,Let0405-1
LegBenCul1,5.0,5.0,Let0405-1
Bibeco,0.0,0.0,Let0405-1
Bibeco,0.0,1.0,Let0405-1
Bibeco,0.0,2.0,Let0405-1
Bibeco,1.0,0.0,Let0405-1
Bibeco,1.0,1.0,Let0405-1
Bibeco,1.0,2.0,Let0405-1
Bibeco,2.0,0.0,Let0405-1
Bibeco,2.0,,Let0405-1
Bibeco,2.0,2.0,Let0405-1
Bibeco,10.0,0.0,Let0405-1
Bibeco,3.0,1.0,Let0405-1
Bibeco,3.0,2.0,Let0405-1
Bibeco,4.0,-1.0,Let0405-1
Bibeco,4.0,1.0,Let0405-1
Bibeco,4.0,2.0,Let0405-1
Bibeco,5.0,0.0,Let0405-1
Bibeco,5.0,1.0,Let0405-1
Bibeco,5.0,2.0,Let0405-1
Bibeco,5.0,3.0,Let0405-1
Bibeco,5.0,4.0,Let0405-1
Bibeco,5.0,5.0,Let0405-1
ConBenArcLib,1.0,0.0,Let0405-1
ConBenArcLib,1.0,1.0,Let0405-1
c8888,1.0,2.0,Let0405-1
ConBenArcLib,1.0,3.0,Let0405-1
ConBenArcLib,1.0,4.0,Let0405-1
ConBenArcLib,1.0,5.0,Let0405-1
ConBenArcLib,4.0,3.0,Let0405-1
ConBenArcLib,4.0,4.0,Let0405-1
ConBenArcLib,4.0,5.0,Let0405-1
ConBenArcLib,5.0,0.0,Let0405-1
ConBenArcLib,5.0,1.0,Let0405-1
ConBenArcLib,5.0,2.0,Let0405-1
ConBenArcLib,5.0,3.0,Let0405-1
ConBenArcLib,5.0,4.0,Let0405-1
c8888,5.0,5.0,Let0405-1
ResBenArcLib,0.0,0.0,Let0405-1
ResBenArcLib,0.0,1.0,Let0405-1
ResBenArcLib,0.0,2.0,Let0405-1
ResBenArcLib,,3.0,Let0405-1
ResBenArcLib,0.0,4.0,Let0405-1
c8888,0.0,5.0,Let0405-1
ResBenArcLib,10.0,0.0,Let0405-1
ResBenArcLib,1.0,1.0,Let0405-1
ResBenArcLib,1.0,2.0,Let0405-1
ResBenArcLib,1.0,3.0,Let0405-1
ResBenArcLib,1.0,4.0,Let0405-1
ResBenArcLib,1.0,5.0,Let0405-1
ResBenArcLib,4.0,3.0,Let0405-1
ResBenArcLib,4.0,4.0,Let0405-1
ResBenArcLib,4.0,5.0,Let0405-1
ResBenArcLib,5.0,0.0,Let0405-1
,5.0,1.0,Let0405-1
ResBenArcLib,,2.0,Let0405-1
ResBenArcLib,5.0,3.0,Let0405-1
ResBenArcLib,5.0,4.0,Let0405-1
ResBenArcLib,5.0,5.0,Let0405-1
InfArcBib,5.0,2.0,Let0405-1
,5.0,3.0,Let0405-1
InfArcBib,5.0,4.0,Let0405-1
InfArcBib,5.0,5.0,Let0405-1
TeoTecCatCla,0.0,-1.0,Let0405-1
TeoTecCatCla,0.0,1.0,Let0405-1
TeoTecCatCla,0.0,2.0,Let0405-1
TeoTecCatCla,1.0,0.0,Let0405-1
TeoTecCatCla,1.0,1.0,Let0405-1
TeoTecCatCla,1.0,2.0,Let0405-1
TeoTecCatCla,2.0,-1.0,Let0405-1
TeoTecCatCla,2.0,1.0,Let0405-1
c8888,2.0,2.0,Let0405-1
TeoTecCatCla,3.0,0.0,Let0405-1
TeoTecCatCla,3.0,1.0,Let0405-1
TeoTecCatCla,3.0,-1.0,Let0405-1
TeoTecCatCla,4.0,0.0,Let0405-1
TeoTecCatCla,4.0,1.0,Let0405-1
TeoTecCatCla,4.0,2.0,Let0405-1
TeoTecCatCla,5.0,0.0,Let0405-1
TeoTecCatCla,5.0,1.0,Let0405-1
TeoTecCatCla,5.0,2.0,Let0405-1
TeoTecCatCla,5.0,3.0,Let0405-1
TeoTecCatCla,5.0,4.0,Let0405-1
TeoTecCatCla,,5.0,Let0405-1
StoArtMed1,0.0,0.0,Let0405-1
StoArtMed1,0.0,1.0,Let0405-1
StoArtMed1,0.0,2.0,Let0405-1
StoArtMed1,0.0,3.0,Let0405-1
StoArtMed1,10.0,4.0,Let0405-1
StoArtMed1,0.0,5.0,Let0405-1
StoArtMed1,1.0,0.0,Let0405-1
StoArtMed1,1.0,1.0,Let0405-1
c8888,1.0,2.0,Let0405-1
StoArtMed1,1.0,3.0,Let0405-1
StoArtMed1,1.0,4.0,Let0405-1
,1.0,5.0,Let0405-1
StoArtMed1,2.0,0.0,Let0405-1
StoArtMed1,2.0,1.0,Let0405-1
StoArtMed1,2.0,2.0,Let0405-1
StoArtMed1,2.0,3.0,Let0405-1
StoArtMed1,2.0,4.0,Let0405-1
StoArtMed1,2.0,5.0,Let0405-1
StoArtMed1,3.0,0.0,Let0405-1
StoArtMed1,3.0,1.0,Let0405-1
StoArtMed1,3.0,2.0,Let0405-1
StoArtMed1,5.0,,Let0405-1
StoArtMed1,5.0,3.0,Let0405-1
StoArtMed1,5.0,-1.0,Let0405-1
StoArtMed1,5.0,5.0,Let0405-1
IcoIcoA,3.0,0.0,Let0405-1
IcoIcoA,3.0,1.0,Let0405-1
IcoIcoA,3.0,2.0,Let0405-1
IcoIcoA,3.0,3.0,Let0405-1
IcoIcoA,3.0,4.0,Let0405-1
IcoIcoA,3.0,5.0,Let0405-1
IcoIcoA,4.0,0.0,Let0405-1
IcoIcoA,4.0,1.0,Let0405-1
IcoIcoA,4.0,2.0,Let0405-1
IcoIcoA,4.0,3.0,Let0405-1
IcoIcoA,4.0,4.0,Let0405-1
IcoIcoA,4.0,5.0,Let0405-1
IcoIcoA,5.0,,Let0405-1
IcoIcoA,5.0,1.0,Let0405-1
IcoIcoA,5.0,2.0,Let0405-1
IcoIcoA,5.0,3.0,Let0405-1
IcoIcoA,5.0,4.0,Let0405-1
IcoIcoA,5.0,5.0,Let0405-1
StoArtMod1,0.0,0.0,Let0405-1
StoArtMod1,0.0,1.0,Let0405-1
StoArtMod1,0.0,2.0,Let0405-1
c8888,2.0,2.0,Let0405-1
StoArtMod1,2.0,3.0,Let0405-1
StoArtMod1,2.0,4.0,Let0405-1
StoArtMod1,2.0,5.0,Let0405-1
StoArtMod1,3.0,0.0,Let0405-1
StoArtMod1,3.0,1.0,Let0405-1
c8888,3.0,2.0,Let0405-1
StoArtMod1,3.0,3.0,Let0405-1
StoArtMod1,3.0,10.0,Let0405-1
StoArtMod1,,5.0,Let0405-1
StoArtMod1,4.0,0.0,Let0405-1
StoArtMod1,4.0,1.0,Let0405-1
StoArtMod1,4.0,2.0,Let0405-1
StoArtMod1,4.0,3.0,Let0405-1
StoArtMod1,4.0,4.0,Let0405-1
,4.0,5.0,Let0405-1
StoArtMod1,5.0,0.0,Let0405-1
c8888,5.0,1.0,Let0405-1
StoArtMod1,5.0,2.0,Let0405-1
StoArtMod1,5.0,10.0,Let0405-1
StoArtMod1,-1.0,,Let0405-1
StoArtMod1,5.0,5.0,Let0405-1
MetRicStoArt,0.0,0.0,Let0405-1
MetRicStoArt,1.0,10.0,Let0405-1
MetRicStoArt,2.0,0.0,Let0405-1
MetRicStoArt,3.0,0.0,Let0405-1
MetRicStoArt,4.0,0.0,Let0405-1
MetRicStoArt,5.0,2.0,Let0405-1
MetRicStoArt,5.0,3.0,Let0405-1
MetRicStoArt,5.0,4.0,Let0405-1
MetRicStoArt,5.0,5.0,Let0405-1
StoArtLatAmeA,2.0,3.0,Let0405-1
StoArtLatAmeA,2.0,4.0,Let0405-1
StoArtLatAmeA,2.0,5.0,Let0405-1
StoArtLatAmeA,3.0,0.0,Let0405-1
StoArtLatAmeA,3.0,1.0,Let0405-1
StoArtLatAmeA,3.0,2.0,Let0405-1
StoArtLatAmeA,3.0,3.0,Let0405-1
StoArtLatAmeA,3.0,10.0,Let0405-1
StoArtLatAmeA,3.0,5.0,Let0405-1
StoArtLatAmeA,4.0,0.0,Let0405-1
c8888,4.0,1.0,Let0405-1
StoArtLatAmeA,-1.0,2.0,Let0405-1
StoArtLatAmeA,4.0,3.0,Let0405-1
StoArtLatAmeA,4.0,4.0,Let0405-1
StoArtLatAmeA,4.0,5.0,Let0405-1
c8888,5.0,0.0,Let0405-1
StoArtLatAmeA,5.0,1.0,Let0405-1
StoArtLatAmeA,5.0,-1.0,Let0405-1
StoArtLatAmeA,5.0,3.0,Let0405-1
StoArtLatAmeA,5.0,-1.0,Let0405-1
StoArtLatAmeA,5.0,5.0,Let0405-1
StoArtCon1,0.0,0.0,Let0405-1
StoArtCon1,0.0,1.0,Let0405-1
StoArtCon1,0.0,10.0,Let0405-1
StoArtCon1,0.0,3.0,Let0405-1
StoArtCon1,0.0,4.0,Let0405-1
StoArtCon1,0.0,5.0,Let0405-1
StoArtCon1,1.0,0.0,Let0405-1
c8888,1.0,1.0,Let0405-1
StoArtCon1,1.0,2.0,Let0405-1
StoArtCon1,1.0,3.0,Let0405-1
StoArtCon1,1.0,4.0,Let0405-1
StoArtCon1,1.0,5.0,Let0405-1
StoArtCon1,2.0,10.0,Let0405-1
StoArtCon1,2.0,1.0,Let0405-1
c8888,2.0,2.0,Let0405-1
StoArtCon1,4.0,3.0,Let0405-1
StoArtCon1,4.0,4.0,Let0405-1
StoArtCon1,4.0,5.0,Let0405-1
StoArtCon1,5.0,0.0,Let0405-1
StoArtCon1,5.0,10.0,Let0405-1
StoArtCon1,5.0,2.0,Let0405-1
StoArtCon1,5.0,3.0,Let0405-1
StoArtCon1,5.0,4.0,Let0405-1
StoArtCon1,5.0,5.0,Let0405-1
PsiArt,0.0,0.0,Let0405-1
PsiArt,0.0,1.0,Let0405-1
PsiArt,-1.0,2.0,Let0405-1
PsiArt,0.0,3.0,Let0405-1
PsiArt,0.0,4.0,Let0405-1
PsiArt,0.0,5.0,Let0405-1
PsiArt,1.0,0.0,Let0405-1
PsiArt,2.0,0.0,Let0405-1
PsiArt,10.0,0.0,Let0405-1
PsiArt,4.0,-1.0,Let0405-1
PsiArt,5.0,2.0,Let0405-1
PsiArt,5.0,3.0,Let0405-1
PsiArt,5.0,4.0,Let0405-1
PsiArt,5.0,5.0,Let0405-1
ArcPae,1.0,3.0,Let0405-1
ArcPae,1.0,4.0,Let0405-1
ArcPae,1.0,5.0,Let0405-1
ArcPae,2.0,3.0,Let0405-1
ArcPae,2.0,4.0,Let0405-1
ArcPae,2.0,5.0,Let0405-1
ArcPae,5.0,0.0,Let0405-1
ArcPae,,1.0,Let0405-1
ArcPae,5.0,2.0,Let0405-1
ArcPae,5.0,3.0,Let0405-1
,5.0,4.0,Let0405-1
ArcPae,5.0,5.0,Let0405-1
LetIta4CS,5.0,2.0,Let0405-1
LetIta4CS,5.0,3.0,Let0405-1
LetIta4CS,5.0,4.0,Let0405-1
LetIta4CS,5.0,5.0,Let0405-1
c8888,0.0,3.0,Let0405-1
,0.0,4.0,Let0405-1
StoGreCS,0.0,5.0,Let0405-1
StoGreCS,1.0,3.0,Let0405-1
StoGreCS,1.0,4.0,Let0405-1
StoGreCS,1.0,5.0,Let0405-1
StoGreCS,2.0,3.0,Let0405-1
StoGreCS,2.0,4.0,Let0405-1
StoGreCS,2.0,5.0,Let0405-1
StoGreCS,3.0,0.0,Let0405-1
StoGreCS,3.0,1.0,Let0405-1
StoGreCS,3.0,2.0,Let0405-1
StoGreCS,3.0,3.0,Let0405-1
StoGreCS,3.0,4.0,Let0405-1
StoGreCS,3.0,5.0,Let0405-1
StoGreCS,4.0,0.0,Let0405-1
StoGreCS,4.0,1.0,Let0405-1
StoGreCS,4.0,2.0,Let0405-1
StoGreCS,4.0,3.0,Let0405-1
StoGreCS,4.0,4.0,Let0405-1
StoGreCS,4.0,5.0,Let0405-1
StoGreCS,5.0,0.0,Let0405-1
StoGreCS,5.0,1.0,Let0405-1
StoGreCS,5.0,2.0,Let0405-1
StoGreCS,5.0,3.0,Let0405-1
StoGreCS,5.0,4.0,Let0405-1
StoGreCS,5.0,10.0,Let0405-1
StoMedCS,0.0,0.0,Let0405-1
StoMedCS,0.0,1.0,Let0405-1
StoMedCS,0.0,10.0,Let0405-1
StoMedCS,0.0,3.0,Let0405-1
StoMedCS,0.0,4.0,Let0405-1
StoMedCS,0.0,5.0,Let0405-1
StoMedCS,1.0,0.0,Let0405-1
StoMedCS,1.0,1.0,Let0405-1
StoMedCS,-1.0,2.0,Let0405-1
StoMedCS,1.0,3.0,Let0405-1
StoMedCS,1.0,4.0,Let0405-1
StoMedCS,1.0,5.0,Let0405-1
StoMedCS,2.0,0.0,Let0405-1
StoMedCS,2.0,1.0,Let0405-1
StoMedCS,2.0,2.0,Let0405-1
StoMedCS,2.0,3.0,Let0405-1
c8888,2.0,4.0,Let0405-1
,2.0,5.0,Let0405-1
StoMedCS,4.0,5.0,Let0405-1
StoMedCS,5.0,2.0,Let0405-1
c8888,5.0,3.0,Let0405-1
StoMedCS,5.0,10.0,Let0405-1
StoMedCS,5.0,5.0,Let0405-1
BioArcCS,0.0,0.0,Let0405-1
BioArcCS,0.0,1.0,Let0405-1
BioArcCS,0.0,2.0,Let0405-1
BioArcCS,0.0,3.0,Let0405-1
BioArcCS,2.0,3.0,Let0405-1
BioArcCS,2.0,4.0,Let0405-1
BioArcCS,-1.0,5.0,Let0405-1
BioArcCS,3.0,0.0,Let0405-1
BioArcCS,3.0,1.0,Let0405-1
BioArcCS,3.0,2.0,Let0405-1
BioArcCS,3.0,3.0,Let0405-1
BioArcCS,3.0,4.0,Let0405-1
c8888,3.0,5.0,Let0405-1
BioArcCS,4.0,0.0,Let0405-1
BioArcCS,4.0,1.0,Let0405-1
BioArcCS,4.0,2.0,Let0405-1
BioArcCS,4.0,3.0,Let0405-1
BioArcCS,4.0,4.0,Let0405-1
BioArcCS,4.0,5.0,Let0405-1
BioArcCS,5.0,0.0,Let0405-1
BioArcCS,5.0,1.0,Let0405-1
BioArcCS,5.0,2.0,Let0405-1
BioArcCS,5.0,3.0,Let0405-1
BioArcCS,5.0,4.0,Let0405-1
BioArcCS,5.0,5.0,Let0405-1
Antrop,0.0,0.0,Let0405-1
Antrop,0.0,1.0,Let0405-1
Antrop,0.0,2.0,Let0405-1
Antrop,-1.0,3.0,Let0405-1
Antrop,2.0,3.0,Let0405-1
Antrop,2.0,4.0,Let0405-1
Antrop,2.0,5.0,Let0405-1
Antrop,3.0,0.0,Let0405-1
,3.0,1.0,Let0405-1
Antrop,3.0,2.0,Let0405-1
Antrop,3.0,3.0,Let0405-1
Antrop,3.0,4.0,Let0405-1
Antrop,3.0,10.0,Let0405-1
Antrop,4.0,0.0,Let0405-1
Antrop,4.0,1.0,Let0405-1
Antrop,4.0,2.0,Let0405-1
,4.0,3.0,Let0405-1
c8888,4.0,4.0,Let0405-1
Antrop,4.0,5.0,Let0405-1
Antrop,5.0,0.0,Let0405-1
Antrop,5.0,10.0,Let0405-1
Antrop,-1.0,2.0,Let0405-1
Antrop,5.0,3.0,Let0405-1
Antrop,5.0,4.0,Let0405-1
Antrop,5.0,5.0,Let0405-1
LegBenCul2,5.0,2.0,Let0405-1
LegBenCul2,5.0,10.0,Let0405-1
LegBenCul2,5.0,4.0,Let0405-1
LegBenCul2,5.0,5.0,Let0405-1
c8888,0.0,0.0,Let0405-1
StoArtMed2CS,0.0,1.0,Let0405-1
c8888,0.0,2.0,Let0405-1
StoArtMed2CS,0.0,3.0,Let0405-1
StoArtMed2CS,10.0,4.0,Let0405-1
StoArtMed2CS,0.0,5.0,Let0405-1
StoArtMed2CS,1.0,0.0,Let0405-1
StoArtMed2CS,1.0,1.0,Let0405-1
StoArtMed2CS,1.0,2.0,Let0405-1
StoArtMed2CS,1.0,-1.0,Let0405-1
StoArtMed2CS,1.0,4.0,Let0405-1
StoArtMed2CS,1.0,5.0,Let0405-1
StoArtMed2CS,2.0,0.0,Let0405-1
StoArtMed2CS,2.0,1.0,Let0405-1
StoArtMed2CS,2.0,2.0,Let0405-1
StoArtMed2CS,2.0,3.0,Let0405-1
StoArtMed2CS,-1.0,4.0,Let0405-1
StoArtMed2CS,2.0,5.0,Let0405-1
StoArtMed2CS,3.0,0.0,Let0405-1
StoArtMed2CS,3.0,1.0,Let0405-1
StoArtMed2CS,3.0,2.0,Let0405-1
StoArtMed2CS,5.0,2.0,Let0405-1
StoArtMed2CS,5.0,3.0,Let0405-1
StoArtMed2CS,5.0,4.0,Let0405-1
StoArtMed2CS,5.0,5.0,Let0405-1
ChiAppBenCul,0.0,5.0,Let0405-1
ChiAppBenCul,1.0,5.0,Let0405-1
ChiAppBenCul,2.0,5.0,Let0405-1
ChiAppBenCul,3.0,5.0,Let0405-1
ChiAppBenCul,4.0,3.0,Let0405-1
ChiAppBenCul,4.0,4.0,Let0405-1
ChiAppBenCul,4.0,5.0,Let0405-1
c8888,5.0,0.0,Let0405-1
ChiAppBenCul,5.0,1.0,Let0405-1
ChiAppBenCul,5.0,2.0,Let0405-1
ChiAppBenCul,,3.0,Let0405-1
ChiAppBenCul,5.0,4.0,Let0405-1
ChiAppBenCul,5.0,5.0,Let0405-1
StoArc,5.0,0.0,Let0405-1
StoArc,5.0,1.0,Let0405-1
StoArc,5.0,2.0,Let0405-1
StoArc,5.0,3.0,Let0405-1
StoArc,5.0,4.0,Let0405-1
,5.0,5.0,Let0405-1
StoArt,0.0,0.0,Let0405-1
StoArt,3.0,0.0,Let0405-1
StoArt,3.0,1.0,Let0405-1
StoArt,3.0,2.0,Let0405-1
StoArt,3.0,3.0,Let0405-1
StoArt,3.0,4.0,Let0405-1
StoArt,3.0,5.0,Let0405-1
StoArt,4.0,0.0,Let0405-1
StoArt,4.0,1.0,Let0405-1
StoArt,4.0,2.0,Let0405-1
StoArt,4.0,3.0,Let0405-1
StoArt,4.0,10.0,Let0405-1
StoArt,4.0,5.0,Let0405-1
c8888,5.0,0.0,Let0405-1
StoArt,5.0,1.0,Let0405-1
StoArt,5.0,2.0,Let0405-1
StoArt,5.0,3.0,Let0405-1
StoArt,5.0,4.0,Let0405-1
StoArt,5.0,5.0,Let0405-1
c8888,5.0,2.0,Let0405-1
FonSocAntCulI,5.0,3.0,Let0405-1
FonSocAntCulI,5.0,4.0,Let0405-1
FonSocAntCulI,,5.0,Let0405-1
Bibgra,0.0,0.0,Let0405-1
Bibgra,0.0,1.0,Let0405-1
Bibgra,0.0,2.0,Let0405-1
Bibgra,10.0,3.0,Let0405-1
Bibgra,1.0,0.0,Let0405-1
Bibgra,1.0,1.0,Let0405-1
Bibgra,1.0,2.0,Let0405-1
Bibgra,1.0,3.0,Let0405-1
Bibgra,2.0,0.0,Let0405-1
Bibgra,2.0,1.0,Let0405-1
Bibgra,2.0,2.0,Let0405-1
Bibgra,2.0,3.0,Let0405-1
Bibgra,3.0,0.0,Let0405-1
Bibgra,3.0,1.0,Let0405-1
Bibgra,3.0,2.0,Let0405-1
,3.0,3.0,Let0405-1
Bibgra,3.0,4.0,Let0405-1
Bibgra,3.0,5.0,Let0405-1
Bibgra,4.0,10.0,Let0405-1
Bibgra,4.0,1.0,Let0405-1
Bibgra,4.0,2.0,Let0405-1
Bibgra,4.0,,Let0405-1
Bibgra,4.0,4.0,Let0405-1
Bibgra,4.0,5.0,Let0405-1
Bibgra,5.0,0.0,Let0405-1
Bibgra,5.0,1.0,Let0405-1
Bibgra,5.0,2.0,Let0405-1
Bibgra,5.0,3.0,Let0405-1
Bibgra,-1.0,4.0,Let0405-1
Bibgra,5.0,5.0,Let0405-1
BibgraCS,10.0,0.0,Let0405-1
BibgraCS,0.0,1.0,Let0405-1
BibgraCS,0.0,2.0,Let0405-1
BibgraCS,0.0,3.0,Let0405-1
BibgraCS,-1.0,0.0,Let0405-1
BibgraCS,1.0,1.0,Let0405-1
BibgraCS,1.0,2.0,Let0405-1
BibgraCS,1.0,3.0,Let0405-1
c8888,2.0,0.0,Let0405-1
BibgraCS,2.0,1.0,Let0405-1
BibgraCS,2.0,2.0,Let0405-1
BibgraCS,2.0,3.0,Let0405-1
BibgraCS,3.0,10.0,Let0405-1
BibgraCS,3.0,,Let0405-1
BibgraCS,3.0,2.0,Let0405-1
BibgraCS,3.0,10.0,Let0405-1
BibgraCS,3.0,4.0,Let0405-1
BibgraCS,3.0,5.0,Let0405-1
BibgraCS,4.0,0.0,Let0405-1
BibgraCS,4.0,1.0,Let0405-1
BibgraCS,4.0,2.0,Let0405-1
BibgraCS,4.0,3.0,Let0405-1
BibgraCS,4.0,4.0,Let0405-1
BibgraCS,-1.0,5.0,Let0405-1
BibgraCS,5.0,0.0,Let0405-1
BibgraCS,5.0,1.0,Let0405-1
BibgraCS,5.0,2.0,Let0405-1
BibgraCS,5.0,3.0,Let0405-1
BibgraCS,5.0,4.0,Let0405-1
BibgraCS,5.0,5.0,Let0405-1
c0006,0.0,0.0,Ing0506-1
c0006,1.0,0.0,Ing0506-1
c0006,2.0,0.0,Ing0506-1
c0006,2.0,1.0,Ing0506-1
c0006,2.0,2.0,Ing0506-1
c0006,2.0,3.0,Ing0506-1
c0006,2.0,4.0,Ing0506-1
c0006,3.0,0.0,Ing0506-1
c0006,4.0,0.0,Ing0506-1
c0006,4.0,4.0,Ing0506-1
c0018,0.0,0.0,Ing0506-1
c0018,0.0,-1.0,Ing0506-1
c8888,0.0,2.0,Ing0506-1
c0018,0.0,3.0,Ing0506-1
c8888,0.0,4.0,Ing0506-1
c0018,4.0,2.0,Ing0506-1
c0018,4.0,3.0,Ing0506-1
c0018,4.0,4.0,Ing0506-1
c0026,0.0,2.0,Ing0506-1
c0026,1.0,2.0,Ing0506-1
c0026,2.0,2.0,Ing0506-1
c0026,3.0,2.0,Ing0506-1
c0026,4.0,2.0,Ing0506-1
c0046,0.0,2.0,Ing0506-1
c0046,1.0,0.0,Ing0506-1
c0046,1.0,10.0,Ing0506-1
c0046,1.0,3.0,Ing0506-1
c0046,1.0,4.0,Ing0506-1
,2.0,2.0,Ing0506-1
c0046,3.0,2.0,Ing0506-1
c0046,4.0,2.0,Ing0506-1
c0050,2.0,0.0,Ing0506-1
c8888,10.0,1.0,Ing0506-1
c0050,2.0,2.0,Ing0506-1
c0050,2.0,3.0,Ing0506-1
c0050,2.0,4.0,Ing0506-1
c8888,3.0,0.0,Ing0506-1
c0050,3.0,1.0,Ing0506-1
c0050,3.0,2.0,Ing0506-1
c0050,3.0,3.0,Ing0506-1
c0050,3.0,4.0,Ing0506-1
c0050,4.0,0.0,Ing0506-1
c0050,,1.0,Ing0506-1
c8888,4.0,2.0,Ing0506-1
c0050,-1.0,3.0,Ing0506-1
c0050,4.0,,Ing0506-1
c0059,0.0,0.0,Ing0506-1
c0059,2.0,0.0,Ing0506-1
c0059,3.0,0.0,Ing0506-1
c0059,3.0,1.0,Ing0506-1
c0059,3.0,2.0,Ing0506-1
c0059,3.0,3.0,Ing0506-1
c0059,3.0,4.0,Ing0506-1
c0059,4.0,0.0,Ing0506-1
c0064,0.0,0.0,Ing0506-1
c0064,0.0,1.0,Ing0506-1
c0064,0.0,2.0,Ing0506-1
c0064,0.0,3.0,Ing0506-1
c8888,0.0,4.0,Ing0506-1
c0064,4.0,0.0,Ing0506-1
c0064,4.0,3.0,Ing0506-1
c0064,4.0,4.0,Ing0506-1
c0073,0.0,0.0,Ing0506-1
c0073,0.0,1.0,Ing0506-1
c0073,0.0,2.0,Ing0506-1
c0073,10.0,3.0,Ing0506-1
c0073,0.0,4.0,Ing0506-1
c0073,4.0,0.0,Ing0506-1
c0073,4.0,1.0,Ing0506-1
c0073,4.0,2.0,Ing0506-1
c0073,4.0,,Ing0506-1
c0073,4.0,4.0,Ing0506-1
c0085,0.0,0.0,Ing0506-1
c8888,4.0,4.0,Ing0506-1
c0091,0.0,0.0,Ing0506-1
c0091,0.0,4.0,Ing0506-1
c0091,1.0,4.0,Ing0506-1
c0091,2.0,4.0,Ing0506-1
c0091,3.0,4.0,Ing0506-1
c0091,10.0,4.0,Ing0506-1
c0097,0.0,0.0,Ing0506-1
c0097,0.0,1.0,Ing0506-1
c0097,0.0,,Ing0506-1
c0097,0.0,3.0,Ing0506-1
c0097,0.0,4.0,Ing0506-1
c0097,1.0,0.0,Ing0506-1
c0097,1.0,1.0,Ing0506-1
c0097,4.0,0.0,Ing0506-1
c0097,4.0,1.0,Ing0506-1
c0097,4.0,2.0,Ing0506-1
c0097,10.0,3.0,Ing0506-1
c0097,4.0,4.0,Ing0506-1
c0099,1.0,0.0,Ing0506-1
c8888,1.0,1.0,Ing0506-1
c0099,1.0,2.0,Ing0506-1
c0099,1.0,3.0,Ing0506-1
c0099,1.0,4.0,Ing0506-1
c0099,2.0,3.0,Ing0506-1
c0099,3.0,3.0,Ing0506-1
c0099,3.0,4.0,Ing0506-1
c0105,0.0,0.0,Ing0506-1
c0105,0.0,1.0,Ing0506-1
c0105,0.0,2.0,Ing0506-1
c0105,3.0,,Ing0506-1
c0105,3.0,1.0,Ing0506-1
c0105,3.0,2.0,Ing0506-1
c0105,3.0,10.0,Ing0506-1
c0105,3.0,4.0,Ing0506-1
c0105,4.0,0.0,Ing0506-1
c0105,4.0,1.0,Ing0506-1
c0105,4.0,2.0,Ing0506-1
c0105,4.0,3.0,Ing0506-1
c0105,4.0,4.0,Ing0506-1
c0128,0.0,2.0,Ing0506-1
c8888,0.0,4.0,Ing0506-1
c0128,1.0,2.0,Ing0506-1
c0128,1.0,4.0,Ing0506-1
c0128,2.0,,Ing0506-1
c0128,2.0,4.0,Ing0506-1
c0128,3.0,2.0,Ing0506-1
c0128,4.0,2.0,Ing0506-1
c0128,4.0,4.0,Ing0506-1
c0137,0.0,0.0,Ing0506-1
c0137,0.0,1.0,Ing0506-1
c0137,0.0,2.0,Ing0506-1
c0137,4.0,0.0,Ing0506-1
c0137,4.0,1.0,Ing0506-1
c0137,4.0,2.0,Ing0506-1
c0137,4.0,3.0,Ing0506-1
c0137,4.0,4.0,Ing0506-1
c8888,0.0,2.0,Ing0506-1
c0142,1.0,2.0,Ing0506-1
c8888,1.0,10.0,Ing0506-1
c0154,0.0,3.0,Ing0506-1
c0154,0.0,4.0,Ing0506-1
c0154,10.0,3.0,Ing0506-1
c0154,1.0,4.0,Ing0506-1
c8888,2.0,3.0,Ing0506-1
c0154,2.0,4.0,Ing0506-1
c0154,3.0,2.0,Ing0506-1
c0154,,10.0,Ing0506-1
c0154,3.0,4.0,Ing0506-1
c0154,,2.0,Ing0506-1
c0154,4.0,4.0,Ing0506-1
c8888,0.0,0.0,Ing0506-1
c0180,0.0,1.0,Ing0506-1
c0180,0.0,2.0,Ing0506-1
c8888,0.0,3.0,Ing0506-1
c0180,0.0,4.0,Ing0506-1
c0180,1.0,0.0,Ing0506-1
c0180,2.0,0.0,Ing0506-1
c8888,3.0,0.0,Ing0506-1
c0180,4.0,0.0,Ing0506-1
c0180,4.0,1.0,Ing0506-1
c0180,4.0,2.0,Ing0506-1
c0180,4.0,3.0,Ing0506-1
c0180,4.0,4.0,Ing0506-1
c0184,3.0,2.0,Ing0506-1
c0184,3.0,3.0,Ing0506-1
c0184,3.0,4.0,Ing0506-1
c0184,4.0,0.0,Ing0506-1
c0184,,1.0,Ing0506-1
c0184,4.0,2.0,Ing0506-1
c0184,4.0,3.0,Ing0506-1
c0184,4.0,4.0,Ing0506-1
c0185,1.0,2.0,Ing0506-1
c0185,1.0,3.0,Ing0506-1
c0185,1.0,4.0,Ing0506-1
c0185,4.0,0.0,Ing0506-1
c0185,4.0,1.0,Ing0506-1
c0185,4.0,2.0,Ing0506-1
c0185,,3.0,Ing0506-1
c0185,4.0,4.0,Ing0506-1
c0600,0.0,0.0,Ing0506-1
c0600,0.0,4.0,Ing0506-1
c0600,1.0,0.0,Ing0506-1
c0600,2.0,0.0,Ing0506-1
c0600,3.0,0.0,Ing0506-1
c0600,3.0,4.0,Ing0506-1
c0600,4.0,0.0,Ing0506-1
c0600,-1.0,4.0,Ing0506-1
c0724,0.0,0.0,Ing0506-1
c0724,-1.0,1.0,Ing0506-1
c0724,10.0,2.0,Ing0506-1
c8888,1.0,0.0,Ing0506-1
c0724,2.0,0.0,Ing0506-1
c0724,3.0,0.0,Ing0506-1
c0724,4.0,0.0,Ing0506-1
c0724,4.0,4.0,Ing0506-1
c0806,0.0,4.0,Ing0506-1
c0806,1.0,4.0,Ing0506-1
c0806,2.0,4.0,Ing0506-1
c0806,3.0,4.0,Ing0506-1
c0806,4.0,3.0,Ing0506-1
c0806,4.0,4.0,Ing0506-1
c0816,0.0,0.0,Ing0506-1
c0816,0.0,1.0,Ing0506-1
c0816,0.0,2.0,Ing0506-1
c0816,0.0,3.0,Ing0506-1
c0816,0.0,4.0,Ing0506-1
c0820,0.0,0.0,Ing0506-1
c0820,0.0,1.0,Ing0506-1
c0820,0.0,2.0,Ing0506-1
c0820,0.0,3.0,Ing0506-1
c0820,-1.0,4.0,Ing0506-1
c0199,3.0,2.0,Ing0506-1
c0199,3.0,3.0,Ing0506-1
c0199,3.0,4.0,Ing0506-1
c0199,4.0,0.0,Ing0506-1
c0199,4.0,1.0,Ing0506-1
c0199,4.0,2.0,Ing0506-1
c0199,4.0,3.0,Ing0506-1
c0199,4.0,4.0,Ing0506-1
c0200,0.0,1.0,Ing0506-1
c0200,0.0,2.0,Ing0506-1
c0200,1.0,1.0,Ing0506-1
,10.0,2.0,Ing0506-1
c0200,2.0,1.0,Ing0506-1
c8888,2.0,2.0,Ing0506-1
c0200,3.0,2.0,Ing0506-1
c0200,4.0,2.0,Ing0506-1
c0202,3.0,10.0,Ing0506-1
c0202,3.0,1.0,Ing0506-1
c0202,3.0,2.0,Ing0506-1
c0202,3.0,3.0,Ing0506-1
c0202,3.0,4.0,Ing0506-1
c0202,4.0,0.0,Ing0506-1
c0202,4.0,1.0,Ing0506-1
c8888,4.0,2.0,Ing0506-1
c8888,4.0,3.0,Ing0506-1
c0202,4.0,4.0,Ing0506-1
c0212,0.0,4.0,Ing0506-1
c0212,1.0,4.0,Ing0506-1
c0212,2.0,4.0,Ing0506-1
c0212,3.0,4.0,Ing0506-1
c0212,4.0,3.0,Ing0506-1
c0212,4.0,4.0,Ing0506-1
c0228,0.0,0.0,Ing0506-1
c0228,0.0,10.0,Ing0506-1
c0228,-1.0,3.0,Ing0506-1
c8888,0.0,4.0,Ing0506-1
c0228,1.0,0.0,Ing0506-1
c0228,1.0,1.0,Ing0506-1
c8888,1.0,3.0,Ing0506-1
c0228,1.0,4.0,Ing0506-1
c0228,2.0,0.0,Ing0506-1
c0228,2.0,1.0,Ing0506-1
c0228,2.0,3.0,Ing0506-1
c0228,2.0,,Ing0506-1
c0228,3.0,0.0,Ing0506-1
c0228,3.0,1.0,Ing0506-1
c0228,3.0,3.0,Ing0506-1
c0228,3.0,4.0,Ing0506-1
c0228,4.0,0.0,Ing0506-1
c0228,4.0,1.0,Ing0506-1
c0228,4.0,3.0,Ing0506-1
c0228,4.0,4.0,Ing0506-1
c0231,0.0,0.0,Ing0506-1
c0231,0.0,2.0,Ing0506-1
c0231,1.0,2.0,Ing0506-1
c8888,2.0,0.0,Ing0506-1
c0231,2.0,2.0,Ing0506-1
c0231,3.0,2.0,Ing0506-1
c0231,4.0,0.0,Ing0506-1
c0231,4.0,2.0,Ing0506-1
c0261,2.0,2.0,Ing0506-1
c0261,2.0,3.0,Ing0506-1
c0261,2.0,4.0,Ing0506-1
c0261,3.0,0.0,Ing0506-1
c0261,3.0,1.0,Ing0506-1
c0261,3.0,2.0,Ing0506-1
c0261,3.0,3.0,Ing0506-1
c0261,3.0,4.0,Ing0506-1
c0281,0.0,4.0,Ing0506-1
c0281,1.0,4.0,Ing0506-1
c0281,2.0,4.0,Ing0506-1
c0281,3.0,4.0,Ing0506-1
c0281,4.0,4.0,Ing0506-1
c0427,1.0,4.0,Ing0506-1
c0427,2.0,4.0,Ing0506-1
c0427,3.0,4.0,Ing0506-1
c8888,4.0,10.0,Ing0506-1
c0427,4.0,1.0,Ing0506-1
c8888,4.0,2.0,Ing0506-1
c0427,4.0,3.0,Ing0506-1
c0427,4.0,4.0,Ing0506-1
c0429,0.0,0.0,Ing0506-1
c0429,0.0,4.0,Ing0506-1
c0429,1.0,4.0,Ing0506-1
c0429,2.0,4.0,Ing0506-1
c0429,3.0,4.0,Ing0506-1
c0429,4.0,2.0,Ing0506-1
c0429,4.0,3.0,Ing0506-1
c0429,4.0,4.0,Ing0506-1
c0433,0.0,0.0,Ing0506-1
c8888,0.0,1.0,Ing0506-1
c0433,0.0,2.0,Ing0506-1
c0433,4.0,0.0,Ing0506-1
c0433,4.0,1.0,Ing0506-1
c0433,4.0,2.0,Ing0506-1
c0433,4.0,3.0,Ing0506-1
c0433,4.0,4.0,Ing0506-1
c0440,0.0,0.0,Ing0506-1
c0440,0.0,1.0,Ing0506-1
c8888,0.0,2.0,Ing0506-1
c0440,0.0,3.0,Ing0506-1
c0440,0.0,4.0,Ing0506-1
c8888,1.0,0.0,Ing0506-1
c0440,1.0,1.0,Ing0506-1
c0440,1.0,2.0,Ing0506-1
c0442,0.0,0.0,Ing0506-1
c0442,0.0,1.0,Ing0506-1
c8888,10.0,2.0,Ing0506-1
c0442,0.0,3.0,Ing0506-1
c8888,0.0,4.0,Ing0506-1
c0442,4.0,2.0,Ing0506-1
c0442,4.0,3.0,Ing0506-1
c0442,-1.0,4.0,Ing0506-1
c1009,0.0,2.0,Ing0506-1
c1009,0.0,3.0,Ing0506-1
c1009,0.0,4.0,Ing0506-1
c1009,2.0,2.0,Ing0506-1
c1009,2.0,3.0,Ing0506-1
c8888,2.0,4.0,Ing0506-1
c1020,0.0,0.0,Ing0506-1
c1020,0.0,1.0,Ing0506-1
c1020,0.0,2.0,Ing0506-1
c8888,0.0,3.0,Ing0506-1
c1020,0.0,4.0,Ing0506-1
c8888,4.0,0.0,Ing0506-1
c1020,4.0,1.0,Ing0506-1
c1020,4.0,2.0,Ing0506-1
c1020,4.0,3.0,Ing0506-1
c1020,4.0,4.0,Ing0506-1
c1023,0.0,0.0,Ing0506-1
c1023,0.0,1.0,Ing0506-1
c1023,0.0,2.0,Ing0506-1
c1023,0.0,4.0,Ing0506-1
c1023,1.0,0.0,Ing0506-1
c1023,1.0,1.0,Ing0506-1
c1023,1.0,2.0,Ing0506-1
c8888,1.0,4.0,Ing0506-1
c1023,2.0,0.0,Ing0506-1
c1023,2.0,1.0,Ing0506-1
c1023,2.0,2.0,Ing0506-1
c1023,2.0,4.0,Ing0506-1
c1023,3.0,0.0,Ing0506-1
c1023,3.0,1.0,Ing0506-1
c1023,3.0,2.0,Ing0506-1
c1023,3.0,4.0,Ing0506-1
c1023,4.0,0.0,Ing0506-1
c1023,4.0,1.0,Ing0506-1
c1023,4.0,2.0,Ing0506-1
c1023,4.0,4.0,Ing0506-1
c1028,0.0,0.0,Ing0506-1
c1028,0.0,1.0,Ing0506-1
c1028,0.0,2.0,Ing0506-1
c1028,0.0,4.0,Ing0506-1
c1028,1.0,0.0,Ing0506-1
c1028,1.0,1.0,Ing0506-1
c1028,1.0,2.0,Ing0506-1
c1028,1.0,4.0,Ing0506-1
c1028,2.0,0.0,Ing0506-1
c1028,2.0,1.0,Ing0506-1
c1028,2.0,2.0,Ing0506-1
c1028,2.0,4.0,Ing0506-1
c1028,3.0,0.0,Ing0506-1
c1028,3.0,1.0,Ing0506-1
c1028,3.0,2.0,Ing0506-1
c1028,3.0,4.0,Ing0506-1
c1028,-1.0,0.0,Ing0506-1
c1028,4.0,1.0,Ing0506-1
c1028,4.0,2.0,Ing0506-1
c1028,4.0,4.0,Ing0506-1
c1031,0.0,0.0,Ing0506-1
,1.0,0.0,Ing0506-1
c1031,2.0,-1.0,Ing0506-1
c1031,3.0,0.0,Ing0506-1
c8888,10.0,2.0,Ing0506-1
c8888,4.0,0.0,Ing0506-1
c1031,4.0,2.0,Ing0506-1
c1031,4.0,3.0,Ing0506-1
c1032,0.0,0.0,Ing0506-1
c1032,,1.0,Ing0506-1
c1032,0.0,2.0,Ing0506-1
c1032,0.0,4.0,Ing0506-1
c1032,1.0,0.0,Ing0506-1
c1032,1.0,1.0,Ing0506-1
c1032,1.0,2.0,Ing0506-1
c1032,1.0,4.0,Ing0506-1
c1032,-1.0,0.0,Ing0506-1
c1032,2.0,1.0,Ing0506-1
c1032,2.0,2.0,Ing0506-1
c1032,2.0,4.0,Ing0506-1
c8888,3.0,0.0,Ing0506-1
c1032,3.0,1.0,Ing0506-1
c1032,3.0,2.0,Ing0506-1
c1032,10.0,4.0,Ing0506-1
,-1.0,0.0,Ing0506-1
c1032,4.0,1.0,Ing0506-1
c1032,4.0,2.0,Ing0506-1
c1032,4.0,4.0,Ing0506-1
c1033,0.0,2.0,Ing0506-1
c1033,0.0,3.0,Ing0506-1
c1033,10.0,4.0,Ing0506-1
c1033,1.0,2.0,Ing0506-1
c1033,1.0,3.0,Ing0506-1
c1033,10.0,4.0,Ing0506-1
c1033,2.0,2.0,Ing0506-1
c1033,2.0,10.0,Ing0506-1
c1033,2.0,4.0,Ing0506-1
c1033,3.0,2.0,Ing0506-1
c1033,-1.0,3.0,Ing0506-1
c1033,3.0,4.0,Ing0506-1
c1033,4.0,2.0,Ing0506-1
c1033,4.0,3.0,Ing0506-1
c1033,4.0,4.0,Ing0506-1
c1034,0.0,0.0,Ing0506-1
c1034,0.0,1.0,Ing0506-1
c8888,0.0,2.0,Ing0506-1
c1034,0.0,4.0,Ing0506-1
c8888,1.0,0.0,Ing0506-1
c1034,1.0,1.0,Ing0506-1
c1034,1.0,2.0,Ing0506-1
c1034,1.0,4.0,Ing0506-1
c1034,2.0,0.0,Ing0506-1
c1034,2.0,1.0,Ing0506-1
c1034,2.0,2.0,Ing0506-1
c1034,2.0,4.0,Ing0506-1
c1034,3.0,0.0,Ing0506-1
c1034,3.0,1.0,Ing0506-1
c1034,3.0,2.0,Ing0506-1
c1034,3.0,4.0,Ing0506-1
c1034,4.0,0.0,Ing0506-1
c1034,4.0,1.0,Ing0506-1
c1034,4.0,2.0,Ing0506-1
c1034,4.0,,Ing0506-1
c8888,3.0,2.0,Ing0506-1
c0450,3.0,3.0,Ing0506-1
c0450,3.0,4.0,Ing0506-1
c0450,4.0,0.0,Ing0506-1
c0450,4.0,1.0,Ing0506-1
c0450,4.0,2.0,Ing0506-1
c0450,4.0,3.0,Ing0506-1
c0450,4.0,4.0,Ing0506-1
c0452,0.0,0.0,Ing0506-1
c0452,0.0,1.0,Ing0506-1
c8888,0.0,2.0,Ing0506-1
c0452,0.0,3.0,Ing0506-1
c0452,0.0,4.0,Ing0506-1
c0452,2.0,2.0,Ing0506-1
c0452,2.0,3.0,Ing0506-1
c0452,2.0,4.0,Ing0506-1
c8888,4.0,0.0,Ing0506-1
c0452,4.0,,Ing0506-1
c0452,4.0,2.0,Ing0506-1
c0452,4.0,3.0,Ing0506-1
c0452,4.0,4.0,Ing0506-1
c0462,0.0,0.0,Ing0506-1
c0462,0.0,1.0,Ing0506-1
c0462,0.0,2.0,Ing0506-1
c0462,0.0,3.0,Ing0506-1
c0462,0.0,4.0,Ing0506-1
c0462,4.0,2.0,Ing0506-1
c8888,4.0,3.0,Ing0506-1
c0462,4.0,4.0,Ing0506-1
c0474,-1.0,0.0,Ing0506-1
c0474,0.0,1.0,Ing0506-1
c0474,0.0,2.0,Ing0506-1
,0.0,3.0,Ing0506-1
c0474,0.0,4.0,Ing0506-1
c0474,4.0,2.0,Ing0506-1
c0474,4.0,3.0,Ing0506-1
c0474,4.0,4.0,Ing0506-1
c0484,0.0,0.0,Ing0506-1
c0484,0.0,1.0,Ing0506-1
c0484,0.0,2.0,Ing0506-1
c0484,0.0,3.0,Ing0506-1
c0484,0.0,4.0,Ing0506-1
c0484,2.0,2.0,Ing0506-1
c0484,2.0,3.0,Ing0506-1
c0484,2.0,4.0,Ing0506-1
c0484,4.0,2.0,Ing0506-1
c0484,4.0,3.0,Ing0506-1
c0484,4.0,4.0,Ing0506-1
c0513,0.0,0.0,Ing0506-1
c0513,0.0,1.0,Ing0506-1
c0513,0.0,2.0,Ing0506-1
c0513,1.0,0.0,Ing0506-1
c0513,2.0,0.0,Ing0506-1
c0513,3.0,0.0,Ing0506-1
c0513,4.0,0.0,Ing0506-1
c0513,4.0,4.0,Ing0506-1
c0516,1.0,0.0,Ing0506-1
c0516,1.0,1.0,Ing0506-1
c0516,1.0,2.0,Ing0506-1
c0516,1.0,3.0,Ing0506-1
c0516,1.0,4.0,Ing0506-1
c0516,4.0,0.0,Ing0506-1
c0516,4.0,1.0,Ing0506-1
c0516,4.0,2.0,Ing0506-1
c0516,,3.0,Ing0506-1
c0516,4.0,4.0,Ing0506-1
c0519,0.0,0.0,Ing0506-1
c8888,0.0,1.0,Ing0506-1
c0519,0.0,2.0,Ing0506-1
c0519,0.0,3.0,Ing0506-1
c0519,0.0,-1.0,Ing0506-1
c0519,1.0,2.0,Ing0506-1
c8888,2.0,2.0,Ing0506-1
c0519,3.0,2.0,Ing0506-1
c0519,4.0,2.0,Ing0506-1
c0519,4.0,3.0,Ing0506-1
c0519,4.0,4.0,Ing0506-1
,0.0,0.0,Ing0506-1
c0524,0.0,1.0,Ing0506-1
c0524,0.0,2.0,Ing0506-1
c0524,0.0,3.0,Ing0506-1
c0524,0.0,4.0,Ing0506-1
c0524,1.0,0.0,Ing0506-1
c0524,1.0,1.0,Ing0506-1
c0524,4.0,0.0,Ing0506-1
c0524,4.0,1.0,Ing0506-1
c8888,4.0,2.0,Ing0506-1
c8888,4.0,3.0,Ing0506-1
c0524,4.0,4.0,Ing0506-1
,0.0,0.0,Ing0506-1
c0533,1.0,0.0,Ing0506-1
c0533,2.0,0.0,Ing0506-1
c0533,3.0,0.0,Ing0506-1
c0533,4.0,0.0,Ing0506-1
c0533,4.0,2.0,Ing0506-1
c0533,4.0,3.0,Ing0506-1
c0533,4.0,4.0,Ing0506-1
c0536,0.0,0.0,Ing0506-1
c0536,0.0,1.0,Ing0506-1
c0536,0.0,2.0,Ing0506-1
c0536,0.0,3.0,Ing0506-1
c0536,0.0,4.0,Ing0506-1
c0536,4.0,0.0,Ing0506-1
c0536,4.0,1.0,Ing0506-1
c0536,4.0,2.0,Ing0506-1
c0830,0.0,0.0,Ing0506-1
c0830,0.0,1.0,Ing0506-1
c0830,0.0,2.0,Ing0506-1
c0830,0.0,3.0,Ing0506-1
c0830,0.0,4.0,Ing0506-1
c0830,1.0,0.0,Ing0506-1
c0830,2.0,0.0,Ing0506-1
c0830,-1.0,0.0,Ing0506-1
c0840,3.0,2.0,Ing0506-1
c0840,4.0,2.0,Ing0506-1
c0840,4.0,4.0,Ing0506-1
c0846,3.0,2.0,Ing0506-1
c0846,4.0,2.0,Ing0506-1
c0846,4.0,4.0,Ing0506-1
,0.0,0.0,Ing0506-1
c0852,0.0,1.0,Ing0506-1
c0852,0.0,2.0,Ing0506-1
c0852,3.0,2.0,Ing0506-1
c0852,4.0,0.0,Ing0506-1
c0852,4.0,1.0,Ing0506-1
c0852,4.0,2.0,Ing0506-1
c8888,4.0,3.0,Ing0506-1
c0852,4.0,4.0,Ing0506-1
c0881,0.0,0.0,Ing0506-1
c0881,0.0,1.0,Ing0506-1
c0881,0.0,2.0,Ing0506-1
c0881,1.0,0.0,Ing0506-1
c0881,1.0,2.0,Ing0506-1
c0881,1.0,4.0,Ing0506-1
c0881,2.0,2.0,Ing0506-1
c0881,3.0,2.0,Ing0506-1
c0881,4.0,2.0,Ing0506-1
c0896,2.0,0.0,Ing0506-1
c0896,2.0,1.0,Ing0506-1
c8888,2.0,2.0,Ing0506-1
c0896,2.0,3.0,Ing0506-1
c0896,2.0,4.0,Ing0506-1
c0896,3.0,2.0,Ing0506-1
c0896,4.0,0.0,Ing0506-1
c0896,4.0,1.0,Ing0506-1
c0896,4.0,2.0,Ing0506-1
c8888,4.0,3.0,Ing0506-1
c0896,10.0,4.0,Ing0506-1
c0898,0.0,2.0,Ing0506-1
c0898,0.0,4.0,Ing0506-1
c0898,1.0,2.0,Ing0506-1
c0898,2.0,2.0,Ing0506-1
c0898,3.0,2.0,Ing0506-1
c0898,3.0,4.0,Ing0506-1
c8888,4.0,2.0,Ing0506-1
,4.0,4.0,Ing0506-1
c0935,4.0,0.0,Ing0506-1
c0935,4.0,1.0,Ing0506-1
c0935,4.0,2.0,Ing0506-1
c0935,4.0,10.0,Ing0506-1
c0935,-1.0,4.0,Ing0506-1
c1058,0.0,0.0,Ing0506-1
c1058,0.0,1.0,Ing0506-1
c1058,0.0,2.0,Ing0506-1
c1058,0.0,3.0,Ing0506-1
c1058,0.0,4.0,Ing0506-1
c1058,4.0,0.0,Ing0506-1
c8888,4.0,1.0,Ing0506-1
c1058,4.0,2.0,Ing0506-1
c1058,4.0,3.0,Ing0506-1
c1058,4.0,4.0,Ing0506-1
c1067,0.0,0.0,Ing0506-1
c1067,0.0,1.0,Ing0506-1
c1067,0.0,2.0,Ing0506-1
c8888,0.0,3.0,Ing0506-1
c8888,0.0,4.0,Ing0506-1
c1067,4.0,2.0,Ing0506-1
c1067,4.0,3.0,Ing0506-1
c1067,4.0,4.0,Ing0506-1
c1068,0.0,0.0,Ing0506-1
c1068,0.0,1.0,Ing0506-1
c1068,0.0,2.0,Ing0506-1
c1068,,10.0,Ing0506-1
c8888,4.0,1.0,Ing0506-1
c1068,4.0,2.0,Ing0506-1
c8888,4.0,3.0,Ing0506-1
c1068,4.0,4.0,Ing0506-1
c1089,0.0,1.0,Ing0506-1
c1089,1.0,1.0,Ing0506-1
c1089,2.0,1.0,Ing0506-1
c1089,3.0,1.0,Ing0506-1
c1089,3.0,2.0,Ing0506-1
c1089,4.0,1.0,Ing0506-1
c8888,4.0,2.0,Ing0506-1
c1089,4.0,3.0,Ing0506-1
c0007,0.0,0.0,Ing0607-2
c0007,0.0,4.0,Ing0607-2
c0007,1.0,0.0,Ing0607-2
c0007,1.0,4.0,Ing0607-2
c0007,2.0,0.0,Ing0607-2
c0007,2.0,4.0,Ing0607-2
c0007,3.0,10.0,Ing0607-2
c0007,4.0,0.0,Ing0607-2
c0015,0.0,0.0,Ing0607-2
c8888,0.0,2.0,Ing0607-2
c0015,1.0,0.0,Ing0607-2
c0015,1.0,2.0,Ing0607-2
c0015,2.0,0.0,Ing0607-2
c0015,2.0,2.0,Ing0607-2
c8888,3.0,2.0,Ing0607-2
c0015,4.0,2.0,Ing0607-2
c0019,0.0,0.0,Ing0607-2
c0019,-1.0,1.0,Ing0607-2
c0019,0.0,2.0,Ing0607-2
,0.0,3.0,Ing0607-2
c0019,0.0,4.0,Ing0607-2
c0019,1.0,0.0,Ing0607-2
c0019,2.0,0.0,Ing0607-2
c0019,3.0,0.0,Ing0607-2
c0020,0.0,0.0,Ing0607-2
c0020,0.0,1.0,Ing0607-2
c0020,1.0,0.0,Ing0607-2
c0020,2.0,0.0,Ing0607-2
c0020,3.0,0.0,Ing0607-2
c0020,4.0,0.0,Ing0607-2
c0020,4.0,2.0,Ing0607-2
c0020,4.0,3.0,Ing0607-2
c8888,4.0,4.0,Ing0607-2
c0023,0.0,0.0,Ing0607-2
c0023,0.0,-1.0,Ing0607-2
c0023,0.0,2.0,Ing0607-2
c0023,0.0,3.0,Ing0607-2
c0023,0.0,4.0,Ing0607-2
c0023,1.0,0.0,Ing0607-2
c0023,1.0,1.0,Ing0607-2
c8888,1.0,2.0,Ing0607-2
c0023,4.0,2.0,Ing0607-2
c0023,4.0,3.0,Ing0607-2
c0023,4.0,4.0,Ing0607-2
c0024,0.0,-1.0,Ing0607-2
c0024,0.0,1.0,Ing0607-2
c0024,0.0,2.0,Ing0607-2
c0024,1.0,10.0,Ing0607-2
c0024,2.0,0.0,Ing0607-2
c0024,3.0,0.0,Ing0607-2
c8888,4.0,0.0,Ing0607-2
c0024,4.0,4.0,Ing0607-2
c0044,0.0,0.0,Ing0607-2
c0044,0.0,1.0,Ing0607-2
c0044,3.0,4.0,Ing0607-2
c0044,4.0,-1.0,Ing0607-2
c0044,4.0,1.0,Ing0607-2
c0044,4.0,2.0,Ing0607-2
c0044,4.0,3.0,Ing0607-2
c0044,4.0,4.0,Ing0607-2
c0047,0.0,0.0,Ing0607-2
c0047,0.0,1.0,Ing0607-2
c0047,0.0,2.0,Ing0607-2
c0047,0.0,3.0,Ing0607-2
c0047,0.0,4.0,Ing0607-2
c0047,4.0,2.0,Ing0607-2
c0047,4.0,3.0,Ing0607-2
c0047,4.0,4.0,Ing0607-2
c0049,0.0,0.0,Ing0607-2
c0049,0.0,1.0,Ing0607-2
c0049,0.0,2.0,Ing0607-2
c0049,4.0,0.0,Ing0607-2
c0049,4.0,1.0,Ing0607-2
c0049,4.0,2.0,Ing0607-2
c0049,4.0,3.0,Ing0607-2
c0049,4.0,4.0,Ing0607-2
c0053,1.0,2.0,Ing0607-2
c0053,1.0,3.0,Ing0607-2
c0053,1.0,4.0,Ing0607-2
c0053,4.0,0.0,Ing0607-2
c0053,4.0,1.0,Ing0607-2
c0053,4.0,2.0,Ing0607-2
c0053,4.0,3.0,Ing0607-2
c0053,4.0,4.0,Ing0607-2
c0056,0.0,2.0,Ing0607-2
c0056,0.0,3.0,Ing0607-2
c0056,0.0,4.0,Ing0607-2
c0056,1.0,2.0,Ing0607-2
c0056,1.0,3.0,Ing0607-2
c0056,1.0,4.0,Ing0607-2
c0056,2.0,2.0,Ing0607-2
c0056,2.0,3.0,Ing0607-2
c0056,2.0,4.0,Ing0607-2
c0056,3.0,2.0,Ing0607-2
c0056,3.0,3.0,Ing0607-2
c8888,3.0,4.0,Ing0607-2
c0056,4.0,2.0,Ing0607-2
c0056,4.0,3.0,Ing0607-2
c0056,4.0,4.0,Ing0607-2
c0058,0.0,10.0,Ing0607-2
c0058,1.0,10.0,Ing0607-2
c0058,2.0,0.0,Ing0607-2
c0058,2.0,2.0,Ing0607-2
c0058,2.0,3.0,Ing0607-2
c0058,2.0,4.0,Ing0607-2
c0058,3.0,0.0,Ing0607-2
c0058,3.0,1.0,Ing0607-2
c0058,3.0,10.0,Ing0607-2
c0058,3.0,3.0,Ing0607-2
c0058,3.0,4.0,Ing0607-2
c0061,0.0,0.0,Ing0607-2
c0061,1.0,0.0,Ing0607-2
c0061,3.0,0.0,Ing0607-2
c0061,4.0,0.0,Ing0607-2
c0061,4.0,1.0,Ing0607-2
c0061,4.0,2.0,Ing0607-2
c0061,4.0,3.0,Ing0607-2
c0061,4.0,4.0,Ing0607-2
c0062,0.0,0.0,Ing0607-2
c0062,0.0,1.0,Ing0607-2
,1.0,0.0,Ing0607-2
c0062,4.0,0.0,Ing0607-2
c0062,4.0,1.0,Ing0607-2
c0062,4.0,2.0,Ing0607-2
c0062,4.0,3.0,Ing0607-2
c0062,4.0,4.0,Ing0607-2
c8888,1.0,10.0,Ing0607-2
c0069,1.0,3.0,Ing0607-2
c0069,1.0,4.0,Ing0607-2
c0069,4.0,0.0,Ing0607-2
c8888,4.0,1.0,Ing0607-2
c0069,4.0,2.0,Ing0607-2
,4.0,10.0,Ing0607-2
c0069,4.0,4.0,Ing0607-2
c0072,0.0,0.0,Ing0607-2
c0072,0.0,1.0,Ing0607-2
c0072,0.0,2.0,Ing0607-2
c0072,0.0,3.0,Ing0607-2
c0072,0.0,4.0,Ing0607-2
c0072,4.0,0.0,Ing0607-2
c0072,4.0,1.0,Ing0607-2
c0072,4.0,2.0,Ing0607-2
c0072,4.0,3.0,Ing0607-2
c8888,4.0,4.0,Ing0607-2
c0088,0.0,0.0,Ing0607-2
c0088,0.0,2.0,Ing0607-2
c0088,1.0,2.0,Ing0607-2
c0088,2.0,2.0,Ing0607-2
c0088,3.0,2.0,Ing0607-2
c0088,3.0,4.0,Ing0607-2
c8888,4.0,2.0,Ing0607-2
c0088,4.0,4.0,Ing0607-2
c0095,3.0,0.0,Ing0607-2
c8888,3.0,1.0,Ing0607-2
,3.0,2.0,Ing0607-2
c0095,3.0,3.0,Ing0607-2
c0095,3.0,4.0,Ing0607-2
c0095,-1.0,0.0,Ing0607-2
c0095,4.0,1.0,Ing0607-2
c0095,4.0,2.0,Ing0607-2
c0095,4.0,3.0,Ing0607-2
c8888,4.0,4.0,Ing0607-2
c8888,1.0,4.0,Ing0607-2
c0103,10.0,4.0,Ing0607-2
c0103,3.0,4.0,Ing0607-2
c0103,4.0,0.0,Ing0607-2
c0103,4.0,1.0,Ing0607-2
c0103,4.0,2.0,Ing0607-2
c0103,4.0,3.0,Ing0607-2
c0103,10.0,4.0,Ing0607-2
c0110,0.0,0.0,Ing0607-2
c0110,1.0,0.0,Ing0607-2
c0110,2.0,0.0,Ing0607-2
c0110,2.0,2.0,Ing0607-2
c0110,2.0,3.0,Ing0607-2
c0110,2.0,4.0,Ing0607-2
c0110,3.0,0.0,Ing0607-2
c0110,3.0,1.0,Ing0607-2
c0110,3.0,2.0,Ing0607-2
c0110,3.0,3.0,Ing0607-2
c0110,3.0,,Ing0607-2
c0113,4.0,0.0,Ing0607-2
c0113,4.0,1.0,Ing0607-2
c0113,4.0,2.0,Ing0607-2
c8888,4.0,3.0,Ing0607-2
c0113,4.0,4.0,Ing0607-2
c0115,1.0,2.0,Ing0607-2
c0115,1.0,3.0,Ing0607-2
c0115,1.0,4.0,Ing0607-2
c8888,2.0,2.0,Ing0607-2
c0115,2.0,3.0,Ing0607-2
c0115,2.0,4.0,Ing0607-2
c0118,1.0,0.0,Ing0607-2
c0118,1.0,1.0,Ing0607-2
c0118,1.0,2.0,Ing0607-2
c0118,1.0,3.0,Ing0607-2
c0118,1.0,4.0,Ing0607-2
c0118,4.0,2.0,Ing0607-2
c0118,4.0,3.0,Ing0607-2
c0118,-1.0,4.0,Ing0607-2
c0129,3.0,2.0,Ing0607-2
c0129,4.0,2.0,Ing0607-2
c0129,4.0,4.0,Ing0607-2
c0131,2.0,0.0,Ing0607-2
c0131,2.0,1.0,Ing0607-2
c8888,2.0,2.0,Ing0607-2
c0131,2.0,3.0,Ing0607-2
c0131,2.0,4.0,Ing0607-2
c0131,3.0,2.0,Ing0607-2
c0131,10.0,2.0,Ing0607-2
c0131,4.0,,Ing0607-2
c0132,0.0,2.0,Ing0607-2
c8888,10.0,2.0,Ing0607-2
c0132,1.0,4.0,Ing0607-2
c8888,3.0,2.0,Ing0607-2
c0132,3.0,3.0,Ing0607-2
c0132,,4.0,Ing0607-2
c0132,4.0,0.0,Ing0607-2
c0132,4.0,1.0,Ing0607-2
c0132,4.0,2.0,Ing0607-2
c0132,4.0,3.0,Ing0607-2
c0132,4.0,4.0,Ing0607-2
c0133,0.0,2.0,Ing0607-2
c0133,1.0,2.0,Ing0607-2
c0133,1.0,4.0,Ing0607-2
c0133,2.0,0.0,Ing0607-2
c0133,2.0,1.0,Ing0607-2
c0133,2.0,2.0,Ing0607-2
c8888,2.0,3.0,Ing0607-2
c0133,2.0,4.0,Ing0607-2
c0133,3.0,1.0,Ing0607-2
c0133,3.0,10.0,Ing0607-2
c0133,3.0,-1.0,Ing0607-2
c0152,0.0,0.0,Ing0607-2
c0152,0.0,1.0,Ing0607-2
c0152,0.0,2.0,Ing0607-2
c0152,3.0,2.0,Ing0607-2
c0152,4.0,0.0,Ing0607-2
c0152,4.0,1.0,Ing0607-2
c0152,4.0,2.0,Ing0607-2
c0152,4.0,3.0,Ing0607-2
c0152,4.0,4.0,Ing0607-2
c8888,0.0,2.0,Ing0607-2
c0153,1.0,-1.0,Ing0607-2
c0153,1.0,4.0,Ing0607-2
c0153,2.0,2.0,Ing0607-2
c0153,2.0,3.0,Ing0607-2
c0153,2.0,4.0,Ing0607-2
c0153,3.0,2.0,Ing0607-2
c0153,4.0,2.0,Ing0607-2
c0162,1.0,0.0,Ing0607-2
c0162,1.0,1.0,Ing0607-2
c0162,1.0,2.0,Ing0607-2
c0178,0.0,0.0,Ing0607-2
c0178,0.0,2.0,Ing0607-2
c8888,0.0,3.0,Ing0607-2
c0178,0.0,4.0,Ing0607-2
c0178,1.0,2.0,Ing0607-2
c0178,2.0,2.0,Ing0607-2
c0178,4.0,2.0,Ing0607-2
c0191,0.0,0.0,Ing0607-2
c8888,0.0,1.0,Ing0607-2
c0191,4.0,0.0,Ing0607-2
c0191,4.0,1.0,Ing0607-2
c0191,4.0,2.0,Ing0607-2
c0191,4.0,3.0,Ing0607-2
c0191,4.0,4.0,Ing0607-2
c0193,1.0,0.0,Ing0607-2
c0193,2.0,0.0,Ing0607-2
c0193,2.0,10.0,Ing0607-2
c0193,2.0,2.0,Ing0607-2
c0193,2.0,3.0,Ing0607-2
c0193,2.0,4.0,Ing0607-2
c0193,3.0,-1.0,Ing0607-2
c0193,3.0,4.0,Ing0607-2
c0195,0.0,-1.0,Ing0607-2
c0195,0.0,3.0,Ing0607-2
c0195,0.0,4.0,Ing0607-2
c0195,1.0,2.0,Ing0607-2
c0195,1.0,3.0,Ing0607-2
c0195,1.0,4.0,Ing0607-2
c0195,2.0,2.0,Ing0607-2
c0195,2.0,3.0,Ing0607-2
c0195,2.0,4.0,Ing0607-2
c0195,3.0,2.0,Ing0607-2
c8888,3.0,3.0,Ing0607-2
c0195,3.0,4.0,Ing0607-2
c0195,4.0,2.0,Ing0607-2
c0195,4.0,3.0,Ing0607-2
c0195,4.0,4.0,Ing0607-2
c0203,0.0,10.0,Ing0607-2
c0203,0.0,1.0,Ing0607-2
c8888,0.0,2.0,Ing0607-2
c0203,4.0,0.0,Ing0607-2
c0203,4.0,1.0,Ing0607-2
c0203,4.0,2.0,Ing0607-2
c0203,4.0,3.0,Ing0607-2
c0203,4.0,10.0,Ing0607-2
c0211,0.0,2.0,Ing0607-2
c0211,0.0,3.0,Ing0607-2
c0211,1.0,2.0,Ing0607-2
c0211,1.0,,Ing0607-2
c0211,2.0,2.0,Ing0607-2
c0211,3.0,2.0,Ing0607-2
c0211,3.0,3.0,Ing0607-2
c0211,4.0,2.0,Ing0607-2
c0213,0.0,0.0,Ing0607-2
c0213,0.0,1.0,Ing0607-2
c0213,0.0,2.0,Ing0607-2
c0213,0.0,3.0,Ing0607-2
c0213,0.0,-1.0,Ing0607-2
c0213,4.0,3.0,Ing0607-2
c0213,4.0,10.0,Ing0607-2
c8888,4.0,4.0,Ing0607-2
c0230,0.0,0.0,Ing0607-2
c0230,0.0,2.0,Ing0607-2
c0230,1.0,2.0,Ing0607-2
c0230,2.0,2.0,Ing0607-2
c0230,3.0,2.0,Ing0607-2
c0230,4.0,2.0,Ing0607-2
c0230,4.0,3.0,Ing0607-2
c0230,4.0,4.0,Ing0607-2
c0232,0.0,2.0,Ing0607-2
c0232,1.0,2.0,Ing0607-2
c0232,2.0,2.0,Ing0607-2
c0232,3.0,2.0,Ing0607-2
c0232,4.0,2.0,Ing0607-2
c0238,0.0,2.0,Ing0607-2
c0238,0.0,3.0,Ing0607-2
c0238,1.0,2.0,Ing0607-2
c0238,1.0,3.0,Ing0607-2
c0238,2.0,2.0,Ing0607-2
c0238,2.0,3.0,Ing0607-2
c0238,3.0,2.0,Ing0607-2
c0238,3.0,3.0,Ing0607-2
c0238,4.0,2.0,Ing0607-2
c0238,4.0,3.0,Ing0607-2
c0252,0.0,0.0,Ing0607-2
c0252,1.0,0.0,Ing0607-2
c0252,2.0,0.0,Ing0607-2
c0252,2.0,2.0,Ing0607-2
c0252,2.0,3.0,Ing0607-2
c0252,2.0,4.0,Ing0607-2
c0252,3.0,0.0,Ing0607-2
c0252,4.0,0.0,Ing0607-2
c0252,4.0,4.0,Ing0607-2
c0253,0.0,0.0,Ing0607-2
c0253,0.0,1.0,Ing0607-2
c0253,-1.0,2.0,Ing0607-2
c8888,4.0,0.0,Ing0607-2
c0253,4.0,1.0,Ing0607-2
c0253,4.0,2.0,Ing0607-2
c8888,4.0,3.0,Ing0607-2
c0253,4.0,4.0,Ing0607-2
c0257,0.0,0.0,Ing0607-2
c0257,0.0,1.0,Ing0607-2
c0257,0.0,2.0,Ing0607-2
c0257,0.0,3.0,Ing0607-2
c0257,0.0,4.0,Ing0607-2
c0257,4.0,0.0,Ing0607-2
,4.0,1.0,Ing0607-2
c0257,4.0,2.0,Ing0607-2
c0257,4.0,3.0,Ing0607-2
c0257,4.0,4.0,Ing0607-2
c0279,0.0,4.0,Ing0607-2
c0279,1.0,4.0,Ing0607-2
c0279,2.0,4.0,Ing0607-2
c0279,3.0,,Ing0607-2
c0279,4.0,4.0,Ing0607-2
c0411,1.0,0.0,Ing0607-2
c0411,1.0,1.0,Ing0607-2
c0411,1.0,2.0,Ing0607-2
c0411,1.0,3.0,Ing0607-2
c0411,1.0,4.0,Ing0607-2
c0411,4.0,4.0,Ing0607-2
c0412,2.0,3.0,Ing0607-2
c0412,2.0,4.0,Ing0607-2
c8888,3.0,1.0,Ing0607-2
c0412,3.0,2.0,Ing0607-2
c0412,3.0,4.0,Ing0607-2
c0412,4.0,1.0,Ing0607-2
c0412,4.0,2.0,Ing0607-2
c0412,4.0,4.0,Ing0607-2
c0430,0.0,0.0,Ing0607-2
c0430,-1.0,2.0,Ing0607-2
c0430,1.0,2.0,Ing0607-2
c0430,2.0,2.0,Ing0607-2
c0430,3.0,2.0,Ing0607-2
c0430,4.0,-1.0,Ing0607-2
c0430,4.0,3.0,Ing0607-2
c8888,4.0,10.0,Ing0607-2
c0432,0.0,2.0,Ing0607-2
c0432,1.0,2.0,Ing0607-2
c0432,3.0,0.0,Ing0607-2
c0432,3.0,1.0,Ing0607-2
c0432,3.0,2.0,Ing0607-2
c0432,4.0,0.0,Ing0607-2
c8888,4.0,1.0,Ing0607-2
c0432,4.0,2.0,Ing0607-2
c0449,0.0,0.0,Ing0607-2
c0449,0.0,1.0,Ing0607-2
c0449,0.0,2.0,Ing0607-2
c0449,4.0,0.0,Ing0607-2
c0449,4.0,1.0,Ing0607-2
c0449,4.0,2.0,Ing0607-2
c0449,4.0,,Ing0607-2
,4.0,4.0,Ing0607-2
c0479,0.0,0.0,Ing0607-2
c0479,0.0,1.0,Ing0607-2
c0479,0.0,10.0,Ing0607-2
c0479,4.0,0.0,Ing0607-2
c0479,4.0,1.0,Ing0607-2
c8888,4.0,2.0,Ing0607-2
c0479,4.0,3.0,Ing0607-2
c0479,4.0,4.0,Ing0607-2
c0487,0.0,0.0,Ing0607-2
c0487,0.0,1.0,Ing0607-2
c0487,0.0,2.0,Ing0607-2
c0487,0.0,3.0,Ing0607-2
c0487,10.0,4.0,Ing0607-2
c0487,4.0,2.0,Ing0607-2
c0487,4.0,3.0,Ing0607-2
c0487,4.0,-1.0,Ing0607-2
c0497,4.0,3.0,Ing0607-2
c8888,4.0,4.0,Ing0607-2
c0512,3.0,4.0,Ing0607-2
c0515,0.0,,Ing0607-2
c0515,0.0,4.0,Ing0607-2
c0515,1.0,3.0,Ing0607-2
c0515,1.0,4.0,Ing0607-2
c0515,2.0,2.0,Ing0607-2
c0515,2.0,3.0,Ing0607-2
c0515,2.0,4.0,Ing0607-2
c0515,3.0,3.0,Ing0607-2
c8888,3.0,4.0,Ing0607-2
c0515,4.0,2.0,Ing0607-2
c0515,4.0,3.0,Ing0607-2
c0515,4.0,4.0,Ing0607-2
c0530,3.0,4.0,Ing0607-2
c0532,1.0,2.0,Ing0607-2
c0532,,3.0,Ing0607-2
c0532,1.0,4.0,Ing0607-2
,2.0,2.0,Ing0607-2
c0532,2.0,3.0,Ing0607-2
c0532,2.0,4.0,Ing0607-2
c0532,10.0,2.0,Ing0607-2
c0532,4.0,2.0,Ing0607-2
c0534,0.0,0.0,Ing0607-2
,0.0,1.0,Ing0607-2
c0534,0.0,2.0,Ing0607-2
c0534,-1.0,3.0,Ing0607-2
c0534,4.0,,Ing0607-2
c0534,4.0,1.0,Ing0607-2
c0534,4.0,2.0,Ing0607-2
c0534,10.0,3.0,Ing0607-2
c8888,0.0,2.0,Ing0607-2
c0539,1.0,2.0,Ing0607-2
c0539,2.0,2.0,Ing0607-2
c0539,3.0,2.0,Ing0607-2
c0539,4.0,2.0,Ing0607-2
c0554,0.0,0.0,Ing0607-2
c0554,0.0,1.0,Ing0607-2
c0554,1.0,0.0,Ing0607-2
c0554,2.0,0.0,Ing0607-2
c0554,3.0,0.0,Ing0607-2
c0554,4.0,0.0,Ing0607-2
c0554,4.0,2.0,Ing0607-2
c0554,4.0,-1.0,Ing0607-2
c0554,4.0,4.0,Ing0607-2
c0602,0.0,0.0,Ing0607-2
c8888,1.0,-1.0,Ing0607-2
c0602,2.0,0.0,Ing0607-2
c0602,3.0,0.0,Ing0607-2
c0602,4.0,0.0,Ing0607-2
c0722,0.0,0.0,Ing0607-2
c8888,0.0,1.0,Ing0607-2
c0722,0.0,3.0,Ing0607-2
c0722,0.0,4.0,Ing0607-2
c0722,2.0,0.0,Ing0607-2
c0722,2.0,1.0,Ing0607-2
c0722,2.0,3.0,Ing0607-2
c0723,0.0,3.0,Ing0607-2
c0723,0.0,4.0,Ing0607-2
c0723,1.0,0.0,Ing0607-2
c8888,1.0,1.0,Ing0607-2
c0723,1.0,2.0,Ing0607-2
c0723,1.0,3.0,Ing0607-2
c8888,1.0,4.0,Ing0607-2
c8888,2.0,3.0,Ing0607-2
c0723,2.0,4.0,Ing0607-2
c8888,4.0,4.0,Ing0607-2
c0725,0.0,2.0,Ing0607-2
c8888,1.0,2.0,Ing0607-2
c0725,2.0,2.0,Ing0607-2
c0725,3.0,2.0,Ing0607-2
c0725,4.0,2.0,Ing0607-2
c0730,0.0,0.0,Ing0607-2
c0730,0.0,1.0,Ing0607-2
c0730,0.0,2.0,Ing0607-2
c0730,0.0,3.0,Ing0607-2
c8888,0.0,4.0,Ing0607-2
c0730,4.0,10.0,Ing0607-2
c0730,4.0,3.0,Ing0607-2
c0730,4.0,4.0,Ing0607-2
c0737,-1.0,0.0,Ing0607-2
c0737,2.0,0.0,Ing0607-2
c0737,2.0,1.0,Ing0607-2
c0737,2.0,2.0,Ing0607-2
c0737,2.0,3.0,Ing0607-2
c0737,2.0,4.0,Ing0607-2
c0737,3.0,3.0,Ing0607-2
c0737,3.0,4.0,Ing0607-2
c0742,0.0,0.0,Ing0607-2
c0742,0.0,1.0,Ing0607-2
c0742,0.0,2.0,Ing0607-2
c0742,0.0,3.0,Ing0607-2
c0742,4.0,1.0,Ing0607-2
c0742,4.0,2.0,Ing0607-2
c0742,4.0,3.0,Ing0607-2
c8888,4.0,4.0,Ing0607-2
c0789,0.0,0.0,Ing0607-2
c0789,0.0,1.0,Ing0607-2
c0789,0.0,2.0,Ing0607-2
c0789,2.0,0.0,Ing0607-2
c8888,2.0,1.0,Ing0607-2
c0789,2.0,2.0,Ing0607-2
c0789,2.0,3.0,Ing0607-2
c0789,2.0,4.0,Ing0607-2
c0794,0.0,2.0,Ing0607-2
c0794,1.0,2.0,Ing0607-2
c0794,-1.0,2.0,Ing0607-2
c0794,3.0,2.0,Ing0607-2
c0794,4.0,,Ing0607-2
c0794,4.0,4.0,Ing0607-2
c0795,0.0,0.0,Ing0607-2
c0795,0.0,1.0,Ing0607-2
c0795,0.0,2.0,Ing0607-2
c0795,2.0,0.0,Ing0607-2
c0795,2.0,1.0,Ing0607-2
c0795,2.0,2.0,Ing0607-2
c0795,2.0,3.0,Ing0607-2
c0795,2.0,4.0,Ing0607-2
c0807,0.0,0.0,Ing0607-2
c0807,0.0,4.0,Ing0607-2
c0807,1.0,0.0,Ing0607-2
c0807,1.0,4.0,Ing0607-2
c8888,2.0,0.0,Ing0607-2
c0807,2.0,4.0,Ing0607-2
c0807,3.0,0.0,Ing0607-2
c0807,4.0,0.0,Ing0607-2
c0808,0.0,0.0,Ing0607-2
c0808,0.0,2.0,Ing0607-2
c0808,1.0,-1.0,Ing0607-2
c8888,2.0,2.0,Ing0607-2
c0808,3.0,2.0,Ing0607-2
c0808,4.0,0.0,Ing0607-2
c0808,4.0,2.0,Ing0607-2
c8888,4.0,4.0,Ing0607-2
c0847,0.0,,Ing0607-2
c0847,0.0,1.0,Ing0607-2
c0847,0.0,2.0,Ing0607-2
c0847,0.0,3.0,Ing0607-2
c0847,0.0,4.0,Ing0607-2
c0847,1.0,-1.0,Ing0607-2
c0847,1.0,1.0,Ing0607-2
c0847,1.0,2.0,Ing0607-2
c0847,1.0,4.0,Ing0607-2
c0849,2.0,0.0,Ing0607-2
c8888,2.0,1.0,Ing0607-2
c0849,2.0,2.0,Ing0607-2
c8888,2.0,3.0,Ing0607-2
c0849,2.0,4.0,Ing0607-2
c0849,,0.0,Ing0607-2
c0849,3.0,1.0,Ing0607-2
c8888,3.0,2.0,Ing0607-2
c0849,3.0,3.0,Ing0607-2
c0849,3.0,4.0,Ing0607-2
c0849,4.0,2.0,Ing0607-2
c8888,4.0,4.0,Ing0607-2
c0862,0.0,10.0,Ing0607-2
c0862,0.0,1.0,Ing0607-2
c0862,0.0,2.0,Ing0607-2
c0862,0.0,3.0,Ing0607-2
c0862,0.0,4.0,Ing0607-2
c0862,1.0,0.0,Ing0607-2
c0862,1.0,1.0,Ing0607-2
c0862,1.0,2.0,Ing0607-2
c0897,10.0,2.0,Ing0607-2
c0897,1.0,2.0,Ing0607-2
c0897,4.0,0.0,Ing0607-2
c0936,0.0,0.0,Ing0607-2
c0936,0.0,1.0,Ing0607-2
c8888,0.0,3.0,Ing0607-2
c0936,0.0,4.0,Ing0607-2
c0936,2.0,0.0,Ing0607-2
c0936,2.0,1.0,Ing0607-2
c0936,2.0,3.0,Ing0607-2
c0936,2.0,4.0,Ing0607-2
c8888,0.0,0.0,Ing0607-2
c1022,0.0,1.0,Ing0607-2
c1022,,-1.0,Ing0607-2
c1022,4.0,0.0,Ing0607-2
c1022,4.0,1.0,Ing0607-2
c1022,4.0,2.0,Ing0607-2
c1022,4.0,3.0,Ing0607-2
c1022,4.0,-1.0,Ing0607-2
c0998,0.0,0.0,Ing0607-2
c8888,0.0,1.0,Ing0607-2
c0998,0.0,2.0,Ing0607-2
c0998,0.0,3.0,Ing0607-2
c0998,0.0,4.0,Ing0607-2
c0998,4.0,2.0,Ing0607-2
c0998,4.0,3.0,Ing0607-2
c8888,4.0,4.0,Ing0607-2
c1041,0.0,0.0,Ing0607-2
c1041,0.0,1.0,Ing0607-2
c1041,0.0,2.0,Ing0607-2
c1041,1.0,0.0,Ing0607-2
c1041,1.0,1.0,Ing0607-2
c1041,1.0,2.0,Ing0607-2
c1041,1.0,4.0,Ing0607-2
c1041,2.0,0.0,Ing0607-2
c1041,2.0,1.0,Ing0607-2
c1041,2.0,2.0,Ing0607-2
c1041,3.0,0.0,Ing0607-2
c1041,3.0,1.0,Ing0607-2
c1041,3.0,2.0,Ing0607-2
c1041,4.0,0.0,Ing0607-2
c1041,4.0,1.0,Ing0607-2
c1041,4.0,2.0,Ing0607-2
c1053,0.0,0.0,Ing0607-2
c1053,0.0,1.0,Ing0607-2
c1053,0.0,2.0,Ing0607-2
c1053,0.0,3.0,Ing0607-2
c1053,0.0,4.0,Ing0607-2
c1053,3.0,0.0,Ing0607-2
c1053,3.0,1.0,Ing0607-2
c1053,3.0,-1.0,Ing0607-2
c1053,3.0,3.0,Ing0607-2
c1053,3.0,4.0,Ing0607-2
c1053,4.0,0.0,Ing0607-2
c1053,4.0,1.0,Ing0607-2
c1053,4.0,2.0,Ing0607-2
c1053,4.0,3.0,Ing0607-2
c1053,4.0,4.0,Ing0607-2
,0.0,0.0,Ing0607-2
c1065,0.0,1.0,Ing0607-2
c1065,0.0,2.0,Ing0607-2
c1065,3.0,2.0,Ing0607-2
c8888,4.0,0.0,Ing0607-2
c1065,4.0,1.0,Ing0607-2
c1065,4.0,2.0,Ing0607-2
c1065,4.0,3.0,Ing0607-2
c1065,4.0,4.0,Ing0607-2
c1069,4.0,3.0,Ing0607-2
c1069,4.0,4.0,Ing0607-2
c1072,0.0,2.0,Ing0607-2
,1.0,2.0,Ing0607-2
c1072,1.0,,Ing0607-2
c1074,0.0,0.0,Ing0607-2
c1074,0.0,2.0,Ing0607-2
c1074,10.0,2.0,Ing0607-2
c1074,2.0,0.0,Ing0607-2
c1074,2.0,2.0,Ing0607-2
c1074,3.0,2.0,Ing0607-2
c1074,4.0,0.0,Ing0607-2
c1074,4.0,10.0,Ing0607-2
c0012,0.0,0.0,Ing0607-3
c0012,0.0,1.0,Ing0607-3
c0012,0.0,2.0,Ing0607-3
c0012,0.0,3.0,Ing0607-3
c0012,0.0,4.0,Ing0607-3
c0012,4.0,0.0,Ing0607-3
c0012,4.0,2.0,Ing0607-3
c8888,4.0,3.0,Ing0607-3
c0013,0.0,0.0,Ing0607-3
c0013,0.0,2.0,Ing0607-3
c0013,1.0,2.0,Ing0607-3
c0013,-1.0,2.0,Ing0607-3
c0013,3.0,-1.0,Ing0607-3
c0013,4.0,0.0,Ing0607-3
c8888,10.0,2.0,Ing0607-3
c0013,10.0,4.0,Ing0607-3
c0014,0.0,2.0,Ing0607-3
c0014,1.0,2.0,Ing0607-3
c0014,2.0,2.0,Ing0607-3
,3.0,2.0,Ing0607-3
c0014,4.0,0.0,Ing0607-3
c0014,4.0,1.0,Ing0607-3
c0014,4.0,2.0,Ing0607-3
c0014,4.0,3.0,Ing0607-3
c0014,4.0,4.0,Ing0607-3
c0035,0.0,2.0,Ing0607-3
c0035,1.0,2.0,Ing0607-3
c0035,2.0,2.0,Ing0607-3
c0035,3.0,2.0,Ing0607-3
c0035,4.0,10.0,Ing0607-3
c8888,4.0,1.0,Ing0607-3
c0035,4.0,2.0,Ing0607-3
c0035,10.0,3.0,Ing0607-3
c0035,4.0,4.0,Ing0607-3
c0045,0.0,0.0,Ing0607-3
c0045,10.0,4.0,Ing0607-3
c0045,3.0,4.0,Ing0607-3
c0045,4.0,0.0,Ing0607-3
c0045,4.0,1.0,Ing0607-3
c0045,4.0,2.0,Ing0607-3
c0045,4.0,3.0,Ing0607-3
c0045,4.0,4.0,Ing0607-3
c0052,0.0,0.0,Ing0607-3
c0052,0.0,1.0,Ing0607-3
c0052,0.0,2.0,Ing0607-3
c0052,1.0,0.0,Ing0607-3
c0052,1.0,1.0,Ing0607-3
c0052,1.0,2.0,Ing0607-3
c0052,1.0,3.0,Ing0607-3
c0052,1.0,4.0,Ing0607-3
c0052,4.0,2.0,Ing0607-3
c0052,4.0,3.0,Ing0607-3
c0052,4.0,4.0,Ing0607-3
c0057,0.0,0.0,Ing0607-3
c0057,1.0,0.0,Ing0607-3
c0057,2.0,0.0,Ing0607-3
c0057,2.0,4.0,Ing0607-3
c0057,3.0,0.0,Ing0607-3
c8888,3.0,4.0,Ing0607-3
c0057,4.0,0.0,Ing0607-3
c0057,4.0,3.0,Ing0607-3
c0057,10.0,4.0,Ing0607-3
c0060,0.0,0.0,Ing0607-3
c0060,0.0,1.0,Ing0607-3
c0060,0.0,2.0,Ing0607-3
c0060,4.0,0.0,Ing0607-3
c0060,,1.0,Ing0607-3
c8888,4.0,2.0,Ing0607-3
c0060,4.0,3.0,Ing0607-3
c8888,4.0,4.0,Ing0607-3
c0094,0.0,2.0,Ing0607-3
c8888,1.0,2.0,Ing0607-3
c0094,2.0,2.0,Ing0607-3
c0094,2.0,3.0,Ing0607-3
c0094,2.0,4.0,Ing0607-3
c0094,3.0,2.0,Ing0607-3
c8888,4.0,2.0,Ing0607-3
c0094,4.0,3.0,Ing0607-3
c8888,4.0,4.0,Ing0607-3
c8888,0.0,0.0,Ing0607-3
c0098,0.0,1.0,Ing0607-3
c0098,0.0,2.0,Ing0607-3
c0098,0.0,3.0,Ing0607-3
c0098,0.0,-1.0,Ing0607-3
c0098,4.0,0.0,Ing0607-3
c0098,-1.0,1.0,Ing0607-3
c0098,4.0,2.0,Ing0607-3
c0098,4.0,3.0,Ing0607-3
c0098,4.0,-1.0,Ing0607-3
c0104,,0.0,Ing0607-3
c0104,0.0,1.0,Ing0607-3
c0104,0.0,2.0,Ing0607-3
c0104,4.0,0.0,Ing0607-3
c0104,4.0,1.0,Ing0607-3
c0104,4.0,2.0,Ing0607-3
c0104,4.0,3.0,Ing0607-3
c0104,4.0,4.0,Ing0607-3
c8888,0.0,0.0,Ing0607-3
c0107,0.0,1.0,Ing0607-3
c0107,0.0,2.0,Ing0607-3
c0107,0.0,3.0,Ing0607-3
c0107,0.0,4.0,Ing0607-3
c0107,-1.0,2.0,Ing0607-3
c0107,4.0,3.0,Ing0607-3
c0107,4.0,4.0,Ing0607-3
c0112,3.0,0.0,Ing0607-3
c0112,,1.0,Ing0607-3
c0112,3.0,2.0,Ing0607-3
c0112,3.0,3.0,Ing0607-3
c0112,3.0,4.0,Ing0607-3
,4.0,0.0,Ing0607-3
c0112,-1.0,1.0,Ing0607-3
c8888,4.0,2.0,Ing0607-3
c8888,4.0,3.0,Ing0607-3
c0112,4.0,4.0,Ing0607-3
c0114,0.0,0.0,Ing0607-3
c0114,1.0,0.0,Ing0607-3
c8888,2.0,0.0,Ing0607-3
c0114,,3.0,Ing0607-3
c0114,2.0,4.0,Ing0607-3
c0114,3.0,0.0,Ing0607-3
c0114,3.0,1.0,Ing0607-3
c0114,3.0,2.0,Ing0607-3
c0114,3.0,3.0,Ing0607-3
c0114,3.0,4.0,Ing0607-3
c0116,0.0,0.0,Ing0607-3
c8888,0.0,1.0,Ing0607-3
c0116,0.0,2.0,Ing0607-3
c0116,1.0,0.0,Ing0607-3
c8888,1.0,1.0,Ing0607-3
c0116,1.0,2.0,Ing0607-3
c0116,1.0,3.0,Ing0607-3
c8888,1.0,4.0,Ing0607-3
c0117,0.0,2.0,Ing0607-3
c0117,1.0,2.0,Ing0607-3
c0117,1.0,3.0,Ing0607-3
c0117,2.0,2.0,Ing0607-3
c8888,3.0,2.0,Ing0607-3
c0117,4.0,2.0,Ing0607-3
c0130,0.0,0.0,Ing0607-3
c0130,0.0,1.0,Ing0607-3
c0130,0.0,2.0,Ing0607-3
c0130,0.0,3.0,Ing0607-3
c0130,0.0,4.0,Ing0607-3
c0130,2.0,0.0,Ing0607-3
c0130,2.0,1.0,Ing0607-3
c0130,2.0,2.0,Ing0607-3
c0130,3.0,2.0,Ing0607-3
c0130,4.0,2.0,Ing0607-3
c0130,10.0,4.0,Ing0607-3
c0148,0.0,0.0,Ing0607-3
c0148,0.0,10.0,Ing0607-3
c8888,0.0,2.0,Ing0607-3
c0148,1.0,2.0,Ing0607-3
c0148,1.0,4.0,Ing0607-3
c0148,2.0,1.0,Ing0607-3
c0148,2.0,2.0,Ing0607-3
c0148,3.0,4.0,Ing0607-3
c0148,4.0,3.0,Ing0607-3
,4.0,4.0,Ing0607-3
c0149,0.0,2.0,Ing0607-3
c0149,0.0,4.0,Ing0607-3
c0149,1.0,-1.0,Ing0607-3
c0149,1.0,4.0,Ing0607-3
c0149,2.0,1.0,Ing0607-3
c0149,2.0,2.0,Ing0607-3
c0149,2.0,3.0,Ing0607-3
c0149,2.0,4.0,Ing0607-3
c0149,3.0,3.0,Ing0607-3
c0149,3.0,4.0,Ing0607-3
c0149,4.0,3.0,Ing0607-3
c0149,4.0,4.0,Ing0607-3
c0150,0.0,2.0,Ing0607-3
c0150,1.0,2.0,Ing0607-3
c0150,1.0,4.0,Ing0607-3
c8888,,1.0,Ing0607-3
c0150,2.0,2.0,Ing0607-3
c0163,2.0,1.0,Ing0607-3
c0163,2.0,2.0,Ing0607-3
c0163,3.0,2.0,Ing0607-3
c0163,4.0,2.0,Ing0607-3
c0163,10.0,4.0,Ing0607-3
c0177,0.0,-1.0,Ing0607-3
c0177,1.0,0.0,Ing0607-3
c0177,1.0,2.0,Ing0607-3
c8888,2.0,0.0,Ing0607-3
c0177,2.0,2.0,Ing0607-3
c0177,10.0,2.0,Ing0607-3
c0177,4.0,-1.0,Ing0607-3
c0177,4.0,2.0,Ing0607-3
c8888,4.0,,Ing0607-3
c0177,4.0,,Ing0607-3
c0179,1.0,2.0,Ing0607-3
c0179,2.0,2.0,Ing0607-3
c0179,3.0,,Ing0607-3
c0179,4.0,0.0,Ing0607-3
c0179,4.0,1.0,Ing0607-3
c0179,4.0,2.0,Ing0607-3
c0179,4.0,3.0,Ing0607-3
c0179,4.0,4.0,Ing0607-3
c0181,0.0,0.0,Ing0607-3
c0181,0.0,2.0,Ing0607-3
c0181,1.0,0.0,Ing0607-3
c0181,1.0,2.0,Ing0607-3
c0181,2.0,0.0,Ing0607-3
,10.0,2.0,Ing0607-3
c0181,3.0,0.0,Ing0607-3
c0181,3.0,2.0,Ing0607-3
c0181,4.0,0.0,Ing0607-3
c0181,4.0,2.0,Ing0607-3
c0181,4.0,3.0,Ing0607-3
c0181,4.0,4.0,Ing0607-3
c0198,0.0,,Ing0607-3
c0198,0.0,10.0,Ing0607-3
c0198,0.0,2.0,Ing0607-3
c0198,0.0,3.0,Ing0607-3
c0198,0.0,4.0,Ing0607-3
c0198,1.0,2.0,Ing0607-3
c0198,10.0,3.0,Ing0607-3
c0198,1.0,4.0,Ing0607-3
c0198,2.0,2.0,Ing0607-3
c0198,2.0,3.0,Ing0607-3
c0198,2.0,4.0,Ing0607-3
c0198,10.0,2.0,Ing0607-3
c0198,3.0,3.0,Ing0607-3
c0198,3.0,4.0,Ing0607-3
,4.0,2.0,Ing0607-3
c0210,0.0,2.0,Ing0607-3
c0210,1.0,2.0,Ing0607-3
c0210,2.0,2.0,Ing0607-3
c0210,2.0,3.0,Ing0607-3
c8888,2.0,4.0,Ing0607-3
c0210,3.0,2.0,Ing0607-3
c0210,4.0,2.0,Ing0607-3
c0210,4.0,3.0,Ing0607-3
,4.0,4.0,Ing0607-3
c0214,0.0,0.0,Ing0607-3
c0214,0.0,1.0,Ing0607-3
c0214,0.0,,Ing0607-3
,0.0,3.0,Ing0607-3
c0214,0.0,10.0,Ing0607-3
c8888,1.0,0.0,Ing0607-3
c0214,,1.0,Ing0607-3
c0214,1.0,2.0,Ing0607-3
c0214,4.0,3.0,Ing0607-3
c0214,10.0,4.0,Ing0607-3
c0223,0.0,0.0,Ing0607-3
c0223,0.0,10.0,Ing0607-3
c0223,1.0,2.0,Ing0607-3
c0223,2.0,2.0,Ing0607-3
c0223,3.0,2.0,Ing0607-3
c0223,4.0,0.0,Ing0607-3
c8888,4.0,2.0,Ing0607-3
c0223,4.0,4.0,Ing0607-3
c8888,0.0,4.0,Ing0607-3
c0224,1.0,4.0,Ing0607-3
c0224,2.0,4.0,Ing0607-3
c0224,3.0,4.0,Ing0607-3
c0224,4.0,0.0,Ing0607-3
c8888,4.0,2.0,Ing0607-3
c0224,4.0,3.0,Ing0607-3
c0224,4.0,4.0,Ing0607-3
c0226,4.0,3.0,Ing0607-3
c0226,4.0,4.0,Ing0607-3
c0227,0.0,0.0,Ing0607-3
c0227,0.0,1.0,Ing0607-3
c0227,0.0,2.0,Ing0607-3
c0227,0.0,3.0,Ing0607-3
c0227,4.0,1.0,Ing0607-3
c0227,4.0,2.0,Ing0607-3
c0227,4.0,3.0,Ing0607-3
c0227,4.0,4.0,Ing0607-3
c0254,0.0,0.0,Ing0607-3
c0254,1.0,0.0,Ing0607-3
c0254,2.0,0.0,Ing0607-3
c0254,4.0,0.0,Ing0607-3
c0254,4.0,1.0,Ing0607-3
c0254,4.0,2.0,Ing0607-3
c0254,4.0,3.0,Ing0607-3
c0254,4.0,4.0,Ing0607-3
c0420,0.0,0.0,Ing0607-3
c0420,0.0,1.0,Ing0607-3
c0420,0.0,2.0,Ing0607-3
c0420,,3.0,Ing0607-3
c0420,0.0,10.0,Ing0607-3
c0420,1.0,0.0,Ing0607-3
c0420,1.0,1.0,Ing0607-3
c0420,1.0,2.0,Ing0607-3
c0441,0.0,2.0,Ing0607-3
c0441,1.0,2.0,Ing0607-3
c0441,3.0,0.0,Ing0607-3
c0441,3.0,1.0,Ing0607-3
c0441,3.0,2.0,Ing0607-3
c0441,3.0,3.0,Ing0607-3
c0441,3.0,4.0,Ing0607-3
c0441,4.0,2.0,Ing0607-3
c0447,0.0,2.0,Ing0607-3
c0447,1.0,2.0,Ing0607-3
c0447,-1.0,0.0,Ing0607-3
c0447,10.0,1.0,Ing0607-3
c0447,3.0,2.0,Ing0607-3
c0447,3.0,,Ing0607-3
c0447,3.0,4.0,Ing0607-3
c0447,4.0,2.0,Ing0607-3
c0456,0.0,0.0,Ing0607-3
c0456,0.0,1.0,Ing0607-3
c0456,0.0,2.0,Ing0607-3
c0456,0.0,3.0,Ing0607-3
c0456,0.0,4.0,Ing0607-3
c0456,4.0,10.0,Ing0607-3
c0456,4.0,1.0,Ing0607-3
c0456,4.0,2.0,Ing0607-3
c0456,10.0,3.0,Ing0607-3
c0456,4.0,4.0,Ing0607-3
c0457,3.0,2.0,Ing0607-3
c0457,3.0,10.0,Ing0607-3
c0457,3.0,10.0,Ing0607-3
c0457,4.0,0.0,Ing0607-3
c0457,4.0,1.0,Ing0607-3
c0457,4.0,2.0,Ing0607-3
c0457,4.0,3.0,Ing0607-3
c0457,4.0,4.0,Ing0607-3
c8888,0.0,0.0,Ing0607-3
c0486,0.0,1.0,Ing0607-3
c0486,0.0,2.0,Ing0607-3
c0486,0.0,3.0,Ing0607-3
c0486,0.0,4.0,Ing0607-3
c0486,1.0,0.0,Ing0607-3
c0486,1.0,1.0,Ing0607-3
c0486,3.0,0.0,Ing0607-3
c0486,3.0,1.0,Ing0607-3
c0486,3.0,2.0,Ing0607-3
c0486,3.0,3.0,Ing0607-3
c0486,3.0,-1.0,Ing0607-3
c0486,4.0,0.0,Ing0607-3
c0486,4.0,1.0,Ing0607-3
c0498,0.0,0.0,Ing0607-3
c0498,0.0,1.0,Ing0607-3
c0498,0.0,2.0,Ing0607-3
c0498,4.0,2.0,Ing0607-3
c0498,4.0,3.0,Ing0607-3
c0498,4.0,4.0,Ing0607-3
c0501,0.0,0.0,Ing0607-3
c0501,0.0,-1.0,Ing0607-3
c0501,1.0,0.0,Ing0607-3
c0501,4.0,0.0,Ing0607-3
c0501,4.0,1.0,Ing0607-3
c0501,4.0,2.0,Ing0607-3
c0501,4.0,3.0,Ing0607-3
c0501,4.0,4.0,Ing0607-3
c0506,0.0,0.0,Ing0607-3
c0506,0.0,1.0,Ing0607-3
c0506,0.0,2.0,Ing0607-3
c0506,4.0,0.0,Ing0607-3
c0506,-1.0,1.0,Ing0607-3
c0506,4.0,2.0,Ing0607-3
c0506,,3.0,Ing0607-3
c0506,-1.0,4.0,Ing0607-3
c0527,0.0,0.0,Ing0607-3
c0527,0.0,1.0,Ing0607-3
c0527,0.0,2.0,Ing0607-3
c0527,0.0,3.0,Ing0607-3
c0527,0.0,4.0,Ing0607-3
c0527,4.0,3.0,Ing0607-3
c0527,4.0,4.0,Ing0607-3
c0738,0.0,0.0,Ing0607-3
c0738,0.0,1.0,Ing0607-3
c0738,0.0,2.0,Ing0607-3
c0738,0.0,3.0,Ing0607-3
c0738,0.0,4.0,Ing0607-3
c0738,1.0,0.0,Ing0607-3
c0738,1.0,1.0,Ing0607-3
c0738,1.0,2.0,Ing0607-3
c0738,1.0,3.0,Ing0607-3
c0738,1.0,-1.0,Ing0607-3
c0738,4.0,0.0,Ing0607-3
c0738,4.0,1.0,Ing0607-3
c0738,4.0,2.0,Ing0607-3
c0738,4.0,3.0,Ing0607-3
c0738,4.0,4.0,Ing0607-3
c0745,0.0,0.0,Ing0607-3
c0745,0.0,1.0,Ing0607-3
c0745,0.0,2.0,Ing0607-3
c0745,4.0,2.0,Ing0607-3
c0745,4.0,3.0,Ing0607-3
c8888,4.0,4.0,Ing0607-3
c0773,2.0,0.0,Ing0607-3
c8888,2.0,1.0,Ing0607-3
c0773,2.0,2.0,Ing0607-3
c0773,2.0,3.0,Ing0607-3
c0773,3.0,0.0,Ing0607-3
c0773,3.0,1.0,Ing0607-3
c0773,3.0,2.0,Ing0607-3
c0773,3.0,3.0,Ing0607-3
c0814,2.0,3.0,Ing0607-3
c0814,2.0,4.0,Ing0607-3
c0815,2.0,3.0,Ing0607-3
c0815,2.0,4.0,Ing0607-3
c0828,0.0,0.0,Ing0607-3
c0828,0.0,2.0,Ing0607-3
c0828,1.0,2.0,Ing0607-3
c0828,2.0,2.0,Ing0607-3
c0828,3.0,2.0,Ing0607-3
c0828,3.0,4.0,Ing0607-3
c0828,4.0,2.0,Ing0607-3
c0828,4.0,4.0,Ing0607-3
c0844,2.0,1.0,Ing0607-3
c0844,2.0,2.0,Ing0607-3
c0844,3.0,,Ing0607-3
c0844,4.0,2.0,Ing0607-3
c0844,4.0,4.0,Ing0607-3
c0741,1.0,3.0,Ing0607-3
c0741,,4.0,Ing0607-3
c0741,3.0,0.0,Ing0607-3
c0741,3.0,1.0,Ing0607-3
c0741,3.0,,Ing0607-3
c0741,3.0,3.0,Ing0607-3
c0741,3.0,4.0,Ing0607-3
c0741,4.0,4.0,Ing0607-3
c0845,0.0,2.0,Ing0607-3
c0845,1.0,2.0,Ing0607-3
c0845,10.0,4.0,Ing0607-3
c0845,2.0,1.0,Ing0607-3
c0845,2.0,2.0,Ing0607-3
c0850,0.0,2.0,Ing0607-3
c0850,0.0,3.0,Ing0607-3
c0850,0.0,4.0,Ing0607-3
c0850,1.0,2.0,Ing0607-3
c0850,1.0,4.0,Ing0607-3
c8888,2.0,1.0,Ing0607-3
c0850,2.0,2.0,Ing0607-3
c0850,2.0,3.0,Ing0607-3
c0850,2.0,4.0,Ing0607-3
c0850,3.0,4.0,Ing0607-3
c0850,4.0,3.0,Ing0607-3
c0850,4.0,4.0,Ing0607-3
c0851,2.0,1.0,Ing0607-3
c0851,2.0,2.0,Ing0607-3
c8888,3.0,2.0,Ing0607-3
c0851,4.0,2.0,Ing0607-3
c0851,4.0,4.0,Ing0607-3
c0898,0.0,2.0,Ing0607-3
c0898,,2.0,Ing0607-3
c0898,2.0,2.0,Ing0607-3
c0898,3.0,2.0,Ing0607-3
,3.0,3.0,Ing0607-3
c0898,3.0,4.0,Ing0607-3
c0898,4.0,4.0,Ing0607-3
c0901,2.0,,Ing0607-3
c0901,2.0,2.0,Ing0607-3
c0901,3.0,2.0,Ing0607-3
c0901,4.0,2.0,Ing0607-3
c0901,4.0,4.0,Ing0607-3
c0933,10.0,2.0,Ing0607-3
c0933,1.0,2.0,Ing0607-3
c0933,1.0,3.0,Ing0607-3
c0933,1.0,4.0,Ing0607-3
c0933,2.0,2.0,Ing0607-3
,3.0,2.0,Ing0607-3
c0933,4.0,2.0,Ing0607-3
c0933,4.0,4.0,Ing0607-3
c1007,4.0,3.0,Ing0607-3
c1007,4.0,4.0,Ing0607-3
c1148,0.0,0.0,Ing0607-3
c1148,0.0,2.0,Ing0607-3
,1.0,0.0,Ing0607-3
c1148,1.0,2.0,Ing0607-3
c1148,2.0,2.0,Ing0607-3
c1148,3.0,10.0,Ing0607-3
c1148,4.0,2.0,Ing0607-3
c0196,0.0,0.0,Ing0607-3
c0196,0.0,1.0,Ing0607-3
c0196,0.0,2.0,Ing0607-3
c0196,4.0,0.0,Ing0607-3
c0196,10.0,1.0,Ing0607-3
c0196,4.0,2.0,Ing0607-3
c0196,4.0,3.0,Ing0607-3
c0196,4.0,4.0,Ing0607-3
c0013,0.0,0.0,Ing0304-3
c0013,0.0,2.0,Ing0304-3
c0013,1.0,2.0,Ing0304-3
c0013,2.0,0.0,Ing0304-3
c8888,2.0,2.0,Ing0304-3
c0013,3.0,2.0,Ing0304-3
c0013,4.0,0.0,Ing0304-3
c0013,4.0,2.0,Ing0304-3
c0035,0.0,0.0,Ing0304-3
c0035,0.0,1.0,Ing0304-3
c0035,0.0,-1.0,Ing0304-3
c0035,4.0,10.0,Ing0304-3
c0035,4.0,1.0,Ing0304-3
c0035,4.0,2.0,Ing0304-3
c0035,4.0,3.0,Ing0304-3
c0035,4.0,4.0,Ing0304-3
c0052,0.0,0.0,Ing0304-3
c0052,0.0,1.0,Ing0304-3
c0052,0.0,2.0,Ing0304-3
c0052,1.0,0.0,Ing0304-3
c0052,1.0,1.0,Ing0304-3
c0052,1.0,2.0,Ing0304-3
c0052,1.0,3.0,Ing0304-3
c0053,1.0,2.0,Ing0304-3
c0053,1.0,3.0,Ing0304-3
c8888,1.0,4.0,Ing0304-3
c0053,3.0,0.0,Ing0304-3
c0053,3.0,1.0,Ing0304-3
c0053,3.0,2.0,Ing0304-3
c0053,3.0,3.0,Ing0304-3
c0053,3.0,4.0,Ing0304-3
c8888,0.0,-1.0,Ing0304-3
c0055,1.0,0.0,Ing0304-3
c0055,1.0,4.0,Ing0304-3
c8888,2.0,0.0,Ing0304-3
c0055,3.0,0.0,Ing0304-3
c0055,,4.0,Ing0304-3
c0055,4.0,0.0,Ing0304-3
c0055,4.0,4.0,Ing0304-3
c0060,0.0,0.0,Ing0304-3
c0060,1.0,0.0,Ing0304-3
c0060,2.0,0.0,Ing0304-3
c0060,3.0,0.0,Ing0304-3
c0060,4.0,0.0,Ing0304-3
c0060,4.0,1.0,Ing0304-3
c8888,4.0,2.0,Ing0304-3
c0060,4.0,3.0,Ing0304-3
c0104,0.0,2.0,Ing0304-3
c0104,1.0,,Ing0304-3
,2.0,2.0,Ing0304-3
c0104,3.0,2.0,Ing0304-3
c0104,4.0,2.0,Ing0304-3
c0112,3.0,0.0,Ing0304-3
c0112,3.0,1.0,Ing0304-3
c0112,3.0,2.0,Ing0304-3
c0112,3.0,3.0,Ing0304-3
c8888,3.0,4.0,Ing0304-3
c0112,4.0,0.0,Ing0304-3
c0112,4.0,1.0,Ing0304-3
c0112,4.0,2.0,Ing0304-3
c0112,4.0,3.0,Ing0304-3
c0112,4.0,4.0,Ing0304-3
c0114,0.0,0.0,Ing0304-3
c0114,0.0,2.0,Ing0304-3
c0114,1.0,2.0,Ing0304-3
c0114,2.0,0.0,Ing0304-3
c0114,2.0,,Ing0304-3
c0114,3.0,0.0,Ing0304-3
c0114,3.0,2.0,Ing0304-3
c0114,4.0,2.0,Ing0304-3
c0116,0.0,0.0,Ing0304-3
c8888,0.0,10.0,Ing0304-3
c0116,0.0,2.0,Ing0304-3
c0116,1.0,0.0,Ing0304-3
c0116,1.0,1.0,Ing0304-3
c0116,1.0,2.0,Ing0304-3
c8888,0.0,2.0,Ing0304-3
c0117,1.0,2.0,Ing0304-3
c0117,2.0,2.0,Ing0304-3
c0117,3.0,2.0,Ing0304-3
c0117,4.0,2.0,Ing0304-3
c0117,4.0,4.0,Ing0304-3
c0130,4.0,4.0,Ing0304-3
c0148,1.0,10.0,Ing0304-3
c0149,0.0,2.0,Ing0304-3
c0149,1.0,2.0,Ing0304-3
c0149,1.0,3.0,Ing0304-3
c0149,1.0,4.0,Ing0304-3
c0149,2.0,2.0,Ing0304-3
c0149,2.0,3.0,Ing0304-3
c8888,3.0,2.0,Ing0304-3
c0149,3.0,3.0,Ing0304-3
c0149,4.0,2.0,Ing0304-3
c0150,1.0,4.0,Ing0304-3
c0150,4.0,0.0,Ing0304-3
c8888,4.0,1.0,Ing0304-3
c0150,4.0,2.0,Ing0304-3
c0150,4.0,3.0,Ing0304-3
c8888,4.0,4.0,Ing0304-3
c8888,0.0,2.0,Ing0304-3
c0177,0.0,3.0,Ing0304-3
c0177,0.0,4.0,Ing0304-3
c0177,1.0,2.0,Ing0304-3
c0177,1.0,3.0,Ing0304-3
c0177,1.0,4.0,Ing0304-3
c0177,2.0,2.0,Ing0304-3
c0177,2.0,3.0,Ing0304-3
c0177,-1.0,4.0,Ing0304-3
c0177,3.0,2.0,Ing0304-3
c0177,,3.0,Ing0304-3
c0177,3.0,4.0,Ing0304-3
c0177,4.0,2.0,Ing0304-3
c0177,4.0,3.0,Ing0304-3
c0177,4.0,4.0,Ing0304-3
c0179,0.0,2.0,Ing0304-3
c8888,0.0,3.0,Ing0304-3
c0179,0.0,4.0,Ing0304-3
c0179,1.0,2.0,Ing0304-3
c0179,1.0,3.0,Ing0304-3
c0179,1.0,4.0,Ing0304-3
c0179,2.0,2.0,Ing0304-3
c0179,-1.0,3.0,Ing0304-3
c0179,2.0,4.0,Ing0304-3
c0179,3.0,2.0,Ing0304-3
c0179,3.0,3.0,Ing0304-3
c0179,3.0,4.0,Ing0304-3
c0179,4.0,2.0,Ing0304-3
c0179,4.0,3.0,Ing0304-3
c0179,10.0,4.0,Ing0304-3
c0198,1.0,3.0,Ing0304-3
c0198,1.0,4.0,Ing0304-3
c0198,2.0,3.0,Ing0304-3
c0198,2.0,4.0,Ing0304-3
c0198,4.0,2.0,Ing0304-3
c0198,4.0,3.0,Ing0304-3
c0198,4.0,4.0,Ing0304-3
c0210,10.0,2.0,Ing0304-3
c0210,0.0,3.0,Ing0304-3
c0210,0.0,4.0,Ing0304-3
c0210,1.0,2.0,Ing0304-3
c0210,1.0,3.0,Ing0304-3
c0210,1.0,4.0,Ing0304-3
c0210,2.0,2.0,Ing0304-3
c0210,2.0,3.0,Ing0304-3
c0210,2.0,4.0,Ing0304-3
c0210,3.0,2.0,Ing0304-3
c0210,3.0,3.0,Ing0304-3
c0210,3.0,4.0,Ing0304-3
c0210,4.0,2.0,Ing0304-3
c0210,4.0,3.0,Ing0304-3
c0210,4.0,4.0,Ing0304-3
c0214,0.0,0.0,Ing0304-3
c0214,0.0,2.0,Ing0304-3
c0214,10.0,3.0,Ing0304-3
c0214,0.0,4.0,Ing0304-3
c0214,1.0,2.0,Ing0304-3
c0214,,3.0,Ing0304-3
c8888,1.0,4.0,Ing0304-3
c0214,2.0,2.0,Ing0304-3
c0214,2.0,-1.0,Ing0304-3
c0214,2.0,4.0,Ing0304-3
c0214,3.0,2.0,Ing0304-3
c0214,3.0,3.0,Ing0304-3
c0214,3.0,4.0,Ing0304-3
c0214,4.0,2.0,Ing0304-3
c0214,4.0,3.0,Ing0304-3
c0214,4.0,4.0,Ing0304-3
c0223,0.0,0.0,Ing0304-3
c0223,0.0,2.0,Ing0304-3
c0223,1.0,2.0,Ing0304-3
c8888,2.0,0.0,Ing0304-3
c0223,2.0,2.0,Ing0304-3
c0223,3.0,2.0,Ing0304-3
c0223,4.0,0.0,Ing0304-3
c0223,4.0,2.0,Ing0304-3
c0224,1.0,-1.0,Ing0304-3
c0224,2.0,4.0,Ing0304-3
c0224,3.0,4.0,Ing0304-3
c0224,4.0,0.0,Ing0304-3
c0224,4.0,1.0,Ing0304-3
c0224,4.0,2.0,Ing0304-3
c0224,4.0,3.0,Ing0304-3
c0224,,4.0,Ing0304-3
c0226,0.0,0.0,Ing0304-3
c0226,2.0,10.0,Ing0304-3
c0226,2.0,4.0,Ing0304-3
c0226,4.0,0.0,Ing0304-3
c0226,-1.0,1.0,Ing0304-3
c0226,4.0,2.0,Ing0304-3
c0226,4.0,3.0,Ing0304-3
c0226,4.0,4.0,Ing0304-3
c8888,0.0,0.0,Ing0304-3
c0227,0.0,1.0,Ing0304-3
c0227,0.0,2.0,Ing0304-3
c0227,4.0,0.0,Ing0304-3
c0227,4.0,1.0,Ing0304-3
c0227,4.0,2.0,Ing0304-3
c0227,4.0,3.0,Ing0304-3
c0227,4.0,4.0,Ing0304-3
c0441,0.0,4.0,Ing0304-3
c0441,1.0,4.0,Ing0304-3
c0441,2.0,2.0,Ing0304-3
c0441,2.0,3.0,Ing0304-3
c0441,2.0,4.0,Ing0304-3
c0441,3.0,4.0,Ing0304-3
c8888,4.0,10.0,Ing0304-3
c0441,4.0,4.0,Ing0304-3
c0254,0.0,0.0,Ing0304-3
c0254,1.0,0.0,Ing0304-3
c0254,1.0,1.0,Ing0304-3
c0254,4.0,0.0,Ing0304-3
c0254,4.0,1.0,Ing0304-3
c0254,4.0,2.0,Ing0304-3
c0254,4.0,10.0,Ing0304-3
,10.0,4.0,Ing0304-3
c0343,0.0,0.0,Ing0304-3
c0343,0.0,1.0,Ing0304-3
c0343,0.0,2.0,Ing0304-3
c0343,0.0,3.0,Ing0304-3
c0343,0.0,4.0,Ing0304-3
c0343,1.0,0.0,Ing0304-3
,1.0,2.0,Ing0304-3
c0343,1.0,3.0,Ing0304-3
c0343,10.0,4.0,Ing0304-3
c0343,2.0,0.0,Ing0304-3
c0344,0.0,0.0,Ing0304-3
c0344,0.0,1.0,Ing0304-3
c0344,0.0,2.0,Ing0304-3
c0344,0.0,3.0,Ing0304-3
c0344,0.0,4.0,Ing0304-3
c0344,1.0,0.0,Ing0304-3
c0344,1.0,1.0,Ing0304-3
c0344,1.0,2.0,Ing0304-3
c0344,,3.0,Ing0304-3
c0344,1.0,4.0,Ing0304-3
c8888,2.0,0.0,Ing0304-3
c0344,-1.0,1.0,Ing0304-3
c0344,2.0,2.0,Ing0304-3
c0344,2.0,3.0,Ing0304-3
c8888,2.0,4.0,Ing0304-3
c0344,3.0,0.0,Ing0304-3
c0344,4.0,4.0,Ing0304-3
c0378,1.0,0.0,Ing0304-3
c0378,2.0,10.0,Ing0304-3
c0378,10.0,1.0,Ing0304-3
c0378,2.0,2.0,Ing0304-3
c8888,2.0,3.0,Ing0304-3
c0378,2.0,4.0,Ing0304-3
c0378,4.0,4.0,Ing0304-3
c0411,0.0,0.0,Ing0304-3
c0411,0.0,1.0,Ing0304-3
c0411,0.0,2.0,Ing0304-3
c0411,0.0,3.0,Ing0304-3
c0411,0.0,4.0,Ing0304-3
c0411,1.0,0.0,Ing0304-3
c0411,1.0,1.0,Ing0304-3
c0411,1.0,2.0,Ing0304-3
c8888,3.0,2.0,Ing0304-3
c0457,3.0,3.0,Ing0304-3
c0457,,4.0,Ing0304-3
c0457,4.0,0.0,Ing0304-3
c0457,4.0,1.0,Ing0304-3
c0457,4.0,2.0,Ing0304-3
c0457,4.0,3.0,Ing0304-3
c8888,4.0,4.0,Ing0304-3
c0503,0.0,0.0,Ing0304-3
c0503,0.0,1.0,Ing0304-3
c0503,0.0,2.0,Ing0304-3
c0503,0.0,3.0,Ing0304-3
c0503,0.0,4.0,Ing0304-3
c0503,1.0,0.0,Ing0304-3
c0503,1.0,1.0,Ing0304-3
c0503,1.0,2.0,Ing0304-3
c0506,0.0,0.0,Ing0304-3
c0506,0.0,1.0,Ing0304-3
c0506,0.0,2.0,Ing0304-3
c0506,0.0,3.0,Ing0304-3
c0506,0.0,4.0,Ing0304-3
c0506,1.0,0.0,Ing0304-3
c0506,1.0,1.0,Ing0304-3
c0506,1.0,2.0,Ing0304-3
c0506,1.0,3.0,Ing0304-3
c0506,1.0,4.0,Ing0304-3
c0506,4.0,4.0,Ing0304-3
c8888,0.0,0.0,Ing0304-3
c0527,0.0,1.0,Ing0304-3
,0.0,2.0,Ing0304-3
c0527,0.0,3.0,Ing0304-3
c0527,0.0,4.0,Ing0304-3
c0532,1.0,3.0,Ing0304-3
c0532,1.0,4.0,Ing0304-3
c0532,2.0,3.0,Ing0304-3
c0532,2.0,4.0,Ing0304-3
c0532,-1.0,0.0,Ing0304-3
c0532,4.0,2.0,Ing0304-3
c0532,4.0,3.0,Ing0304-3
c0532,4.0,4.0,Ing0304-3
c0534,0.0,0.0,Ing0304-3
c0534,0.0,1.0,Ing0304-3
c0534,0.0,2.0,Ing0304-3
c0534,0.0,3.0,Ing0304-3
c0534,0.0,4.0,Ing0304-3
c8888,4.0,0.0,Ing0304-3
c0534,4.0,1.0,Ing0304-3
c8888,10.0,2.0,Ing0304-3
c0534,4.0,3.0,Ing0304-3
c8888,4.0,4.0,Ing0304-3
c0737,0.0,0.0,Ing0304-3
c0737,0.0,1.0,Ing0304-3
c0737,0.0,2.0,Ing0304-3
c0737,0.0,3.0,Ing0304-3
c0737,0.0,4.0,Ing0304-3
c0737,4.0,0.0,Ing0304-3
c0737,4.0,-1.0,Ing0304-3
c0737,4.0,2.0,Ing0304-3
c0737,4.0,3.0,Ing0304-3
c0737,4.0,4.0,Ing0304-3
c0901,4.0,4.0,Ing0304-3
c0917,0.0,0.0,Ing0304-3
c0917,0.0,1.0,Ing0304-3
c0917,,2.0,Ing0304-3
c8888,0.0,3.0,Ing0304-3
c8888,0.0,4.0,Ing0304-3
c0917,1.0,0.0,Ing0304-3
c0917,1.0,1.0,Ing0304-3
c0917,1.0,2.0,Ing0304-3
c0917,1.0,3.0,Ing0304-3
c0917,-1.0,2.0,Ing0304-3
c0917,4.0,3.0,Ing0304-3
c0917,4.0,4.0,Ing0304-3
c0918,0.0,0.0,Ing0304-3
c0918,0.0,1.0,Ing0304-3
c8888,0.0,2.0,Ing0304-3
c0918,0.0,3.0,Ing0304-3
c0918,0.0,4.0,Ing0304-3
c0918,1.0,0.0,Ing0304-3
c0918,1.0,1.0,Ing0304-3
c0918,1.0,2.0,Ing0304-3
c0918,1.0,3.0,Ing0304-3
c0918,4.0,2.0,Ing0304-3
c8888,,3.0,Ing0304-3
c0918,4.0,4.0,Ing0304-3
c0938,0.0,0.0,Ing0304-3
c0938,0.0,1.0,Ing0304-3
c0938,0.0,2.0,Ing0304-3
c0938,0.0,3.0,Ing0304-3
c0938,0.0,4.0,Ing0304-3
c8888,4.0,0.0,Ing0304-3
c0938,4.0,1.0,Ing0304-3
c0938,4.0,2.0,Ing0304-3
c0938,4.0,3.0,Ing0304-3
c0938,4.0,4.0,Ing0304-3
c0995,0.0,2.0,Ing0304-3
c0995,0.0,3.0,Ing0304-3
c0995,0.0,4.0,Ing0304-3
c0995,2.0,0.0,Ing0304-3
c0995,2.0,1.0,Ing0304-3
c0995,2.0,2.0,Ing0304-3
c0923,0.0,2.0,Ing0304-3
c0923,1.0,2.0,Ing0304-3
c0923,2.0,2.0,Ing0304-3
c0923,3.0,2.0,Ing0304-3
c0923,4.0,-1.0,Ing0304-3
c0798,0.0,-1.0,Ing0304-3
c0798,1.0,2.0,Ing0304-3
c0798,10.0,3.0,Ing0304-3
c0798,2.0,2.0,Ing0304-3
c0798,2.0,3.0,Ing0304-3
c0798,3.0,2.0,Ing0304-3
c8888,3.0,3.0,Ing0304-3
c0798,4.0,2.0,Ing0304-3
c0741,1.0,2.0,Ing0304-3
c0741,1.0,10.0,Ing0304-3
c0741,1.0,4.0,Ing0304-3
c0741,3.0,2.0,Ing0304-3
c8888,,3.0,Ing0304-3
c0741,3.0,4.0,Ing0304-3
c0741,4.0,3.0,Ing0304-3
c0741,4.0,4.0,Ing0304-3
c0196,4.0,0.0,Ing0304-3
c8888,4.0,1.0,Ing0304-3
c0196,4.0,2.0,Ing0304-3
c8888,4.0,3.0,Ing0304-3
c0196,4.0,4.0,Ing0304-3
c0014,4.0,0.0,Ing0304-3
c0014,4.0,,Ing0304-3
c0014,4.0,2.0,Ing0304-3
c0014,4.0,3.0,Ing0304-3
c0014,4.0,4.0,Ing0304-3
c0456,-1.0,0.0,Ing0304-3
c0456,0.0,1.0,Ing0304-3
c0456,0.0,2.0,Ing0304-3
c0456,0.0,3.0,Ing0304-3
c0456,1.0,0.0,Ing0304-3
,2.0,0.0,Ing0304-3
c0456,3.0,0.0,Ing0304-3
c0456,4.0,0.0,Ing0304-3
c0909,0.0,0.0,Ing0304-3
c0909,0.0,1.0,Ing0304-3
c8888,0.0,2.0,Ing0304-3
c0909,0.0,3.0,Ing0304-3
c0909,0.0,4.0,Ing0304-3
c8888,,0.0,Ing0304-3
c0909,1.0,10.0,Ing0304-3
c0909,1.0,2.0,Ing0304-3
c0103,0.0,0.0,Ing0405-2
c0103,0.0,1.0,Ing0405-2
c0103,0.0,2.0,Ing0405-2
c0103,0.0,3.0,Ing0405-2
c0103,0.0,4.0,Ing0405-2
c0103,1.0,2.0,Ing0405-2
c0103,2.0,2.0,Ing0405-2
c0103,3.0,2.0,Ing0405-2
c0103,4.0,2.0,Ing0405-2
c1053,0.0,0.0,Ing0405-2
c1053,0.0,-1.0,Ing0405-2
c1053,0.0,2.0,Ing0405-2
c1053,0.0,3.0,Ing0405-2
c1053,0.0,4.0,Ing0405-2
c1053,2.0,4.0,Ing0405-2
c1053,10.0,0.0,Ing0405-2
c1053,3.0,1.0,Ing0405-2
c1053,3.0,2.0,Ing0405-2
c1053,3.0,3.0,Ing0405-2
c1053,10.0,4.0,Ing0405-2
c8888,4.0,0.0,Ing0405-2
c1053,4.0,1.0,Ing0405-2
c1053,4.0,2.0,Ing0405-2
c1053,4.0,3.0,Ing0405-2
c1053,4.0,4.0,Ing0405-2
c0106,0.0,0.0,Ing0405-2
c0106,0.0,1.0,Ing0405-2
c0106,0.0,2.0,Ing0405-2
c0106,0.0,3.0,Ing0405-2
c0106,0.0,4.0,Ing0405-2
c0106,-1.0,0.0,Ing0405-2
c0106,2.0,0.0,Ing0405-2
,3.0,0.0,Ing0405-2
c0108,0.0,-1.0,Ing0405-2
c0108,0.0,1.0,Ing0405-2
c0108,0.0,2.0,Ing0405-2
c0108,0.0,3.0,Ing0405-2
c0108,1.0,0.0,Ing0405-2
c0108,1.0,3.0,Ing0405-2
c0108,1.0,4.0,Ing0405-2
c0108,2.0,0.0,Ing0405-2
c0108,2.0,4.0,Ing0405-2
c0108,3.0,0.0,Ing0405-2
c0108,-1.0,4.0,Ing0405-2
c0108,4.0,0.0,Ing0405-2
c0108,4.0,1.0,Ing0405-2
c0108,4.0,,Ing0405-2
c0108,4.0,-1.0,Ing0405-2
c0108,4.0,4.0,Ing0405-2
c0110,0.0,0.0,Ing0405-2
c0110,1.0,0.0,Ing0405-2
c0110,2.0,0.0,Ing0405-2
c0110,2.0,1.0,Ing0405-2
c0110,-1.0,2.0,Ing0405-2
c0110,2.0,3.0,Ing0405-2
c0110,2.0,4.0,Ing0405-2
c0110,3.0,0.0,Ing0405-2
c0110,3.0,1.0,Ing0405-2
c0110,-1.0,,Ing0405-2
c0110,3.0,3.0,Ing0405-2
c0110,3.0,4.0,Ing0405-2
c8888,4.0,0.0,Ing0405-2
c0113,0.0,0.0,Ing0405-2
c0113,0.0,1.0,Ing0405-2
c0113,0.0,-1.0,Ing0405-2
c0113,0.0,3.0,Ing0405-2
c0113,0.0,4.0,Ing0405-2
c0115,0.0,0.0,Ing0405-2
c0115,0.0,1.0,Ing0405-2
c0115,10.0,0.0,Ing0405-2
c0115,3.0,1.0,Ing0405-2
c0115,3.0,2.0,Ing0405-2
c0115,3.0,-1.0,Ing0405-2
c0115,3.0,4.0,Ing0405-2
c0115,4.0,0.0,Ing0405-2
c0115,4.0,1.0,Ing0405-2
c0115,4.0,2.0,Ing0405-2
c0115,4.0,3.0,Ing0405-2
c0118,0.0,0.0,Ing0405-2
c0118,0.0,1.0,Ing0405-2
c0118,0.0,2.0,Ing0405-2
c0118,0.0,3.0,Ing0405-2
c0118,0.0,4.0,Ing0405-2
c0118,4.0,2.0,Ing0405-2
c0118,4.0,3.0,Ing0405-2
c0118,4.0,4.0,Ing0405-2
c0119,0.0,0.0,Ing0405-2
c0119,0.0,4.0,Ing0405-2
c0119,1.0,0.0,Ing0405-2
c0119,1.0,4.0,Ing0405-2
c0119,2.0,0.0,Ing0405-2
c0119,2.0,1.0,Ing0405-2
c0119,10.0,2.0,Ing0405-2
c0119,2.0,3.0,Ing0405-2
c0119,2.0,4.0,Ing0405-2
,3.0,0.0,Ing0405-2
c0119,3.0,4.0,Ing0405-2
c0119,4.0,0.0,Ing0405-2
c0119,4.0,4.0,Ing0405-2
c0127,1.0,3.0,Ing0405-2
c0127,1.0,4.0,Ing0405-2
c0127,2.0,4.0,Ing0405-2
c0127,3.0,4.0,Ing0405-2
c8888,4.0,0.0,Ing0405-2
c0127,4.0,1.0,Ing0405-2
c0127,4.0,2.0,Ing0405-2
c0127,4.0,3.0,Ing0405-2
c0127,4.0,4.0,Ing0405-2
c0129,0.0,0.0,Ing0405-2
c0129,,1.0,Ing0405-2
c0129,10.0,2.0,Ing0405-2
c0129,0.0,3.0,Ing0405-2
,0.0,4.0,Ing0405-2
c0129,1.0,0.0,Ing0405-2
c0129,1.0,1.0,Ing0405-2
c8888,1.0,2.0,Ing0405-2
c0129,4.0,4.0,Ing0405-2
c8888,4.0,4.0,Ing0405-2
c0133,,0.0,Ing0405-2
c0133,2.0,4.0,Ing0405-2
c0133,3.0,0.0,Ing0405-2
c0133,3.0,4.0,Ing0405-2
c0133,4.0,0.0,Ing0405-2
c0133,4.0,4.0,Ing0405-2
c015a,-1.0,2.0,Ing0405-2
c015a,1.0,2.0,Ing0405-2
c015a,1.0,3.0,Ing0405-2
c015a,2.0,2.0,Ing0405-2
c015a,3.0,2.0,Ing0405-2
c015a,3.0,3.0,Ing0405-2
c015a,4.0,0.0,Ing0405-2
c015a,4.0,1.0,Ing0405-2
c015a,4.0,2.0,Ing0405-2
c8888,4.0,3.0,Ing0405-2
c015a,4.0,,Ing0405-2
c0152,0.0,2.0,Ing0405-2
c0152,0.0,3.0,Ing0405-2
c0152,0.0,-1.0,Ing0405-2
c0152,1.0,2.0,Ing0405-2
c0152,1.0,3.0,Ing0405-2
c0152,1.0,4.0,Ing0405-2
c0152,2.0,2.0,Ing0405-2
c0152,2.0,3.0,Ing0405-2
,2.0,10.0,Ing0405-2
c0152,3.0,2.0,Ing0405-2
c0152,3.0,3.0,Ing0405-2
c0152,3.0,4.0,Ing0405-2
c8888,4.0,2.0,Ing0405-2
c0152,4.0,3.0,Ing0405-2
c0152,4.0,4.0,Ing0405-2
c0153,0.0,0.0,Ing0405-2
c0153,0.0,1.0,Ing0405-2
c0153,1.0,0.0,Ing0405-2
c0153,1.0,1.0,Ing0405-2
c0153,-1.0,0.0,Ing0405-2
c0153,2.0,10.0,Ing0405-2
c0153,4.0,3.0,Ing0405-2
c0153,4.0,4.0,Ing0405-2
c0191,0.0,0.0,Ing0405-2
c0191,0.0,-1.0,Ing0405-2
c0191,0.0,2.0,Ing0405-2
c0191,4.0,0.0,Ing0405-2
c0191,4.0,1.0,Ing0405-2
c0191,4.0,2.0,Ing0405-2
c0191,4.0,3.0,Ing0405-2
c0191,4.0,4.0,Ing0405-2
c0193,0.0,0.0,Ing0405-2
c0193,0.0,1.0,Ing0405-2
c0193,0.0,2.0,Ing0405-2
c0193,0.0,3.0,Ing0405-2
c0193,0.0,4.0,Ing0405-2
c0193,4.0,0.0,Ing0405-2
,4.0,3.0,Ing0405-2
c0193,4.0,4.0,Ing0405-2
c0195,0.0,4.0,Ing0405-2
c0195,1.0,3.0,Ing0405-2
c0195,1.0,4.0,Ing0405-2
c0195,10.0,3.0,Ing0405-2
c0195,2.0,4.0,Ing0405-2
c0195,3.0,0.0,Ing0405-2
c0195,3.0,1.0,Ing0405-2
c0195,3.0,2.0,Ing0405-2
c0195,3.0,3.0,Ing0405-2
c8888,3.0,4.0,Ing0405-2
c0195,4.0,4.0,Ing0405-2
c0020,0.0,0.0,Ing0405-2
c0020,0.0,1.0,Ing0405-2
c0020,0.0,2.0,Ing0405-2
c0020,1.0,0.0,Ing0405-2
c0020,2.0,0.0,Ing0405-2
c0020,3.0,0.0,Ing0405-2
c0020,4.0,3.0,Ing0405-2
c0020,4.0,4.0,Ing0405-2
c8888,1.0,0.0,Ing0405-2
c0201,10.0,1.0,Ing0405-2
c0201,1.0,2.0,Ing0405-2
c0201,-1.0,,Ing0405-2
c0201,1.0,4.0,Ing0405-2
c0201,2.0,0.0,Ing0405-2
c0201,2.0,1.0,Ing0405-2
c0201,2.0,2.0,Ing0405-2
c0201,2.0,3.0,Ing0405-2
c0201,2.0,4.0,Ing0405-2
c0201,3.0,0.0,Ing0405-2
c0201,3.0,1.0,Ing0405-2
c8888,3.0,2.0,Ing0405-2
c0201,3.0,3.0,Ing0405-2
c0201,3.0,4.0,Ing0405-2
c8888,0.0,0.0,Ing0405-2
c0203,3.0,0.0,Ing0405-2
c0203,4.0,0.0,Ing0405-2
c0203,4.0,1.0,Ing0405-2
c0203,4.0,2.0,Ing0405-2
c0203,4.0,3.0,Ing0405-2
c0203,4.0,4.0,Ing0405-2
c0206,0.0,4.0,Ing0405-2
c0206,1.0,3.0,Ing0405-2
c0206,1.0,4.0,Ing0405-2
c8888,2.0,2.0,Ing0405-2
c0206,2.0,3.0,Ing0405-2
c0206,2.0,4.0,Ing0405-2
c0206,3.0,0.0,Ing0405-2
c0206,3.0,1.0,Ing0405-2
c0206,3.0,2.0,Ing0405-2
c0206,3.0,3.0,Ing0405-2
c0206,3.0,4.0,Ing0405-2
c0206,4.0,4.0,Ing0405-2
c0211,0.0,2.0,Ing0405-2
c0211,1.0,2.0,Ing0405-2
c0211,2.0,2.0,Ing0405-2
c0211,3.0,2.0,Ing0405-2
c0211,4.0,1.0,Ing0405-2
c0211,4.0,2.0,Ing0405-2
c0211,4.0,3.0,Ing0405-2
c0211,4.0,4.0,Ing0405-2
c0213,0.0,3.0,Ing0405-2
c0213,0.0,4.0,Ing0405-2
c0213,2.0,3.0,Ing0405-2
c0213,2.0,4.0,Ing0405-2
c0213,4.0,3.0,Ing0405-2
c0213,4.0,4.0,Ing0405-2
c0219,0.0,0.0,Ing0405-2
c8888,0.0,1.0,Ing0405-2
c0219,0.0,2.0,Ing0405-2
c0219,4.0,0.0,Ing0405-2
c0219,4.0,1.0,Ing0405-2
c0219,4.0,2.0,Ing0405-2
c0219,4.0,3.0,Ing0405-2
,4.0,4.0,Ing0405-2
c0023,0.0,0.0,Ing0405-2
c0023,0.0,1.0,Ing0405-2
c0023,0.0,2.0,Ing0405-2
c0023,0.0,3.0,Ing0405-2
c0023,10.0,4.0,Ing0405-2
c0023,,2.0,Ing0405-2
c0023,1.0,3.0,Ing0405-2
c0023,1.0,4.0,Ing0405-2
c0023,2.0,2.0,Ing0405-2
c0023,2.0,3.0,Ing0405-2
c0023,2.0,4.0,Ing0405-2
c0023,3.0,2.0,Ing0405-2
c0023,3.0,3.0,Ing0405-2
c8888,3.0,4.0,Ing0405-2
,4.0,0.0,Ing0405-2
c0023,4.0,1.0,Ing0405-2
c0023,4.0,2.0,Ing0405-2
c0023,4.0,3.0,Ing0405-2
c0023,4.0,4.0,Ing0405-2
c0232,0.0,0.0,Ing0405-2
c0232,0.0,2.0,Ing0405-2
c0232,1.0,2.0,Ing0405-2
c0232,2.0,2.0,Ing0405-2
c0232,3.0,0.0,Ing0405-2
c0232,3.0,2.0,Ing0405-2
c0232,4.0,0.0,Ing0405-2
c0232,4.0,2.0,Ing0405-2
c0024,0.0,0.0,Ing0405-2
c0024,0.0,1.0,Ing0405-2
c0024,0.0,2.0,Ing0405-2
c8888,1.0,0.0,Ing0405-2
c0024,2.0,10.0,Ing0405-2
c0024,-1.0,0.0,Ing0405-2
c0024,4.0,0.0,Ing0405-2
c0024,4.0,4.0,Ing0405-2
c0252,0.0,0.0,Ing0405-2
c0252,0.0,-1.0,Ing0405-2
c0252,0.0,2.0,Ing0405-2
c0252,0.0,3.0,Ing0405-2
c0252,0.0,4.0,Ing0405-2
c0252,4.0,2.0,Ing0405-2
c0252,4.0,3.0,Ing0405-2
c0252,4.0,4.0,Ing0405-2
c0253,0.0,0.0,Ing0405-2
c0253,1.0,0.0,Ing0405-2
c0253,2.0,0.0,Ing0405-2
c0253,3.0,0.0,Ing0405-2
c0253,4.0,0.0,Ing0405-2
c0257,0.0,0.0,Ing0405-2
c0257,0.0,1.0,Ing0405-2
c0257,0.0,2.0,Ing0405-2
c0257,0.0,3.0,Ing0405-2
c0257,0.0,4.0,Ing0405-2
c0257,1.0,0.0,Ing0405-2
c0257,4.0,,Ing0405-2
c0257,4.0,1.0,Ing0405-2
c8888,4.0,2.0,Ing0405-2
c0257,4.0,3.0,Ing0405-2
c0257,4.0,4.0,Ing0405-2
c0279,0.0,4.0,Ing0405-2
c0279,1.0,4.0,Ing0405-2
c0279,2.0,4.0,Ing0405-2
c0279,3.0,4.0,Ing0405-2
c0279,4.0,4.0,Ing0405-2
c8888,0.0,0.0,Ing0405-2
c8888,0.0,1.0,Ing0405-2
c0411,0.0,2.0,Ing0405-2
c0411,0.0,3.0,Ing0405-2
c0411,0.0,4.0,Ing0405-2
,1.0,0.0,Ing0405-2
c0411,1.0,1.0,Ing0405-2
c0411,1.0,2.0,Ing0405-2
c0423,0.0,2.0,Ing0405-2
c0423,1.0,2.0,Ing0405-2
c0423,2.0,2.0,Ing0405-2
c0423,10.0,2.0,Ing0405-2
c0423,3.0,4.0,Ing0405-2
c0423,4.0,2.0,Ing0405-2
c0423,4.0,3.0,Ing0405-2
c0423,4.0,4.0,Ing0405-2
c0044,0.0,0.0,Ing0405-2
c0044,1.0,0.0,Ing0405-2
c8888,2.0,0.0,Ing0405-2
c0044,3.0,0.0,Ing0405-2
c0044,4.0,0.0,Ing0405-2
c0044,4.0,1.0,Ing0405-2
c0044,4.0,2.0,Ing0405-2
c0044,4.0,3.0,Ing0405-2
c0443,0.0,0.0,Ing0405-2
c0443,0.0,1.0,Ing0405-2
c0443,0.0,2.0,Ing0405-2
c0443,0.0,3.0,Ing0405-2
c0443,0.0,4.0,Ing0405-2
c0443,4.0,2.0,Ing0405-2
c0443,4.0,3.0,Ing0405-2
c8888,4.0,4.0,Ing0405-2
c0449,0.0,-1.0,Ing0405-2
c0449,1.0,0.0,Ing0405-2
c0449,2.0,0.0,Ing0405-2
c0449,3.0,0.0,Ing0405-2
c0449,4.0,0.0,Ing0405-2
c8888,1.0,,Ing0405-2
c0455,1.0,1.0,Ing0405-2
c0455,1.0,2.0,Ing0405-2
c0455,2.0,0.0,Ing0405-2
c0455,2.0,1.0,Ing0405-2
c0455,2.0,-1.0,Ing0405-2
c0455,2.0,3.0,Ing0405-2
c0455,2.0,4.0,Ing0405-2
c8888,0.0,2.0,Ing0405-2
c0467,1.0,2.0,Ing0405-2
c8888,2.0,2.0,Ing0405-2
c0467,3.0,2.0,Ing0405-2
c0467,4.0,2.0,Ing0405-2
c0047,0.0,0.0,Ing0405-2
c0047,0.0,1.0,Ing0405-2
c0047,0.0,,Ing0405-2
c0047,0.0,3.0,Ing0405-2
c8888,0.0,4.0,Ing0405-2
c0047,1.0,0.0,Ing0405-2
c0047,1.0,1.0,Ing0405-2
c0047,4.0,3.0,Ing0405-2
c0047,4.0,4.0,Ing0405-2
c0478,0.0,2.0,Ing0405-2
c0478,0.0,3.0,Ing0405-2
c0478,0.0,4.0,Ing0405-2
c0478,2.0,2.0,Ing0405-2
c0478,2.0,3.0,Ing0405-2
c0478,2.0,4.0,Ing0405-2
c0479,0.0,0.0,Ing0405-2
c0479,0.0,1.0,Ing0405-2
c0479,0.0,2.0,Ing0405-2
c0479,0.0,3.0,Ing0405-2
c0479,0.0,4.0,Ing0405-2
c0479,4.0,2.0,Ing0405-2
c0479,4.0,3.0,Ing0405-2
c0479,-1.0,4.0,Ing0405-2
c0487,0.0,0.0,Ing0405-2
c0487,0.0,1.0,Ing0405-2
c0487,0.0,2.0,Ing0405-2
c8888,0.0,3.0,Ing0405-2
c0487,0.0,4.0,Ing0405-2
c0487,1.0,0.0,Ing0405-2
c0487,1.0,,Ing0405-2
c0487,1.0,2.0,Ing0405-2
c0487,1.0,3.0,Ing0405-2
c8888,1.0,4.0,Ing0405-2
c0487,2.0,0.0,Ing0405-2
c8888,2.0,1.0,Ing0405-2
c0487,2.0,2.0,Ing0405-2
c0487,2.0,3.0,Ing0405-2
c0487,10.0,4.0,Ing0405-2
c0487,10.0,0.0,Ing0405-2
c0487,3.0,1.0,Ing0405-2
c0487,4.0,0.0,Ing0405-2
c0487,4.0,1.0,Ing0405-2
c0049,0.0,0.0,Ing0405-2
c0049,0.0,10.0,Ing0405-2
c0049,0.0,2.0,Ing0405-2
c0049,0.0,3.0,Ing0405-2
c0049,0.0,-1.0,Ing0405-2
c0049,4.0,2.0,Ing0405-2
,4.0,3.0,Ing0405-2
c0049,4.0,4.0,Ing0405-2
c8888,0.0,0.0,Ing0405-2
c0497,0.0,-1.0,Ing0405-2
c0497,1.0,0.0,Ing0405-2
c0497,1.0,4.0,Ing0405-2
c8888,2.0,0.0,Ing0405-2
c0497,2.0,4.0,Ing0405-2
c0497,3.0,0.0,Ing0405-2
c0497,3.0,4.0,Ing0405-2
c0497,4.0,0.0,Ing0405-2
c0497,4.0,4.0,Ing0405-2
c0503,0.0,0.0,Ing0405-2
c0503,0.0,1.0,Ing0405-2
c0503,0.0,2.0,Ing0405-2
c0503,0.0,3.0,Ing0405-2
c0503,0.0,4.0,Ing0405-2
c0503,1.0,0.0,Ing0405-2
c0503,1.0,1.0,Ing0405-2
c0503,1.0,2.0,Ing0405-2
c0504,0.0,0.0,Ing0405-2
c0504,0.0,1.0,Ing0405-2
c0504,0.0,2.0,Ing0405-2
c0504,0.0,3.0,Ing0405-2
c0504,0.0,4.0,Ing0405-2
c0504,4.0,0.0,Ing0405-2
c8888,4.0,1.0,Ing0405-2
c0504,4.0,2.0,Ing0405-2
c0504,4.0,3.0,Ing0405-2
c0504,4.0,4.0,Ing0405-2
c0515,0.0,3.0,Ing0405-2
c0515,0.0,4.0,Ing0405-2
c0515,2.0,2.0,Ing0405-2
c0515,2.0,3.0,Ing0405-2
c0515,2.0,4.0,Ing0405-2
c0515,4.0,2.0,Ing0405-2
c8888,4.0,3.0,Ing0405-2
c0515,4.0,4.0,Ing0405-2
c0520,0.0,0.0,Ing0405-2
c0520,0.0,1.0,Ing0405-2
c0520,0.0,2.0,Ing0405-2
c0520,0.0,3.0,Ing0405-2
c0520,0.0,4.0,Ing0405-2
c0520,1.0,0.0,Ing0405-2
c0520,2.0,0.0,Ing0405-2
c0520,3.0,-1.0,Ing0405-2
c0526,0.0,0.0,Ing0405-2
,10.0,1.0,Ing0405-2
c0526,0.0,2.0,Ing0405-2
c0526,0.0,3.0,Ing0405-2
c0526,0.0,4.0,Ing0405-2
c0532,0.0,2.0,Ing0405-2
c0532,1.0,2.0,Ing0405-2
c8888,-1.0,3.0,Ing0405-2
c0532,1.0,4.0,Ing0405-2
c0532,2.0,2.0,Ing0405-2
c8888,2.0,3.0,Ing0405-2
c0532,2.0,4.0,Ing0405-2
c8888,4.0,2.0,Ing0405-2
c0534,0.0,0.0,Ing0405-2
c0534,0.0,1.0,Ing0405-2
c8888,10.0,2.0,Ing0405-2
c0534,0.0,3.0,Ing0405-2
c0534,0.0,4.0,Ing0405-2
c0534,4.0,0.0,Ing0405-2
c0534,4.0,10.0,Ing0405-2
c0534,4.0,2.0,Ing0405-2
c0534,4.0,3.0,Ing0405-2
c8888,4.0,4.0,Ing0405-2
c0535,,0.0,Ing0405-2
c0535,0.0,4.0,Ing0405-2
c0535,1.0,0.0,Ing0405-2
c0535,1.0,4.0,Ing0405-2
,2.0,0.0,Ing0405-2
c0535,10.0,1.0,Ing0405-2
c0535,2.0,2.0,Ing0405-2
c0535,2.0,3.0,Ing0405-2
c0535,2.0,4.0,Ing0405-2
c0535,3.0,0.0,Ing0405-2
c0535,3.0,4.0,Ing0405-2
c0535,4.0,0.0,Ing0405-2
c0535,4.0,4.0,Ing0405-2
c8888,0.0,0.0,Ing0405-2
c0554,0.0,1.0,Ing0405-2
c0554,0.0,2.0,Ing0405-2
c8888,1.0,0.0,Ing0405-2
c0554,2.0,0.0,Ing0405-2
c0554,3.0,0.0,Ing0405-2
c0554,4.0,3.0,Ing0405-2
c0554,4.0,4.0,Ing0405-2
c8888,1.0,,Ing0405-2
c0056,2.0,0.0,Ing0405-2
c8888,2.0,1.0,Ing0405-2
c0056,2.0,2.0,Ing0405-2
c0056,2.0,3.0,Ing0405-2
c0056,2.0,4.0,Ing0405-2
c0056,3.0,3.0,Ing0405-2
c0056,3.0,4.0,Ing0405-2
c0056,4.0,3.0,Ing0405-2
c0056,4.0,4.0,Ing0405-2
c0058,0.0,0.0,Ing0405-2
c0058,1.0,0.0,Ing0405-2
c8888,3.0,0.0,Ing0405-2
c0058,3.0,1.0,Ing0405-2
c0058,3.0,2.0,Ing0405-2
c0058,3.0,3.0,Ing0405-2
,3.0,4.0,Ing0405-2
c0058,4.0,0.0,Ing0405-2
c0602,0.0,2.0,Ing0405-2
c8888,1.0,2.0,Ing0405-2
c0602,2.0,2.0,Ing0405-2
c0602,3.0,0.0,Ing0405-2
c0602,3.0,1.0,Ing0405-2
c0602,-1.0,2.0,Ing0405-2
c0602,3.0,3.0,Ing0405-2
c0602,3.0,4.0,Ing0405-2
c8888,,0.0,Ing0405-2
c0602,4.0,1.0,Ing0405-2
c0602,4.0,2.0,Ing0405-2
c8888,4.0,3.0,Ing0405-2
c0602,4.0,4.0,Ing0405-2
c0061,0.0,0.0,Ing0405-2
c0061,0.0,1.0,Ing0405-2
c0061,0.0,2.0,Ing0405-2
c0061,1.0,0.0,Ing0405-2
c0061,1.0,2.0,Ing0405-2
c0061,1.0,3.0,Ing0405-2
c0061,2.0,0.0,Ing0405-2
c0061,4.0,0.0,Ing0405-2
c8888,0.0,0.0,Ing0405-2
c0062,0.0,1.0,Ing0405-2
c0062,0.0,2.0,Ing0405-2
c0062,0.0,3.0,Ing0405-2
c0062,0.0,4.0,Ing0405-2
c0062,1.0,0.0,Ing0405-2
c8888,4.0,0.0,Ing0405-2
c0062,4.0,4.0,Ing0405-2
c0069,0.0,4.0,Ing0405-2
c0069,1.0,4.0,Ing0405-2
c8888,2.0,0.0,Ing0405-2
c0069,2.0,1.0,Ing0405-2
c8888,2.0,2.0,Ing0405-2
c0069,-1.0,3.0,Ing0405-2
c0069,2.0,4.0,Ing0405-2
c0069,3.0,2.0,Ing0405-2
c0069,3.0,3.0,Ing0405-2
c0069,3.0,4.0,Ing0405-2
c0069,4.0,3.0,Ing0405-2
c0069,4.0,4.0,Ing0405-2
c0007,0.0,0.0,Ing0405-2
c0007,0.0,1.0,Ing0405-2
c0007,0.0,2.0,Ing0405-2
c0007,0.0,3.0,Ing0405-2
,0.0,4.0,Ing0405-2
c0007,1.0,2.0,Ing0405-2
c0007,2.0,2.0,Ing0405-2
c0007,3.0,2.0,Ing0405-2
c0072,0.0,0.0,Ing0405-2
c0072,0.0,1.0,Ing0405-2
c8888,0.0,2.0,Ing0405-2
c0072,0.0,3.0,Ing0405-2
c0072,0.0,4.0,Ing0405-2
c0072,1.0,0.0,Ing0405-2
c0072,1.0,1.0,Ing0405-2
c0072,,2.0,Ing0405-2
c0072,1.0,3.0,Ing0405-2
c0072,1.0,4.0,Ing0405-2
c8888,4.0,4.0,Ing0405-2
c0723,1.0,0.0,Ing0405-2
c0723,1.0,1.0,Ing0405-2
c0723,1.0,2.0,Ing0405-2
c0723,1.0,3.0,Ing0405-2
c8888,1.0,4.0,Ing0405-2
c0723,2.0,3.0,Ing0405-2
c0723,3.0,3.0,Ing0405-2
c0723,3.0,4.0,Ing0405-2
c0730,0.0,0.0,Ing0405-2
c0730,0.0,1.0,Ing0405-2
c0730,0.0,2.0,Ing0405-2
c0730,0.0,3.0,Ing0405-2
c0730,0.0,4.0,Ing0405-2
c8888,1.0,0.0,Ing0405-2
c0730,1.0,1.0,Ing0405-2
c0730,4.0,3.0,Ing0405-2
c0730,4.0,4.0,Ing0405-2
c0737,0.0,0.0,Ing0405-2
c0737,0.0,1.0,Ing0405-2
c0737,,2.0,Ing0405-2
c0737,0.0,3.0,Ing0405-2
c0737,0.0,4.0,Ing0405-2
c0737,4.0,0.0,Ing0405-2
c0737,4.0,3.0,Ing0405-2
c0737,4.0,4.0,Ing0405-2
c0742,0.0,-1.0,Ing0405-2
c0742,0.0,1.0,Ing0405-2
c0742,0.0,2.0,Ing0405-2
c0742,0.0,3.0,Ing0405-2
c0742,4.0,1.0,Ing0405-2
c8888,4.0,2.0,Ing0405-2
c0742,4.0,3.0,Ing0405-2
c0742,4.0,4.0,Ing0405-2
c0076,0.0,0.0,Ing0405-2
c0076,0.0,4.0,Ing0405-2
c0076,1.0,0.0,Ing0405-2
c0076,1.0,4.0,Ing0405-2
c0076,2.0,0.0,Ing0405-2
c8888,2.0,4.0,Ing0405-2
c0076,3.0,0.0,Ing0405-2
c0076,3.0,-1.0,Ing0405-2
c0076,4.0,0.0,Ing0405-2
c0076,4.0,4.0,Ing0405-2
c0785,0.0,0.0,Ing0405-2
c0785,0.0,1.0,Ing0405-2
c0785,2.0,0.0,Ing0405-2
c0785,2.0,1.0,Ing0405-2
c0785,2.0,2.0,Ing0405-2
c0785,2.0,-1.0,Ing0405-2
c0785,,4.0,Ing0405-2
c8888,4.0,4.0,Ing0405-2
c0804,3.0,2.0,Ing0405-2
c0804,3.0,3.0,Ing0405-2
c0804,3.0,4.0,Ing0405-2
c0804,4.0,0.0,Ing0405-2
c8888,4.0,1.0,Ing0405-2
c0804,4.0,2.0,Ing0405-2
c0804,4.0,3.0,Ing0405-2
c0804,4.0,4.0,Ing0405-2
c0807,0.0,0.0,Ing0405-2
c0807,0.0,4.0,Ing0405-2
c0807,1.0,0.0,Ing0405-2
c0807,1.0,4.0,Ing0405-2
c0807,-1.0,0.0,Ing0405-2
c0807,3.0,0.0,Ing0405-2
c0807,10.0,0.0,Ing0405-2
c0807,4.0,4.0,Ing0405-2
c0808,0.0,0.0,Ing0405-2
c0808,0.0,1.0,Ing0405-2
,0.0,2.0,Ing0405-2
c0808,1.0,2.0,Ing0405-2
c0808,3.0,2.0,Ing0405-2
c0808,4.0,0.0,Ing0405-2
c0808,4.0,1.0,Ing0405-2
c0808,4.0,2.0,Ing0405-2
c088a,0.0,2.0,Ing0405-2
c088a,1.0,2.0,Ing0405-2
c088a,1.0,3.0,Ing0405-2
c8888,2.0,2.0,Ing0405-2
c088a,3.0,2.0,Ing0405-2
c088a,3.0,-1.0,Ing0405-2
c088a,4.0,0.0,Ing0405-2
c088a,4.0,1.0,Ing0405-2
c088a,4.0,2.0,Ing0405-2
c088a,4.0,3.0,Ing0405-2
c088a,4.0,4.0,Ing0405-2
c0936,0.0,0.0,Ing0405-2
c0936,0.0,1.0,Ing0405-2
c0936,2.0,0.0,Ing0405-2
c0936,2.0,1.0,Ing0405-2
c0936,2.0,2.0,Ing0405-2
c0936,2.0,3.0,Ing0405-2
c0936,2.0,4.0,Ing0405-2
c0936,4.0,10.0,Ing0405-2
c0095,1.0,3.0,Ing0405-2
c0095,1.0,4.0,Ing0405-2
,2.0,4.0,Ing0405-2
c8888,3.0,0.0,Ing0405-2
c0095,3.0,1.0,Ing0405-2
c0095,3.0,2.0,Ing0405-2
c0095,3.0,3.0,Ing0405-2
c0095,3.0,4.0,Ing0405-2
c8888,4.0,0.0,Ing0405-2
,4.0,10.0,Ing0405-2
c0095,4.0,2.0,Ing0405-2
c0095,4.0,3.0,Ing0405-2
c0095,4.0,4.0,Ing0405-2
c0998,0.0,0.0,Ing0405-2
c0998,0.0,1.0,Ing0405-2
c8888,0.0,2.0,Ing0405-2
c0998,0.0,3.0,Ing0405-2
c0998,0.0,4.0,Ing0405-2
c0998,4.0,2.0,Ing0405-2
c0998,4.0,3.0,Ing0405-2
c8888,4.0,4.0,Ing0405-2
c8888,4.0,-1.0,Fis0506-2
c0006,4.0,1.0,Fis0506-2
c0006,4.0,2.0,Fis0506-2
c0006,4.0,3.0,Fis0506-2
c8888,4.0,4.0,Fis0506-2
c0006,4.0,5.0,Fis0506-2
c0006,4.0,6.0,Fis0506-2
c0006,4.0,7.0,Fis0506-2
c0006,4.0,8.0,Fis0506-2
c0007,0.0,0.0,Fis0506-2
c8888,0.0,1.0,Fis0506-2
c0007,0.0,2.0,Fis0506-2
c0007,0.0,3.0,Fis0506-2
c0007,0.0,4.0,Fis0506-2
c0007,10.0,5.0,Fis0506-2
c0007,0.0,6.0,Fis0506-2
,0.0,7.0,Fis0506-2
c0007,0.0,8.0,Fis0506-2
c0026,3.0,0.0,Fis0506-2
c0026,3.0,1.0,Fis0506-2
c0026,3.0,2.0,Fis0506-2
c0026,3.0,3.0,Fis0506-2
c0026,3.0,4.0,Fis0506-2
c0026,3.0,5.0,Fis0506-2
c0026,3.0,6.0,Fis0506-2
c0026,3.0,7.0,Fis0506-2
c0026,3.0,8.0,Fis0506-2
c0009,2.0,2.0,Fis0506-2
c0009,,3.0,Fis0506-2
c0009,2.0,4.0,Fis0506-2
c0009,2.0,,Fis0506-2
c0009,3.0,10.0,Fis0506-2
c0009,3.0,1.0,Fis0506-2
c0009,3.0,2.0,Fis0506-2
c0009,3.0,3.0,Fis0506-2
c0009,3.0,4.0,Fis0506-2
c0009,3.0,5.0,Fis0506-2
c0038,3.0,2.0,Fis0506-2
c0038,3.0,3.0,Fis0506-2
c0038,3.0,4.0,Fis0506-2
c8888,3.0,5.0,Fis0506-2
c0038,4.0,2.0,Fis0506-2
c0038,4.0,3.0,Fis0506-2
c0038,4.0,4.0,Fis0506-2
c0038,4.0,5.0,Fis0506-2
c0085,0.0,7.0,Fis0506-2
c8888,1.0,7.0,Fis0506-2
c0085,2.0,7.0,Fis0506-2
c0085,,7.0,Fis0506-2
c0085,4.0,7.0,Fis0506-2
c8888,-1.0,8.0,Fis0506-2
c0085,1.0,8.0,Fis0506-2
c0085,2.0,8.0,Fis0506-2
c0085,3.0,8.0,Fis0506-2
c0085,4.0,8.0,Fis0506-2
c0113,0.0,0.0,Fis0506-2
c0113,1.0,0.0,Fis0506-2
c8888,2.0,0.0,Fis0506-2
c0113,3.0,0.0,Fis0506-2
c8888,4.0,0.0,Fis0506-2
c0113,0.0,1.0,Fis0506-2
c0113,1.0,1.0,Fis0506-2
c0113,2.0,1.0,Fis0506-2
c0113,3.0,-1.0,Fis0506-2
c8888,4.0,1.0,Fis0506-2
c0113,-1.0,2.0,Fis0506-2
c0113,1.0,2.0,Fis0506-2
c0113,,2.0,Fis0506-2
c0113,3.0,2.0,Fis0506-2
c0113,4.0,2.0,Fis0506-2
c0113,0.0,3.0,Fis0506-2
c0113,1.0,3.0,Fis0506-2
c0113,2.0,3.0,Fis0506-2
c0113,3.0,3.0,Fis0506-2
c0113,4.0,3.0,Fis0506-2
c0115,0.0,3.0,Fis0506-2
c0115,1.0,3.0,Fis0506-2
c0115,2.0,3.0,Fis0506-2
c0115,-1.0,3.0,Fis0506-2
c0115,4.0,3.0,Fis0506-2
c0115,0.0,4.0,Fis0506-2
c0115,1.0,4.0,Fis0506-2
c0115,2.0,4.0,Fis0506-2
c0115,3.0,4.0,Fis0506-2
c0115,,4.0,Fis0506-2
c0115,0.0,5.0,Fis0506-2
c0115,1.0,5.0,Fis0506-2
c0115,2.0,5.0,Fis0506-2
c0115,3.0,5.0,Fis0506-2
c0115,4.0,5.0,Fis0506-2
c0116,0.0,0.0,Fis0506-2
c0116,0.0,1.0,Fis0506-2
c0116,4.0,7.0,Fis0506-2
,4.0,8.0,Fis0506-2
AntCul,5.0,2.0,Let0506-2
AntCul,5.0,3.0,Let0506-2
AntCul,5.0,10.0,Let0506-2
AntCul,10.0,5.0,Let0506-2
ArcClaCS,0.0,0.0,Let0506-2
ArcClaCS,0.0,10.0,Let0506-2
ArcClaCS,0.0,2.0,Let0506-2
ArcClaCS,4.0,3.0,Let0506-2
ArcClaCS,10.0,4.0,Let0506-2
ArcClaCS,4.0,5.0,Let0506-2
ArcClaCS,5.0,0.0,Let0506-2
ArcClaCS,5.0,1.0,Let0506-2
ArcClaCS,5.0,2.0,Let0506-2
ArcClaCS,5.0,3.0,Let0506-2
ArcClaCS,5.0,4.0,Let0506-2
ArcClaCS,5.0,5.0,Let0506-2
ArcCla1,5.0,2.0,Let0506-2
ArcCla1,5.0,3.0,Let0506-2
ArcCla1,-1.0,4.0,Let0506-2
ArcCla1,10.0,5.0,Let0506-2
ArcCla2,0.0,0.0,Let0506-2
ArcCla2,0.0,1.0,Let0506-2
ArcCla2,0.0,2.0,Let0506-2
ArcCla2,4.0,10.0,Let0506-2
ArcCla2,4.0,4.0,Let0506-2
ArcCla2,4.0,5.0,Let0506-2
ArcCla2,5.0,0.0,Let0506-2
ArcCla2,5.0,1.0,Let0506-2
ArcCla2,5.0,2.0,Let0506-2
ArcCla2,5.0,3.0,Let0506-2
ArcCla2,5.0,4.0,Let0506-2
c8888,5.0,5.0,Let0506-2
ArcCriMed,0.0,0.0,Let0506-2
ArcCriMed,0.0,1.0,Let0506-2
c8888,0.0,2.0,Let0506-2
ArcCriMed,2.0,0.0,Let0506-2
ArcCriMed,2.0,1.0,Let0506-2
ArcCriMed,2.0,,Let0506-2
ArcCriMed,2.0,3.0,Let0506-2
ArcCriMed,2.0,4.0,Let0506-2
ArcCriMed,2.0,5.0,Let0506-2
c8888,4.0,-1.0,Let0506-2
ArcCriMed,4.0,1.0,Let0506-2
ArcCriMed,4.0,2.0,Let0506-2
c8888,4.0,3.0,Let0506-2
ArcCriMed,4.0,4.0,Let0506-2
ArcCriMed,4.0,5.0,Let0506-2
ArcCriMed,5.0,0.0,Let0506-2
ArcCriMed,5.0,1.0,Let0506-2
ArcCriMed,5.0,2.0,Let0506-2
,5.0,3.0,Let0506-2
ArcCriMed,5.0,4.0,Let0506-2
ArcCriMed,5.0,5.0,Let0506-2
ArcVicOriAnt,0.0,0.0,Let0506-2
ArcVicOriAnt,0.0,1.0,Let0506-2
ArcVicOriAnt,0.0,2.0,Let0506-2
ArcVicOriAnt,0.0,5.0,Let0506-2
ArcVicOriAnt,1.0,0.0,Let0506-2
ArcVicOriAnt,1.0,1.0,Let0506-2
ArcVicOriAnt,1.0,2.0,Let0506-2
ArcVicOriAnt,1.0,5.0,Let0506-2
ArcVicOriAnt,10.0,0.0,Let0506-2
ArcVicOriAnt,2.0,1.0,Let0506-2
ArcVicOriAnt,2.0,2.0,Let0506-2
ArcVicOriAnt,2.0,5.0,Let0506-2
ArcVicOriAnt,3.0,0.0,Let0506-2
ArcVicOriAnt,3.0,1.0,Let0506-2
ArcVicOriAnt,3.0,2.0,Let0506-2
ArcVicOriAnt,3.0,5.0,Let0506-2
ArcVicOriAnt,4.0,0.0,Let0506-2
ArcVicOriAnt,4.0,10.0,Let0506-2
ArcVicOriAnt,4.0,2.0,Let0506-2
ArcVicOriAnt,4.0,5.0,Let0506-2
ArcVicOriAnt,5.0,0.0,Let0506-2
ArcVicOriAnt,5.0,1.0,Let0506-2
ArcVicOriAnt,5.0,2.0,Let0506-2
ArcVicOriAnt,5.0,,Let0506-2
ArcVicOriAnt,5.0,4.0,Let0506-2
ArcVicOriAnt,5.0,5.0,Let0506-2
ArcStoArtMus,5.0,2.0,Let0506-2
ArcStoArtMus,5.0,3.0,Let0506-2
ArcStoArtMus,5.0,4.0,Let0506-2
ArcStoArtMus,5.0,5.0,Let0506-2
ArcMedCS,0.0,0.0,Let0506-2
c8888,0.0,1.0,Let0506-2
c8888,0.0,2.0,Let0506-2
ArcMedCS,2.0,0.0,Let0506-2
ArcMedCS,2.0,1.0,Let0506-2
ArcMedCS,2.0,2.0,Let0506-2
ArcMedCS,2.0,3.0,Let0506-2
ArcMedCS,2.0,4.0,Let0506-2
ArcMedCS,2.0,5.0,Let0506-2
ArcMedCS,4.0,0.0,Let0506-2
ArcMedCS,4.0,10.0,Let0506-2
ArcMedCS,4.0,2.0,Let0506-2
ArcMedCS,4.0,3.0,Let0506-2
ArcMedCS,4.0,4.0,Let0506-2
ArcMedCS,4.0,5.0,Let0506-2
ArcMedCS,5.0,0.0,Let0506-2
ArcMedCS,5.0,1.0,Let0506-2
c8888,5.0,2.0,Let0506-2
ArcMedCS,5.0,3.0,Let0506-2
ArcMedCS,5.0,4.0,Let0506-2
ArcMedCS,5.0,5.0,Let0506-2
Archiv,0.0,0.0,Let0506-2
Archiv,0.0,1.0,Let0506-2
Archiv,0.0,2.0,Let0506-2
c8888,0.0,3.0,Let0506-2
Archiv,0.0,4.0,Let0506-2
Archiv,0.0,5.0,Let0506-2
Archiv,1.0,3.0,Let0506-2
Archiv,1.0,4.0,Let0506-2
c8888,1.0,5.0,Let0506-2
Archiv,2.0,3.0,Let0506-2
,2.0,4.0,Let0506-2
,2.0,5.0,Let0506-2
,3.0,3.0,Let0506-2
Archiv,3.0,4.0,Let0506-2
Archiv,3.0,5.0,Let0506-2
Archiv,10.0,3.0,Let0506-2
Archiv,4.0,4.0,Let0506-2
Archiv,4.0,5.0,Let0506-2
Archiv,5.0,0.0,Let0506-2
Archiv,5.0,1.0,Let0506-2
Archiv,5.0,2.0,Let0506-2
Archiv,5.0,3.0,Let0506-2
Archiv,5.0,4.0,Let0506-2
Archiv,5.0,5.0,Let0506-2
ArchivCS,0.0,0.0,Let0506-2
ArchivCS,0.0,1.0,Let0506-2
ArchivCS,0.0,2.0,Let0506-2
ArchivCS,0.0,3.0,Let0506-2
c8888,0.0,4.0,Let0506-2
ArchivCS,0.0,5.0,Let0506-2
ArchivCS,1.0,0.0,Let0506-2
ArchivCS,1.0,1.0,Let0506-2
ArchivCS,1.0,2.0,Let0506-2
ArchivCS,2.0,10.0,Let0506-2
ArchivCS,2.0,1.0,Let0506-2
ArchivCS,2.0,2.0,Let0506-2
ArchivCS,3.0,0.0,Let0506-2
c8888,3.0,1.0,Let0506-2
ArchivCS,,2.0,Let0506-2
ArchivCS,4.0,0.0,Let0506-2
ArchivCS,4.0,1.0,Let0506-2
,4.0,2.0,Let0506-2
ArchivCS,5.0,0.0,Let0506-2
ArchivCS,5.0,1.0,Let0506-2
ArchivCS,5.0,2.0,Let0506-2
ArchivCS,5.0,3.0,Let0506-2
ArchivCS,5.0,4.0,Let0506-2
ArchivCS,5.0,5.0,Let0506-2
BioarcCS,0.0,0.0,Let0506-2
BioarcCS,0.0,1.0,Let0506-2
BioarcCS,0.0,2.0,Let0506-2
BioarcCS,1.0,0.0,Let0506-2
BioarcCS,1.0,1.0,Let0506-2
BioarcCS,1.0,2.0,Let0506-2
BioarcCS,2.0,3.0,Let0506-2
BioarcCS,2.0,4.0,Let0506-2
c8888,2.0,5.0,Let0506-2
BioarcCS,3.0,0.0,Let0506-2
,3.0,1.0,Let0506-2
BioarcCS,3.0,2.0,Let0506-2
BioarcCS,3.0,-1.0,Let0506-2
BioarcCS,3.0,4.0,Let0506-2
BioarcCS,3.0,5.0,Let0506-2
BioarcCS,4.0,0.0,Let0506-2
c8888,4.0,1.0,Let0506-2
BioarcCS,4.0,2.0,Let0506-2
BioarcCS,4.0,3.0,Let0506-2
BioarcCS,4.0,4.0,Let0506-2
,4.0,5.0,Let0506-2
BioarcCS,5.0,0.0,Let0506-2
BioarcCS,5.0,1.0,Let0506-2
BioarcCS,5.0,2.0,Let0506-2
BioarcCS,5.0,3.0,Let0506-2
BioarcCS,5.0,4.0,Let0506-2
c8888,5.0,5.0,Let0506-2
Cartog,5.0,2.0,Let0506-2
Cartog,5.0,3.0,Let0506-2
Cartog,5.0,4.0,Let0506-2
Cartog,5.0,5.0,Let0506-2
ChiResCS,0.0,0.0,Let0506-2
ChiResCS,-1.0,1.0,Let0506-2
ChiResCS,0.0,2.0,Let0506-2
ChiResCS,0.0,3.0,Let0506-2
ChiResCS,0.0,4.0,Let0506-2
ChiResCS,0.0,5.0,Let0506-2
ChiResCS,1.0,0.0,Let0506-2
ChiResCS,1.0,1.0,Let0506-2
ChiResCS,1.0,2.0,Let0506-2
ChiResCS,1.0,3.0,Let0506-2
ChiResCS,1.0,4.0,Let0506-2
ChiResCS,1.0,5.0,Let0506-2
ChiResCS,4.0,2.0,Let0506-2
ChiResCS,4.0,3.0,Let0506-2
ChiResCS,-1.0,4.0,Let0506-2
ChiResCS,4.0,5.0,Let0506-2
ChiResCS,5.0,10.0,Let0506-2
ChiResCS,5.0,1.0,Let0506-2
ChiResCS,5.0,2.0,Let0506-2
ChiResCS,5.0,3.0,Let0506-2
ChiResCS,5.0,4.0,Let0506-2
ChiResCS,5.0,5.0,Let0506-2
Codico,0.0,0.0,Let0506-2
Codico,1.0,0.0,Let0506-2
c8888,2.0,0.0,Let0506-2
Codico,2.0,2.0,Let0506-2
Codico,2.0,3.0,Let0506-2
Codico,2.0,4.0,Let0506-2
Codico,2.0,5.0,Let0506-2
Codico,3.0,0.0,Let0506-2
Codico,3.0,1.0,Let0506-2
Codico,3.0,2.0,Let0506-2
Codico,-1.0,3.0,Let0506-2
Codico,3.0,4.0,Let0506-2
Codico,3.0,5.0,Let0506-2
Codico,4.0,0.0,Let0506-2
Codico,4.0,1.0,Let0506-2
Codico,4.0,2.0,Let0506-2
Codico,4.0,-1.0,Let0506-2
Codico,4.0,10.0,Let0506-2
Codico,4.0,5.0,Let0506-2
Codico,5.0,0.0,Let0506-2
Codico,5.0,1.0,Let0506-2
Codico,5.0,2.0,Let0506-2
c8888,5.0,3.0,Let0506-2
Codico,5.0,4.0,Let0506-2
Codico,5.0,5.0,Let0506-2
CodicoCS,0.0,0.0,Let0506-2
CodicoCS,1.0,10.0,Let0506-2
CodicoCS,2.0,0.0,Let0506-2
CodicoCS,2.0,2.0,Let0506-2
CodicoCS,2.0,-1.0,Let0506-2
c8888,2.0,4.0,Let0506-2
c8888,2.0,-1.0,Let0506-2
CodicoCS,3.0,0.0,Let0506-2
CodicoCS,,1.0,Let0506-2
CodicoCS,3.0,2.0,Let0506-2
CodicoCS,3.0,3.0,Let0506-2
CodicoCS,3.0,4.0,Let0506-2
CodicoCS,3.0,5.0,Let0506-2
CodicoCS,4.0,0.0,Let0506-2
CodicoCS,4.0,1.0,Let0506-2
CodicoCS,4.0,2.0,Let0506-2
CodicoCS,4.0,3.0,Let0506-2
CodicoCS,4.0,4.0,Let0506-2
CodicoCS,4.0,5.0,Let0506-2
CodicoCS,5.0,0.0,Let0506-2
CodicoCS,10.0,1.0,Let0506-2
CodicoCS,5.0,2.0,Let0506-2
CodicoCS,5.0,3.0,Let0506-2
CodicoCS,5.0,4.0,Let0506-2
CodicoCS,-1.0,5.0,Let0506-2
EcoAzi,5.0,2.0,Let0506-2
EcoAzi,5.0,3.0,Let0506-2
EcoAzi,5.0,4.0,Let0506-2
EcoAzi,5.0,5.0,Let0506-2
EleInfSciCatBenCulM2,0.0,0.0,Let0506-2
EleInfSciCatBenCulM2,,1.0,Let0506-2
EleInfSciCatBenCulM2,0.0,2.0,Let0506-2
EleInfSciCatBenCulM2,0.0,,Let0506-2
EleInfSciCatBenCulM2,0.0,4.0,Let0506-2
EleInfSciCatBenCulM2,0.0,5.0,Let0506-2
EleInfSciCatBenCulM2,1.0,0.0,Let0506-2
EleInfSciCatBenCulM2,1.0,1.0,Let0506-2
EleInfSciCatBenCulM2,1.0,2.0,Let0506-2
EleInfSciCatBenCulM2,1.0,3.0,Let0506-2
c8888,1.0,4.0,Let0506-2
EleInfSciCatBenCulM2,10.0,5.0,Let0506-2
EleInfSciCatBenCulM2,2.0,0.0,Let0506-2
c8888,2.0,1.0,Let0506-2
c8888,2.0,2.0,Let0506-2
EleInfSciCatBenCulM2,2.0,3.0,Let0506-2
EleInfSciCatBenCulM2,2.0,4.0,Let0506-2
EleInfSciCatBenCulM2,2.0,5.0,Let0506-2
EleInfSciCatBenCulM2,3.0,0.0,Let0506-2
EleInfSciCatBenCulM2,3.0,1.0,Let0506-2
EleInfSciCatBenCulM2,3.0,2.0,Let0506-2
EleInfSciCatBenCulM2,3.0,3.0,Let0506-2
c8888,3.0,4.0,Let0506-2
EleInfSciCatBenCulM2,3.0,5.0,Let0506-2
EleInfSciCatBenCulM2,4.0,0.0,Let0506-2
EleInfSciCatBenCulM2,4.0,1.0,Let0506-2
c8888,4.0,2.0,Let0506-2
EleInfSciCatBenCulM2,5.0,2.0,Let0506-2
EleInfSciCatBenCulM2,5.0,3.0,Let0506-2
EleInfSciCatBenCulM2,5.0,4.0,Let0506-2
EleInfSciCatBenCulM2,5.0,5.0,Let0506-2
EleInfSciCatBenCulM3,0.0,0.0,Let0506-2
EleInfSciCatBenCulM3,0.0,1.0,Let0506-2
EleInfSciCatBenCulM3,0.0,2.0,Let0506-2
EleInfSciCatBenCulM3,0.0,3.0,Let0506-2
EleInfSciCatBenCulM3,1.0,0.0,Let0506-2
EleInfSciCatBenCulM3,1.0,1.0,Let0506-2
c8888,1.0,4.0,Let0506-2
EleInfSciCatBenCulM3,1.0,5.0,Let0506-2
EleInfSciCatBenCulM3,2.0,0.0,Let0506-2
EleInfSciCatBenCulM3,2.0,10.0,Let0506-2
EleInfSciCatBenCulM3,2.0,4.0,Let0506-2
EleInfSciCatBenCulM3,2.0,5.0,Let0506-2
EleInfSciCatBenCulM3,3.0,0.0,Let0506-2
EleInfSciCatBenCulM3,3.0,1.0,Let0506-2
EleInfSciCatBenCulM3,3.0,,Let0506-2
EleInfSciCatBenCulM3,,5.0,Let0506-2
EleInfSciCatBenCulM3,4.0,0.0,Let0506-2
EleInfSciCatBenCulM3,4.0,1.0,Let0506-2
EleInfSciCatBenCulM3,4.0,2.0,Let0506-2
EleInfSciCatBenCulM3,4.0,3.0,Let0506-2
EleInfSciCatBenCulM3,4.0,4.0,Let0506-2
EleInfSciCatBenCulM3,4.0,5.0,Let0506-2
EleInfSciCatBenCulM3,5.0,0.0,Let0506-2
EleInfSciCatBenCulM3,5.0,1.0,Let0506-2
EleInfSciCatBenCulM3,10.0,2.0,Let0506-2
EleInfSciCatBenCulM3,5.0,3.0,Let0506-2
,5.0,4.0,Let0506-2
EleInfSciCatBenCulM3,5.0,10.0,Let0506-2
EpiLat,,2.0,Let0506-2
EpiLat,5.0,3.0,Let0506-2
,5.0,4.0,Let0506-2
EpiLat,5.0,5.0,Let0506-2
Esteti,0.0,2.0,Let0506-2
Esteti,0.0,3.0,Let0506-2
Esteti,1.0,2.0,Let0506-2
Esteti,1.0,3.0,Let0506-2
Esteti,4.0,2.0,Let0506-2
Esteti,4.0,3.0,Let0506-2
c8888,5.0,2.0,Let0506-2
Esteti,5.0,3.0,Let0506-2
Esteti,5.0,4.0,Let0506-2
Esteti,5.0,5.0,Let0506-2
EtrAntIta,5.0,2.0,Let0506-2
c8888,5.0,3.0,Let0506-2
EtrAntIta,,4.0,Let0506-2
EtrAntIta,5.0,5.0,Let0506-2
c8888,5.0,2.0,Let0506-2
FilCla2,5.0,3.0,Let0506-2
FilCla2,5.0,4.0,Let0506-2
FilCla2,5.0,5.0,Let0506-2
FilTeo,0.0,0.0,Let0506-2
FilTeo,0.0,1.0,Let0506-2
FilTeo,0.0,2.0,Let0506-2
FilTeo,0.0,3.0,Let0506-2
FilTeo,0.0,4.0,Let0506-2
FilTeo,0.0,5.0,Let0506-2
FilTeo,4.0,0.0,Let0506-2
FilTeo,4.0,1.0,Let0506-2
FilTeo,4.0,2.0,Let0506-2
FilTeo,5.0,0.0,Let0506-2
FilTeo,5.0,1.0,Let0506-2
FilTeo,5.0,2.0,Let0506-2
FilTeo,5.0,3.0,Let0506-2
FilTeo,5.0,4.0,Let0506-2
FilTeo,5.0,5.0,Let0506-2
FonSoc,5.0,2.0,Let0506-2
c8888,5.0,3.0,Let0506-2
FonSoc,5.0,4.0,Let0506-2
FonSoc,5.0,5.0,Let0506-2
GeoTur,5.0,2.0,Let0506-2
GeoTur,5.0,3.0,Let0506-2
GeoTur,5.0,4.0,Let0506-2
GeoTur,5.0,5.0,Let0506-2
Geo1,5.0,2.0,Let0506-2
Geo1,5.0,3.0,Let0506-2
Geo1,5.0,4.0,Let0506-2
Geo1,5.0,5.0,Let0506-2
c8888,5.0,2.0,Let0506-2
Glotto,-1.0,3.0,Let0506-2
Glotto,5.0,4.0,Let0506-2
c8888,5.0,10.0,Let0506-2
InfDoc,0.0,0.0,Let0506-2
InfDoc,0.0,1.0,Let0506-2
InfDoc,0.0,2.0,Let0506-2
InfDoc,1.0,4.0,Let0506-2
InfDoc,1.0,5.0,Let0506-2
InfDoc,2.0,1.0,Let0506-2
InfDoc,2.0,2.0,Let0506-2
InfDoc,3.0,1.0,Let0506-2
InfDoc,3.0,2.0,Let0506-2
InfDoc,5.0,-1.0,Let0506-2
InfDoc,5.0,1.0,Let0506-2
InfDoc,5.0,2.0,Let0506-2
InfDoc,5.0,3.0,Let0506-2
InfDoc,5.0,4.0,Let0506-2
InfDoc,5.0,10.0,Let0506-2
ItaScr,5.0,2.0,Let0506-2
ItaScr,5.0,3.0,Let0506-2
ItaScr,5.0,4.0,Let0506-2
ItaScr,5.0,5.0,Let0506-2
LabScr,5.0,2.0,Let0506-2
LabScr,5.0,3.0,Let0506-2
LabScr,5.0,4.0,Let0506-2
LabScr,5.0,5.0,Let0506-2
LegBenCul2,0.0,0.0,Let0506-2
LegBenCul2,0.0,1.0,Let0506-2
LegBenCul2,0.0,2.0,Let0506-2
LegBenCul2,1.0,0.0,Let0506-2
LegBenCul2,1.0,1.0,Let0506-2
LegBenCul2,1.0,2.0,Let0506-2
c8888,2.0,0.0,Let0506-2
LegBenCul2,-1.0,1.0,Let0506-2
LegBenCul2,2.0,2.0,Let0506-2
c8888,3.0,0.0,Let0506-2
LegBenCul2,3.0,1.0,Let0506-2
LegBenCul2,3.0,10.0,Let0506-2
LegBenCul2,4.0,0.0,Let0506-2
LegBenCul2,4.0,1.0,Let0506-2
LegBenCul2,4.0,2.0,Let0506-2
LegBenCul2,5.0,0.0,Let0506-2
LegBenCul2,5.0,1.0,Let0506-2
LegBenCul2,5.0,,Let0506-2
LegBenCul2,5.0,3.0,Let0506-2
LegBenCul2,5.0,4.0,Let0506-2
LegBenCul2,5.0,,Let0506-2
LetCriAnt,0.0,10.0,Let0506-2
LetCriAnt,0.0,3.0,Let0506-2
LetCriAnt,0.0,4.0,Let0506-2
LetCriAnt,0.0,5.0,Let0506-2
LetCriAnt,1.0,0.0,Let0506-2
,1.0,1.0,Let0506-2
LetCriAnt,1.0,2.0,Let0506-2
LetCriAnt,1.0,-1.0,Let0506-2
LetCriAnt,-1.0,4.0,Let0506-2
LetCriAnt,1.0,5.0,Let0506-2
LetCriAnt,2.0,10.0,Let0506-2
LetCriAnt,2.0,3.0,Let0506-2
LetCriAnt,2.0,4.0,Let0506-2
LetCriAnt,2.0,5.0,Let0506-2
LetCriAnt,3.0,0.0,Let0506-2
LetCriAnt,3.0,1.0,Let0506-2
LetCriAnt,3.0,2.0,Let0506-2
LetCriAnt,3.0,3.0,Let0506-2
,3.0,4.0,Let0506-2
LetCriAnt,3.0,5.0,Let0506-2
LetCriAnt,4.0,0.0,Let0506-2
,4.0,3.0,Let0506-2
LetCriAnt,4.0,,Let0506-2
c8888,4.0,-1.0,Let0506-2
LetCriAnt,5.0,0.0,Let0506-2
LetCriAnt,5.0,10.0,Let0506-2
LetCriAnt,5.0,2.0,Let0506-2
LetCriAnt,5.0,,Let0506-2
LetCriAnt,5.0,4.0,Let0506-2
LetCriAnt,5.0,10.0,Let0506-2
LinLetGre1,0.0,0.0,Let0506-2
LinLetGre1,0.0,4.0,Let0506-2
LinLetGre1,0.0,5.0,Let0506-2
LinLetGre1,1.0,0.0,Let0506-2
LinLetGre1,1.0,4.0,Let0506-2
LinLetGre1,,5.0,Let0506-2
LinLetGre1,2.0,0.0,Let0506-2
LinLetGre1,2.0,4.0,Let0506-2
LinLetGre1,2.0,5.0,Let0506-2
LinLetGre1,3.0,0.0,Let0506-2
LinLetGre1,3.0,4.0,Let0506-2
LinLetGre1,3.0,5.0,Let0506-2
LinLetGre1,4.0,0.0,Let0506-2
LinLetGre1,4.0,4.0,Let0506-2
LinLetGre1,4.0,5.0,Let0506-2
LinLetGre1,5.0,0.0,Let0506-2
LinLetGre1,5.0,1.0,Let0506-2
LinLetGre1,,2.0,Let0506-2
LinLetGre1,5.0,3.0,Let0506-2
LinLetGre1,5.0,4.0,Let0506-2
LinLetGre1,5.0,5.0,Let0506-2
LinLetLatCS,0.0,0.0,Let0506-2
LinLetLatCS,0.0,1.0,Let0506-2
LinLetLatCS,0.0,2.0,Let0506-2
c8888,0.0,3.0,Let0506-2
LinLetLatCS,2.0,3.0,Let0506-2
LinLetLatCS,2.0,4.0,Let0506-2
c8888,2.0,5.0,Let0506-2
LinLetLatCS,3.0,0.0,Let0506-2
LinLetLatCS,3.0,1.0,Let0506-2
LinLetLatCS,3.0,2.0,Let0506-2
LinLetLatCS,3.0,3.0,Let0506-2
LinLetLatCS,3.0,4.0,Let0506-2
LinLetLatCS,3.0,5.0,Let0506-2
LinLetLatCS,4.0,0.0,Let0506-2
LinLetLatCS,4.0,1.0,Let0506-2
c8888,4.0,2.0,Let0506-2
LinLetLatCS,4.0,3.0,Let0506-2
LinLetLatCS,4.0,4.0,Let0506-2
LinLetLatCS,4.0,5.0,Let0506-2
LinLetLatCS,5.0,0.0,Let0506-2
c8888,5.0,,Let0506-2
LinLetLatCS,5.0,2.0,Let0506-2
LinLetLatCS,5.0,,Let0506-2
,5.0,4.0,Let0506-2
LinLetLatCS,5.0,5.0,Let0506-2
c8888,0.0,0.0,Let0506-2
LinLetLat2,0.0,1.0,Let0506-2
LinLetLat2,0.0,2.0,Let0506-2
LinLetLat2,0.0,3.0,Let0506-2
LinLetLat2,2.0,3.0,Let0506-2
LinLetLat2,2.0,4.0,Let0506-2
LinLetLat2,2.0,5.0,Let0506-2
,3.0,0.0,Let0506-2
c8888,3.0,1.0,Let0506-2
c8888,3.0,2.0,Let0506-2
LinLetLat2,3.0,3.0,Let0506-2
LinLetLat2,10.0,4.0,Let0506-2
LinLetLat2,3.0,5.0,Let0506-2
LinLetLat2,4.0,0.0,Let0506-2
LinLetLat2,4.0,1.0,Let0506-2
LinLetLat2,4.0,2.0,Let0506-2
LinLetLat2,4.0,3.0,Let0506-2
LinLetLat2,4.0,4.0,Let0506-2
LinLetLat2,4.0,5.0,Let0506-2
c8888,5.0,0.0,Let0506-2
LinLetLat2,5.0,1.0,Let0506-2
LinLetLat2,5.0,2.0,Let0506-2
LinLetLat2,5.0,3.0,Let0506-2
LinLetLat2,5.0,4.0,Let0506-2
LinLetLat2,5.0,5.0,Let0506-2
LinGreA,5.0,2.0,Let0506-2
,5.0,3.0,Let0506-2
LinGreA,5.0,4.0,Let0506-2
LinGreA,5.0,5.0,Let0506-2
LinLatA,5.0,2.0,Let0506-2
LinLatA,5.0,3.0,Let0506-2
LinLatA,5.0,4.0,Let0506-2
LinLatA,5.0,5.0,Let0506-2
LinLatB,-1.0,2.0,Let0506-2
LinLatB,5.0,3.0,Let0506-2
LinLatB,5.0,4.0,Let0506-2
LinLatB,5.0,5.0,Let0506-2
c8888,5.0,2.0,Let0506-2
c8888,5.0,3.0,Let0506-2
LinGen,5.0,-1.0,Let0506-2
LinGen,5.0,5.0,Let0506-2
c8888,0.0,0.0,Let0506-2
LinIta,0.0,1.0,Let0506-2
LinIta,0.0,2.0,Let0506-2
LinIta,0.0,3.0,Let0506-2
LinIta,0.0,4.0,Let0506-2
LinIta,0.0,5.0,Let0506-2
LinIta,1.0,0.0,Let0506-2
LinIta,1.0,1.0,Let0506-2
c8888,1.0,2.0,Let0506-2
LinIta,1.0,3.0,Let0506-2
LinIta,1.0,4.0,Let0506-2
LinIta,1.0,5.0,Let0506-2
LinIta,2.0,0.0,Let0506-2
LinIta,2.0,1.0,Let0506-2
,4.0,4.0,Let0506-2
LinIta,4.0,5.0,Let0506-2
LinIta,5.0,0.0,Let0506-2
LinIta,5.0,1.0,Let0506-2
c8888,5.0,2.0,Let0506-2
,5.0,3.0,Let0506-2
LinIta,5.0,4.0,Let0506-2
LinIta,5.0,,Let0506-2
LogFilMat,5.0,2.0,Let0506-2
LogFilMat,5.0,3.0,Let0506-2
LogFilMat,5.0,,Let0506-2
LogFilMat,5.0,5.0,Let0506-2
MatTecAppArcM3,5.0,2.0,Let0506-2
MatTecAppArcM3,5.0,3.0,Let0506-2
MatTecAppArcM3,5.0,4.0,Let0506-2
MatTecAppArcM3,5.0,5.0,Let0506-2
MatCarCosResEdiSto,0.0,0.0,Let0506-2
c8888,0.0,1.0,Let0506-2
MatCarCosResEdiSto,0.0,2.0,Let0506-2
MatCarCosResEdiSto,2.0,3.0,Let0506-2
MatCarCosResEdiSto,2.0,4.0,Let0506-2
MatCarCosResEdiSto,2.0,5.0,Let0506-2
MatCarCosResEdiSto,-1.0,0.0,Let0506-2
MatCarCosResEdiSto,3.0,1.0,Let0506-2
MatCarCosResEdiSto,3.0,2.0,Let0506-2
MatCarCosResEdiSto,3.0,3.0,Let0506-2
MatCarCosResEdiSto,3.0,4.0,Let0506-2
MatCarCosResEdiSto,3.0,5.0,Let0506-2
MatCarCosResEdiSto,4.0,0.0,Let0506-2
MatCarCosResEdiSto,4.0,1.0,Let0506-2
MatCarCosResEdiSto,4.0,2.0,Let0506-2
MatCarCosResEdiSto,4.0,3.0,Let0506-2
MatCarCosResEdiSto,4.0,4.0,Let0506-2
MatCarCosResEdiSto,4.0,5.0,Let0506-2
MatCarCosResEdiSto,5.0,0.0,Let0506-2
MatCarCosResEdiSto,5.0,1.0,Let0506-2
c8888,5.0,2.0,Let0506-2
MatCarCosResEdiSto,5.0,3.0,Let0506-2
MatCarCosResEdiSto,5.0,-1.0,Let0506-2
MatCarCosResEdiSto,5.0,5.0,Let0506-2
MetRicStoArt,0.0,3.0,Let0506-2
c8888,10.0,4.0,Let0506-2
MetRicStoArt,-1.0,5.0,Let0506-2
MetRicStoArt,1.0,3.0,Let0506-2
,1.0,4.0,Let0506-2
MetRicStoArt,1.0,5.0,Let0506-2
MetRicStoArt,2.0,3.0,Let0506-2
MetRicStoArt,2.0,4.0,Let0506-2
MetRicStoArt,2.0,5.0,Let0506-2
MetRicStoArt,3.0,0.0,Let0506-2
MetRicStoArt,3.0,1.0,Let0506-2
MetRicStoArt,3.0,2.0,Let0506-2
MetRicStoArt,3.0,3.0,Let0506-2
MetRicStoArt,3.0,4.0,Let0506-2
MetRicStoArt,3.0,5.0,Let0506-2
MetRicStoArt,4.0,0.0,Let0506-2
MetRicStoArt,4.0,1.0,Let0506-2
MetRicStoArt,4.0,2.0,Let0506-2
MetRicStoArt,4.0,3.0,Let0506-2
MetRicStoArt,4.0,10.0,Let0506-2
MetRicStoArt,4.0,5.0,Let0506-2
c8888,5.0,0.0,Let0506-2
MetRicStoArt,5.0,1.0,Let0506-2
MetRicStoArt,5.0,2.0,Let0506-2
MetRicStoArt,5.0,3.0,Let0506-2
MetRicStoArt,5.0,4.0,Let0506-2
MetRicStoArt,5.0,5.0,Let0506-2
NumismCS,0.0,0.0,Let0506-2
NumismCS,0.0,1.0,Let0506-2
NumismCS,0.0,2.0,Let0506-2
NumismCS,0.0,5.0,Let0506-2
NumismCS,1.0,0.0,Let0506-2
NumismCS,1.0,1.0,Let0506-2
NumismCS,1.0,2.0,Let0506-2
NumismCS,1.0,5.0,Let0506-2
c8888,2.0,0.0,Let0506-2
NumismCS,2.0,1.0,Let0506-2
NumismCS,-1.0,2.0,Let0506-2
NumismCS,2.0,5.0,Let0506-2
c8888,3.0,-1.0,Let0506-2
NumismCS,3.0,1.0,Let0506-2
NumismCS,3.0,2.0,Let0506-2
NumismCS,3.0,5.0,Let0506-2
NumismCS,4.0,0.0,Let0506-2
NumismCS,4.0,1.0,Let0506-2
,4.0,2.0,Let0506-2
NumismCS,4.0,5.0,Let0506-2
NumismCS,5.0,0.0,Let0506-2
NumismCS,5.0,1.0,Let0506-2
NumismCS,5.0,2.0,Let0506-2
NumismCS,5.0,3.0,Let0506-2
NumismCS,5.0,4.0,Let0506-2
NumismCS,5.0,5.0,Let0506-2
OrientCS,0.0,0.0,Let0506-2
OrientCS,0.0,1.0,Let0506-2
OrientCS,0.0,2.0,Let0506-2
OrientCS,0.0,,Let0506-2
OrientCS,0.0,4.0,Let0506-2
c8888,0.0,5.0,Let0506-2
OrientCS,-1.0,0.0,Let0506-2
OrientCS,1.0,1.0,Let0506-2
OrientCS,1.0,2.0,Let0506-2
OrientCS,1.0,3.0,Let0506-2
OrientCS,1.0,4.0,Let0506-2
OrientCS,1.0,-1.0,Let0506-2
c8888,2.0,0.0,Let0506-2
OrientCS,2.0,1.0,Let0506-2
OrientCS,2.0,2.0,Let0506-2
OrientCS,2.0,5.0,Let0506-2
OrientCS,3.0,0.0,Let0506-2
OrientCS,3.0,1.0,Let0506-2
OrientCS,3.0,2.0,Let0506-2
OrientCS,3.0,5.0,Let0506-2
OrientCS,4.0,0.0,Let0506-2
OrientCS,4.0,1.0,Let0506-2
OrientCS,4.0,2.0,Let0506-2
OrientCS,4.0,3.0,Let0506-2
OrientCS,4.0,4.0,Let0506-2
OrientCS,4.0,5.0,Let0506-2
OrientCS,5.0,0.0,Let0506-2
OrientCS,5.0,1.0,Let0506-2
OrientCS,5.0,2.0,Let0506-2
OrientCS,5.0,3.0,Let0506-2
OrientCS,5.0,4.0,Let0506-2
OrientCS,5.0,5.0,Let0506-2
Paleoa,0.0,0.0,Let0506-2
c8888,0.0,1.0,Let0506-2
Paleoa,0.0,2.0,Let0506-2
Paleoa,1.0,0.0,Let0506-2
Paleoa,1.0,1.0,Let0506-2
c8888,1.0,2.0,Let0506-2
Paleoa,2.0,3.0,Let0506-2
Paleoa,2.0,4.0,Let0506-2
Paleoa,2.0,5.0,Let0506-2
Paleoa,3.0,0.0,Let0506-2
Paleoa,3.0,1.0,Let0506-2
Paleoa,3.0,2.0,Let0506-2
Paleoa,3.0,3.0,Let0506-2
Paleoa,3.0,4.0,Let0506-2
Paleoa,3.0,5.0,Let0506-2
Paleoa,4.0,0.0,Let0506-2
Paleoa,4.0,1.0,Let0506-2
Paleoa,4.0,2.0,Let0506-2
,4.0,3.0,Let0506-2
Paleoa,4.0,4.0,Let0506-2
Paleoa,4.0,5.0,Let0506-2
Paleoa,5.0,0.0,Let0506-2
Paleoa,,1.0,Let0506-2
Paleoa,5.0,2.0,Let0506-2
Paleoa,5.0,3.0,Let0506-2
c8888,5.0,4.0,Let0506-2
Paleoa,5.0,5.0,Let0506-2
PalLat,0.0,0.0,Let0506-2
PalLat,0.0,5.0,Let0506-2
PalLat,1.0,0.0,Let0506-2
PalLat,1.0,5.0,Let0506-2
PalLat,2.0,0.0,Let0506-2
PalLat,2.0,5.0,Let0506-2
PalLat,3.0,0.0,Let0506-2
PalLat,3.0,5.0,Let0506-2
PalLat,4.0,0.0,Let0506-2
PalLat,4.0,5.0,Let0506-2
PalLat,5.0,0.0,Let0506-2
,5.0,1.0,Let0506-2
PalLat,5.0,2.0,Let0506-2
PalLat,5.0,3.0,Let0506-2
PalLat,5.0,4.0,Let0506-2
PalLat,5.0,5.0,Let0506-2
PapiroCS,0.0,0.0,Let0506-2
c8888,0.0,1.0,Let0506-2
PapiroCS,0.0,2.0,Let0506-2
PapiroCS,0.0,3.0,Let0506-2
c8888,2.0,2.0,Let0506-2
PapiroCS,2.0,3.0,Let0506-2
PapiroCS,2.0,4.0,Let0506-2
PapiroCS,2.0,10.0,Let0506-2
PapiroCS,3.0,0.0,Let0506-2
PapiroCS,3.0,1.0,Let0506-2
PapiroCS,3.0,2.0,Let0506-2
PapiroCS,3.0,3.0,Let0506-2
PapiroCS,3.0,4.0,Let0506-2
PapiroCS,3.0,5.0,Let0506-2
PapiroCS,4.0,0.0,Let0506-2
PapiroCS,4.0,10.0,Let0506-2
PapiroCS,4.0,2.0,Let0506-2
PapiroCS,4.0,3.0,Let0506-2
PapiroCS,4.0,4.0,Let0506-2
PapiroCS,4.0,5.0,Let0506-2
PapiroCS,5.0,0.0,Let0506-2
PapiroCS,5.0,1.0,Let0506-2
PapiroCS,5.0,2.0,Let0506-2
PapiroCS,5.0,3.0,Let0506-2
,5.0,4.0,Let0506-2
PapiroCS,5.0,5.0,Let0506-2
ProMedCS,0.0,0.0,Let0506-2
ProMedCS,0.0,3.0,Let0506-2
ProMedCS,0.0,4.0,Let0506-2
ProMedCS,,5.0,Let0506-2
ProMedCS,1.0,0.0,Let0506-2
ProMedCS,1.0,3.0,Let0506-2
ProMedCS,1.0,4.0,Let0506-2
ProMedCS,1.0,5.0,Let0506-2
ProMedCS,2.0,0.0,Let0506-2
ProMedCS,2.0,3.0,Let0506-2
ProMedCS,2.0,4.0,Let0506-2
ProMedCS,2.0,5.0,Let0506-2
ProMedCS,-1.0,0.0,Let0506-2
c8888,3.0,,Let0506-2
ProMedCS,3.0,4.0,Let0506-2
ProMedCS,3.0,5.0,Let0506-2
ProMedCS,4.0,0.0,Let0506-2
ProMedCS,4.0,3.0,Let0506-2
ProMedCS,4.0,4.0,Let0506-2
ProMedCS,4.0,5.0,Let0506-2
ProMedCS,5.0,0.0,Let0506-2
ProMedCS,5.0,1.0,Let0506-2
ProMedCS,5.0,2.0,Let0506-2
ProMedCS,5.0,3.0,Let0506-2
,5.0,4.0,Let0506-2
ProMedCS,5.0,5.0,Let0506-2
PsiTur,0.0,0.0,Let0506-2
PsiTur,0.0,1.0,Let0506-2
PsiTur,0.0,2.0,Let0506-2
PsiTur,0.0,3.0,Let0506-2
PsiTur,0.0,4.0,Let0506-2
PsiTur,0.0,5.0,Let0506-2
PsiTur,1.0,0.0,Let0506-2
PsiTur,2.0,0.0,Let0506-2
PsiTur,3.0,0.0,Let0506-2
c8888,4.0,0.0,Let0506-2
PsiTur,5.0,0.0,Let0506-2
PsiTur,5.0,1.0,Let0506-2
PsiTur,5.0,2.0,Let0506-2
PsiTur,5.0,3.0,Let0506-2
PsiTur,5.0,4.0,Let0506-2
PsiTur,5.0,5.0,Let0506-2
SocArt,5.0,2.0,Let0506-2
SocArt,5.0,3.0,Let0506-2
SocArt,5.0,4.0,Let0506-2
SocArt,5.0,5.0,Let0506-2
Sociol1,5.0,2.0,Let0506-2
Sociol1,5.0,3.0,Let0506-2
Sociol1,5.0,4.0,Let0506-2
Sociol1,5.0,5.0,Let0506-2
StoConCS,5.0,2.0,Let0506-2
StoConCS,5.0,3.0,Let0506-2
StoConCS,5.0,4.0,Let0506-2
StoConCS,5.0,5.0,Let0506-2
StoAntStaItaCS,0.0,0.0,Let0506-2
StoAntStaItaCS,-1.0,1.0,Let0506-2
StoAntStaItaCS,0.0,2.0,Let0506-2
StoAntStaItaCS,2.0,3.0,Let0506-2
StoAntStaItaCS,2.0,4.0,Let0506-2
,2.0,5.0,Let0506-2
StoAntStaItaCS,3.0,0.0,Let0506-2
c8888,3.0,1.0,Let0506-2
StoAntStaItaCS,3.0,2.0,Let0506-2
StoAntStaItaCS,3.0,3.0,Let0506-2
StoAntStaItaCS,3.0,4.0,Let0506-2
StoAntStaItaCS,3.0,5.0,Let0506-2
StoAntStaItaCS,4.0,0.0,Let0506-2
StoAntStaItaCS,4.0,1.0,Let0506-2
StoAntStaItaCS,4.0,2.0,Let0506-2
StoAntStaItaCS,4.0,3.0,Let0506-2
StoAntStaItaCS,4.0,4.0,Let0506-2
StoAntStaItaCS,4.0,5.0,Let0506-2
StoAntStaItaCS,5.0,0.0,Let0506-2
StoAntStaItaCS,5.0,1.0,Let0506-2
StoAntStaItaCS,5.0,2.0,Let0506-2
StoAntStaItaCS,5.0,3.0,Let0506-2
StoAntStaItaCS,5.0,4.0,Let0506-2
StoAntStaItaCS,5.0,5.0,Let0506-2
StoColIstMus,0.0,0.0,Let0506-2
StoColIstMus,0.0,5.0,Let0506-2
StoColIstMus,1.0,0.0,Let0506-2
StoColIstMus,1.0,5.0,Let0506-2
StoColIstMus,2.0,0.0,Let0506-2
StoColIstMus,2.0,-1.0,Let0506-2
StoColIstMus,-1.0,0.0,Let0506-2
StoColIstMus,3.0,,Let0506-2
StoColIstMus,3.0,2.0,Let0506-2
StoColIstMus,3.0,-1.0,Let0506-2
StoColIstMus,3.0,4.0,Let0506-2
StoColIstMus,3.0,5.0,Let0506-2
StoColIstMus,-1.0,0.0,Let0506-2
StoColIstMus,4.0,1.0,Let0506-2
StoColIstMus,4.0,-1.0,Let0506-2
StoColIstMus,10.0,3.0,Let0506-2
StoColIstMus,4.0,4.0,Let0506-2
StoColIstMus,4.0,5.0,Let0506-2
StoColIstMus,5.0,10.0,Let0506-2
StoColIstMus,5.0,1.0,Let0506-2
StoColIstMus,5.0,2.0,Let0506-2
StoColIstMus,5.0,3.0,Let0506-2
c8888,5.0,4.0,Let0506-2
StoColIstMus,5.0,5.0,Let0506-2
StoDisGra,0.0,0.0,Let0506-2
StoDisGra,0.0,1.0,Let0506-2
StoDisGra,0.0,2.0,Let0506-2
StoDisGra,2.0,3.0,Let0506-2
StoDisGra,2.0,4.0,Let0506-2
StoDisGra,2.0,5.0,Let0506-2
StoDisGra,3.0,0.0,Let0506-2
StoDisGra,3.0,10.0,Let0506-2
StoDisGra,3.0,2.0,Let0506-2
StoDisGra,3.0,3.0,Let0506-2
StoDisGra,3.0,4.0,Let0506-2
StoDisGra,3.0,5.0,Let0506-2
StoDisGra,4.0,0.0,Let0506-2
StoDisGra,4.0,1.0,Let0506-2
StoDisGra,4.0,2.0,Let0506-2
StoDisGra,4.0,3.0,Let0506-2
StoDisGra,4.0,4.0,Let0506-2
StoDisGra,,5.0,Let0506-2
StoDisGra,5.0,0.0,Let0506-2
StoDisGra,5.0,10.0,Let0506-2
StoDisGra,5.0,2.0,Let0506-2
StoDisGra,5.0,3.0,Let0506-2
StoDisGra,5.0,-1.0,Let0506-2
StoDisGra,5.0,,Let0506-2
StoFriCS,0.0,0.0,Let0506-2
StoFriCS,0.0,1.0,Let0506-2
StoFriCS,0.0,2.0,Let0506-2
StoFriCS,10.0,3.0,Let0506-2
StoFriCS,0.0,4.0,Let0506-2
StoFriCS,-1.0,5.0,Let0506-2
StoFriCS,1.0,0.0,Let0506-2
StoFriCS,1.0,1.0,Let0506-2
StoFriCS,1.0,2.0,Let0506-2
StoFriCS,1.0,3.0,Let0506-2
StoFriCS,1.0,4.0,Let0506-2
StoFriCS,1.0,5.0,Let0506-2
StoFriCS,2.0,3.0,Let0506-2
StoFriCS,2.0,4.0,Let0506-2
StoFriCS,2.0,-1.0,Let0506-2
StoFriCS,3.0,3.0,Let0506-2
StoFriCS,10.0,4.0,Let0506-2
StoFriCS,3.0,5.0,Let0506-2
StoFriCS,4.0,3.0,Let0506-2
StoFriCS,-1.0,4.0,Let0506-2
StoFriCS,4.0,5.0,Let0506-2
StoFriCS,5.0,0.0,Let0506-2
StoFriCS,5.0,1.0,Let0506-2
StoFriCS,5.0,2.0,Let0506-2
StoFriCS,5.0,3.0,Let0506-2
StoFriCS,5.0,4.0,Let0506-2
StoFriCS,5.0,5.0,Let0506-2
StoLibSta,0.0,0.0,Let0506-2
StoLibSta,0.0,1.0,Let0506-2
StoLibSta,0.0,2.0,Let0506-2
StoLibSta,2.0,3.0,Let0506-2
c8888,2.0,4.0,Let0506-2
StoLibSta,2.0,5.0,Let0506-2
StoLibSta,-1.0,0.0,Let0506-2
StoLibSta,3.0,1.0,Let0506-2
StoLibSta,,2.0,Let0506-2
StoLibSta,3.0,3.0,Let0506-2
StoLibSta,3.0,4.0,Let0506-2
StoLibSta,3.0,5.0,Let0506-2
StoLibSta,4.0,,Let0506-2
StoLibSta,4.0,1.0,Let0506-2
StoLibSta,4.0,2.0,Let0506-2
c8888,4.0,3.0,Let0506-2
StoLibSta,4.0,4.0,Let0506-2
StoLibSta,4.0,5.0,Let0506-2
StoLibSta,5.0,0.0,Let0506-2
StoLibSta,5.0,1.0,Let0506-2
StoLibSta,5.0,2.0,Let0506-2
StoLibSta,5.0,3.0,Let0506-2
StoLibSta,5.0,4.0,Let0506-2
StoLibSta,5.0,5.0,Let0506-2
StoLibStaCSM1,5.0,2.0,Let0506-2
StoLibStaCSM1,5.0,3.0,Let0506-2
StoLibStaCSM1,5.0,4.0,Let0506-2
StoLibStaCSM1,5.0,5.0,Let0506-2
StoLibStaCSM2,5.0,2.0,Let0506-2
StoLibStaCSM2,5.0,3.0,Let0506-2
StoLibStaCSM2,5.0,4.0,Let0506-2
StoLibStaCSM2,5.0,5.0,Let0506-2
StoRes,0.0,0.0,Let0506-2
StoRes,0.0,1.0,Let0506-2
StoRes,0.0,2.0,Let0506-2
StoRes,0.0,3.0,Let0506-2
StoRes,1.0,0.0,Let0506-2
StoRes,1.0,1.0,Let0506-2
c8888,-1.0,2.0,Let0506-2
StoRes,-1.0,3.0,Let0506-2
StoRes,2.0,0.0,Let0506-2
StoRes,2.0,1.0,Let0506-2
StoRes,2.0,2.0,Let0506-2
StoRes,2.0,3.0,Let0506-2
StoRes,3.0,0.0,Let0506-2
StoRes,3.0,1.0,Let0506-2
StoRes,-1.0,2.0,Let0506-2
StoRes,3.0,3.0,Let0506-2
StoRes,3.0,4.0,Let0506-2
c8888,3.0,5.0,Let0506-2
StoRes,4.0,0.0,Let0506-2
StoRes,4.0,1.0,Let0506-2
StoRes,10.0,2.0,Let0506-2
c8888,4.0,3.0,Let0506-2
StoRes,5.0,0.0,Let0506-2
c8888,5.0,-1.0,Let0506-2
StoRes,5.0,2.0,Let0506-2
StoRes,5.0,3.0,Let0506-2
c8888,5.0,4.0,Let0506-2
StoRes,5.0,5.0,Let0506-2
StoArc,5.0,2.0,Let0506-2
StoArc,5.0,3.0,Let0506-2
c8888,5.0,4.0,Let0506-2
StoArc,5.0,5.0,Let0506-2
StoArcCon,1.0,4.0,Let0506-2
StoArcCon,1.0,5.0,Let0506-2
StoArcCon,2.0,4.0,Let0506-2
c8888,2.0,5.0,Let0506-2
StoArcCon,5.0,0.0,Let0506-2
StoArcCon,5.0,1.0,Let0506-2
StoArcCon,5.0,2.0,Let0506-2
c8888,5.0,3.0,Let0506-2
StoArcCon,5.0,4.0,Let0506-2
StoArcCon,5.0,5.0,Let0506-2
StoArcMed,5.0,2.0,Let0506-2
StoArcMed,5.0,3.0,Let0506-2
StoArcMed,5.0,4.0,Let0506-2
StoArcMed,5.0,5.0,Let0506-2
StoArt,-1.0,2.0,Let0506-2
,5.0,-1.0,Let0506-2
StoArt,5.0,4.0,Let0506-2
StoArt,5.0,5.0,Let0506-2
StoCriArt,0.0,0.0,Let0506-2
StoCriArt,0.0,1.0,Let0506-2
StoCriArt,0.0,2.0,Let0506-2
StoCriArt,0.0,3.0,Let0506-2
StoCriArt,2.0,2.0,Let0506-2
StoCriArt,2.0,3.0,Let0506-2
StoCriArt,2.0,4.0,Let0506-2
StoCriArt,2.0,5.0,Let0506-2
StoCriArt,3.0,0.0,Let0506-2
StoCriArt,3.0,10.0,Let0506-2
StoCriArt,3.0,2.0,Let0506-2
StoCriArt,10.0,3.0,Let0506-2
StoCriArt,3.0,-1.0,Let0506-2
StoCriArt,3.0,5.0,Let0506-2
StoCriArt,4.0,0.0,Let0506-2
StoCriArt,4.0,1.0,Let0506-2
StoCriArt,4.0,2.0,Let0506-2
StoCriArt,4.0,3.0,Let0506-2
StoCriArt,4.0,4.0,Let0506-2
StoCriArt,4.0,5.0,Let0506-2
StoCriArt,5.0,0.0,Let0506-2
StoCriArt,5.0,1.0,Let0506-2
StoCriArt,5.0,2.0,Let0506-2
StoCriArt,,3.0,Let0506-2
StoCriArt,5.0,4.0,Let0506-2
StoCriArt,5.0,5.0,Let0506-2
StoFilCS,10.0,0.0,Let0506-2
StoFilCS,0.0,1.0,Let0506-2
StoFilCS,0.0,10.0,Let0506-2
StoFilCS,0.0,3.0,Let0506-2
StoFilCS,2.0,3.0,Let0506-2
StoFilCS,2.0,4.0,Let0506-2
StoFilCS,2.0,5.0,Let0506-2
StoFilCS,3.0,0.0,Let0506-2
StoFilCS,3.0,1.0,Let0506-2
StoFilCS,3.0,2.0,Let0506-2
StoFilCS,3.0,3.0,Let0506-2
StoFilCS,3.0,4.0,Let0506-2
StoFilCS,3.0,5.0,Let0506-2
c8888,4.0,0.0,Let0506-2
StoFilCS,10.0,1.0,Let0506-2
StoFilCS,4.0,2.0,Let0506-2
StoFilCS,4.0,3.0,Let0506-2
StoFilCS,4.0,4.0,Let0506-2
StoFilCS,4.0,5.0,Let0506-2
StoFilCS,5.0,0.0,Let0506-2
StoFilCS,5.0,1.0,Let0506-2
StoFilCS,10.0,2.0,Let0506-2
StoFilCS,5.0,3.0,Let0506-2
StoFilCS,5.0,4.0,Let0506-2
StoFilCS,5.0,,Let0506-2
StoFilMedCS,0.0,0.0,Let0506-2
StoFilMedCS,0.0,1.0,Let0506-2
StoFilMedCS,0.0,2.0,Let0506-2
StoFilMedCS,0.0,3.0,Let0506-2
StoFilMedCS,-1.0,4.0,Let0506-2
StoFilMedCS,0.0,5.0,Let0506-2
StoFilMedCS,1.0,0.0,Let0506-2
c8888,1.0,1.0,Let0506-2
StoFilMedCS,10.0,2.0,Let0506-2
c8888,1.0,3.0,Let0506-2
StoFilMedCS,1.0,4.0,Let0506-2
StoFilMedCS,1.0,5.0,Let0506-2
StoFilMedCS,2.0,0.0,Let0506-2
StoFilMedCS,10.0,1.0,Let0506-2
StoFilMedCS,2.0,2.0,Let0506-2
StoFilMedCS,4.0,3.0,Let0506-2
StoFilMedCS,4.0,4.0,Let0506-2
StoFilMedCS,-1.0,5.0,Let0506-2
StoFilMedCS,5.0,0.0,Let0506-2
StoFilMedCS,5.0,1.0,Let0506-2
StoFilMedCS,5.0,2.0,Let0506-2
StoFilMedCS,5.0,3.0,Let0506-2
StoFilMedCS,5.0,4.0,Let0506-2
StoFilMedCS,,5.0,Let0506-2
StoLinItaCS,0.0,0.0,Let0506-2
StoLinItaCS,0.0,1.0,Let0506-2
c8888,0.0,2.0,Let0506-2
StoLinItaCS,0.0,3.0,Let0506-2
StoLinItaCS,-1.0,4.0,Let0506-2
StoLinItaCS,0.0,5.0,Let0506-2
StoLinItaCS,1.0,0.0,Let0506-2
StoLinItaCS,1.0,1.0,Let0506-2
StoLinItaCS,1.0,2.0,Let0506-2
StoLinItaCS,1.0,3.0,Let0506-2
StoLinItaCS,1.0,4.0,Let0506-2
StoLinItaCS,1.0,5.0,Let0506-2
StoLinItaCS,2.0,0.0,Let0506-2
StoLinItaCS,2.0,1.0,Let0506-2
StoLinItaCS,4.0,4.0,Let0506-2
StoLinItaCS,4.0,5.0,Let0506-2
StoLinItaCS,5.0,0.0,Let0506-2
StoLinItaCS,5.0,,Let0506-2
StoLinItaCS,5.0,2.0,Let0506-2
StoLinItaCS,5.0,3.0,Let0506-2
StoLinItaCS,5.0,4.0,Let0506-2
StoLinItaCS,5.0,-1.0,Let0506-2
StoMus,5.0,2.0,Let0506-2
StoMus,5.0,3.0,Let0506-2
StoMus,5.0,4.0,Let0506-2
StoMus,5.0,5.0,Let0506-2
StoProArtCulMatMed,5.0,2.0,Let0506-2
StoProArtCulMatMed,5.0,3.0,Let0506-2
StoProArtCulMatMed,5.0,4.0,Let0506-2
StoProArtCulMatMed,,5.0,Let0506-2
StoArtCon2CS,0.0,2.0,Let0506-2
StoArtCon2CS,0.0,3.0,Let0506-2
StoArtCon2CS,0.0,4.0,Let0506-2
StoArtCon2CS,0.0,5.0,Let0506-2
StoArtCon2CS,1.0,2.0,Let0506-2
StoArtCon2CS,1.0,3.0,Let0506-2
StoArtCon2CS,1.0,4.0,Let0506-2
StoArtCon2CS,1.0,5.0,Let0506-2
StoArtCon2CS,5.0,2.0,Let0506-2
StoArtCon2CS,5.0,3.0,Let0506-2
StoArtCon2CS,5.0,4.0,Let0506-2
StoArtCon2CS,5.0,5.0,Let0506-2
StoArtMod2CS,0.0,0.0,Let0506-2
c8888,-1.0,1.0,Let0506-2
StoArtMod2CS,0.0,2.0,Let0506-2
StoArtMod2CS,0.0,3.0,Let0506-2
StoArtMod2CS,0.0,4.0,Let0506-2
c8888,0.0,5.0,Let0506-2
StoArtMod2CS,1.0,0.0,Let0506-2
StoArtMod2CS,1.0,1.0,Let0506-2
StoArtMod2CS,1.0,2.0,Let0506-2
c8888,1.0,3.0,Let0506-2
StoArtMod2CS,1.0,4.0,Let0506-2
c8888,1.0,5.0,Let0506-2
StoArtMod2CS,2.0,0.0,Let0506-2
StoArtMod2CS,2.0,1.0,Let0506-2
StoArtMod2CS,2.0,2.0,Let0506-2
c8888,4.0,3.0,Let0506-2
StoArtMod2CS,4.0,4.0,Let0506-2
StoArtMod2CS,4.0,5.0,Let0506-2
StoArtMod2CS,5.0,0.0,Let0506-2
StoArtMod2CS,5.0,1.0,Let0506-2
,5.0,2.0,Let0506-2
StoArtMod2CS,5.0,3.0,Let0506-2
StoArtMod2CS,5.0,4.0,Let0506-2
StoArtMod2CS,5.0,5.0,Let0506-2
StoBib,0.0,0.0,Let0506-2
StoBib,0.0,1.0,Let0506-2
StoBib,0.0,2.0,Let0506-2
StoBib,0.0,3.0,Let0506-2
StoBib,1.0,0.0,Let0506-2
StoBib,1.0,1.0,Let0506-2
StoBib,1.0,4.0,Let0506-2
StoBib,1.0,5.0,Let0506-2
StoBib,2.0,0.0,Let0506-2
StoBib,2.0,1.0,Let0506-2
StoBib,2.0,4.0,Let0506-2
StoBib,2.0,5.0,Let0506-2
StoBib,3.0,0.0,Let0506-2
StoBib,3.0,-1.0,Let0506-2
c8888,3.0,4.0,Let0506-2
StoBib,,5.0,Let0506-2
StoBib,4.0,0.0,Let0506-2
StoBib,4.0,1.0,Let0506-2
StoBib,4.0,2.0,Let0506-2
StoBib,4.0,3.0,Let0506-2
StoBib,4.0,4.0,Let0506-2
StoBib,4.0,5.0,Let0506-2
StoBib,5.0,0.0,Let0506-2
StoBib,5.0,1.0,Let0506-2
c8888,5.0,2.0,Let0506-2
c8888,5.0,3.0,Let0506-2
StoBib,5.0,4.0,Let0506-2
StoBib,5.0,5.0,Let0506-2
StoTecArtM12,5.0,0.0,Let0506-2
StoTecArtM12,5.0,1.0,Let0506-2
c8888,5.0,2.0,Let0506-2
StoTecArtM12,5.0,3.0,Let0506-2
StoTecArtM12,5.0,4.0,Let0506-2
StoTecArtM12,5.0,5.0,Let0506-2
StoTecArtM3,0.0,1.0,Let0506-2
StoTecArtM3,0.0,2.0,Let0506-2
StoTecArtM3,0.0,3.0,Let0506-2
StoTecArtM3,0.0,4.0,Let0506-2
c8888,0.0,5.0,Let0506-2
StoTecArtM3,1.0,1.0,Let0506-2
StoTecArtM3,,2.0,Let0506-2
StoTecArtM3,1.0,3.0,Let0506-2
StoTecArtM3,1.0,10.0,Let0506-2
StoTecArtM3,1.0,5.0,Let0506-2
StoTecArtM3,2.0,1.0,Let0506-2
StoTecArtM3,2.0,2.0,Let0506-2
StoTecArtM3,2.0,,Let0506-2
c8888,2.0,4.0,Let0506-2
StoTecArtM3,2.0,5.0,Let0506-2
StoTecArtM3,3.0,10.0,Let0506-2
c8888,3.0,2.0,Let0506-2
StoTecArtM3,3.0,3.0,Let0506-2
StoTecArtM3,3.0,4.0,Let0506-2
StoTecArtM3,3.0,5.0,Let0506-2
StoTecArtM3,4.0,0.0,Let0506-2
StoTecArtM3,4.0,1.0,Let0506-2
StoTecArtM3,,2.0,Let0506-2
StoTecArtM3,4.0,3.0,Let0506-2
StoTecArtM3,4.0,4.0,Let0506-2
StoTecArtM3,4.0,5.0,Let0506-2
c8888,5.0,0.0,Let0506-2
StoTecArtM3,5.0,1.0,Let0506-2
StoTecArtM3,-1.0,2.0,Let0506-2
c8888,5.0,3.0,Let0506-2
c8888,5.0,4.0,Let0506-2
StoTecArtM3,5.0,5.0,Let0506-2
StoTecArtCS,5.0,2.0,Let0506-2
StoTecArtCS,5.0,3.0,Let0506-2
StoTecArtCS,5.0,4.0,Let0506-2
StoTecArtCS,5.0,5.0,Let0506-2
StoCriCin,0.0,0.0,Let0506-2
StoCriCin,0.0,1.0,Let0506-2
c8888,0.0,2.0,Let0506-2
StoCriCin,0.0,3.0,Let0506-2
StoCriCin,0.0,4.0,Let0506-2
StoCriCin,0.0,5.0,Let0506-2
StoCriCin,1.0,0.0,Let0506-2
StoCriCin,1.0,1.0,Let0506-2
StoCriCin,-1.0,2.0,Let0506-2
StoCriCin,1.0,3.0,Let0506-2
StoCriCin,1.0,4.0,Let0506-2
StoCriCin,-1.0,5.0,Let0506-2
StoCriCin,2.0,0.0,Let0506-2
StoCriCin,2.0,1.0,Let0506-2
StoCriCin,2.0,2.0,Let0506-2
StoCriCin,2.0,3.0,Let0506-2
StoCriCin,2.0,4.0,Let0506-2
StoCriCin,2.0,5.0,Let0506-2
StoCriCin,3.0,0.0,Let0506-2
StoCriCin,3.0,1.0,Let0506-2
StoCriCin,3.0,2.0,Let0506-2
StoCriCin,3.0,3.0,Let0506-2
c8888,4.0,0.0,Let0506-2
StoCriCin,4.0,1.0,Let0506-2
StoCriCin,4.0,2.0,Let0506-2
StoCriCin,5.0,2.0,Let0506-2
StoCriCin,5.0,3.0,Let0506-2
,5.0,4.0,Let0506-2
StoCriCin,5.0,5.0,Let0506-2
StoTecFot,0.0,0.0,Let0506-2
c8888,0.0,1.0,Let0506-2
StoTecFot,0.0,2.0,Let0506-2
StoTecFot,0.0,3.0,Let0506-2
StoTecFot,1.0,0.0,Let0506-2
StoTecFot,1.0,1.0,Let0506-2
StoTecFot,1.0,2.0,Let0506-2
StoTecFot,1.0,3.0,Let0506-2
StoTecFot,2.0,0.0,Let0506-2
StoTecFot,10.0,1.0,Let0506-2
StoTecFot,2.0,2.0,Let0506-2
StoTecFot,2.0,-1.0,Let0506-2
StoTecFot,3.0,0.0,Let0506-2
StoTecFot,-1.0,1.0,Let0506-2
StoTecFot,3.0,2.0,Let0506-2
StoTecFot,3.0,3.0,Let0506-2
StoTecFot,4.0,0.0,Let0506-2
StoTecFot,4.0,1.0,Let0506-2
StoTecFot,4.0,2.0,Let0506-2
StoTecFot,4.0,-1.0,Let0506-2
StoTecFot,5.0,0.0,Let0506-2
StoTecFot,5.0,1.0,Let0506-2
StoTecFot,5.0,2.0,Let0506-2
c8888,5.0,-1.0,Let0506-2
StoTecFot,5.0,4.0,Let0506-2
StoTecFot,5.0,5.0,Let0506-2
StoGre,0.0,2.0,Let0506-2
StoGre,0.0,3.0,Let0506-2
StoGre,0.0,4.0,Let0506-2
StoGre,0.0,5.0,Let0506-2
StoGre,1.0,2.0,Let0506-2
StoGre,1.0,3.0,Let0506-2
StoGre,-1.0,4.0,Let0506-2
StoGre,1.0,5.0,Let0506-2
StoGre,2.0,2.0,Let0506-2
c8888,2.0,3.0,Let0506-2
StoGre,2.0,4.0,Let0506-2
StoGre,2.0,5.0,Let0506-2
StoGre,3.0,10.0,Let0506-2
StoGre,3.0,1.0,Let0506-2
StoGre,3.0,2.0,Let0506-2
StoGre,3.0,3.0,Let0506-2
StoGre,3.0,10.0,Let0506-2
StoGre,3.0,5.0,Let0506-2
StoGre,4.0,0.0,Let0506-2
c8888,4.0,10.0,Let0506-2
StoGre,4.0,2.0,Let0506-2
c8888,4.0,3.0,Let0506-2
c8888,4.0,4.0,Let0506-2
StoGre,4.0,5.0,Let0506-2
StoGre,5.0,0.0,Let0506-2
StoGre,5.0,1.0,Let0506-2
StoGre,5.0,2.0,Let0506-2
StoGre,5.0,3.0,Let0506-2
StoGre,5.0,4.0,Let0506-2
StoGre,5.0,,Let0506-2
StoMed2,5.0,2.0,Let0506-2
StoMed2,5.0,3.0,Let0506-2
StoMed2,5.0,4.0,Let0506-2
StoMed2,5.0,5.0,Let0506-2
StoModCS,5.0,2.0,Let0506-2
StoModCS,5.0,3.0,Let0506-2
StoModCS,5.0,10.0,Let0506-2
StoModCS,5.0,5.0,Let0506-2
StoMod2,0.0,0.0,Let0506-2
StoMod2,0.0,1.0,Let0506-2
StoMod2,0.0,2.0,Let0506-2
StoMod2,0.0,3.0,Let0506-2
StoMod2,0.0,4.0,Let0506-2
StoMod2,0.0,5.0,Let0506-2
StoMod2,1.0,0.0,Let0506-2
StoMod2,1.0,1.0,Let0506-2
StoMod2,1.0,2.0,Let0506-2
StoMod2,1.0,3.0,Let0506-2
StoMod2,1.0,4.0,Let0506-2
StoMod2,1.0,5.0,Let0506-2
c8888,2.0,3.0,Let0506-2
StoMod2,,4.0,Let0506-2
StoMod2,2.0,5.0,Let0506-2
StoMod2,3.0,10.0,Let0506-2
StoMod2,3.0,4.0,Let0506-2
StoMod2,3.0,5.0,Let0506-2
StoMod2,4.0,10.0,Let0506-2
StoMod2,4.0,4.0,Let0506-2
StoMod2,4.0,5.0,Let0506-2
StoMod2,5.0,0.0,Let0506-2
StoMod2,5.0,-1.0,Let0506-2
StoMod2,5.0,10.0,Let0506-2
c8888,5.0,3.0,Let0506-2
StoMod2,5.0,4.0,Let0506-2
StoMod2,5.0,5.0,Let0506-2
StoRom,0.0,0.0,Let0506-2
StoRom,0.0,1.0,Let0506-2
,0.0,2.0,Let0506-2
StoRom,0.0,3.0,Let0506-2
,0.0,4.0,Let0506-2
StoRom,0.0,5.0,Let0506-2
StoRom,1.0,0.0,Let0506-2
StoRom,1.0,1.0,Let0506-2
StoRom,1.0,2.0,Let0506-2
StoRom,1.0,3.0,Let0506-2
StoRom,4.0,3.0,Let0506-2
StoRom,4.0,4.0,Let0506-2
StoRom,4.0,5.0,Let0506-2
StoRom,5.0,2.0,Let0506-2
StoRom,5.0,3.0,Let0506-2
c8888,5.0,4.0,Let0506-2
StoRom,5.0,5.0,Let0506-2
StoRomCS,0.0,0.0,Let0506-2
StoRomCS,0.0,1.0,Let0506-2
c8888,0.0,2.0,Let0506-2
StoRomCS,0.0,3.0,Let0506-2
c8888,0.0,4.0,Let0506-2
StoRomCS,0.0,5.0,Let0506-2
StoRomCS,1.0,0.0,Let0506-2
StoRomCS,1.0,1.0,Let0506-2
StoRomCS,1.0,2.0,Let0506-2
StoRomCS,1.0,3.0,Let0506-2
StoRomCS,2.0,0.0,Let0506-2
c8888,2.0,,Let0506-2
StoRomCS,2.0,2.0,Let0506-2
StoRomCS,4.0,3.0,Let0506-2
StoRomCS,4.0,4.0,Let0506-2
StoRomCS,4.0,5.0,Let0506-2
StoRomCS,5.0,2.0,Let0506-2
StoRomCS,5.0,3.0,Let0506-2
StoRomCS,5.0,4.0,Let0506-2
StoRomCS,5.0,5.0,Let0506-2
TedUma,5.0,2.0,Let0506-2
TedUma,5.0,3.0,Let0506-2
TedUma,5.0,4.0,Let0506-2
TedUma,5.0,5.0,Let0506-2
TopRilMonAnt,0.0,0.0,Let0506-2
TopRilMonAnt,0.0,1.0,Let0506-2
TopRilMonAnt,0.0,2.0,Let0506-2
TopRilMonAnt,2.0,0.0,Let0506-2
TopRilMonAnt,2.0,1.0,Let0506-2
TopRilMonAnt,2.0,2.0,Let0506-2
TopRilMonAnt,2.0,3.0,Let0506-2
TopRilMonAnt,2.0,4.0,Let0506-2
c8888,2.0,5.0,Let0506-2
TopRilMonAnt,4.0,,Let0506-2
TopRilMonAnt,4.0,1.0,Let0506-2
TopRilMonAnt,4.0,2.0,Let0506-2
TopRilMonAnt,4.0,3.0,Let0506-2
TopRilMonAnt,4.0,4.0,Let0506-2
TopRilMonAnt,4.0,5.0,Let0506-2
TopRilMonAnt,5.0,0.0,Let0506-2
TopRilMonAnt,5.0,1.0,Let0506-2
TopRilMonAnt,5.0,2.0,Let0506-2
TopRilMonAnt,5.0,3.0,Let0506-2
TopRilMonAnt,5.0,4.0,Let0506-2
TopRilMonAnt,5.0,5.0,Let0506-2
c0013,0.0,0.0,Ing0506-3
c0013,0.0,2.0,Ing0506-3
c0013,1.0,2.0,Ing0506-3
c0013,2.0,2.0,Ing0506-3
c0013,3.0,2.0,Ing0506-3
c0013,4.0,0.0,Ing0506-3
c0013,4.0,2.0,Ing0506-3
c0013,4.0,4.0,Ing0506-3
c0014,1.0,2.0,Ing0506-3
c0014,2.0,2.0,Ing0506-3
c0014,3.0,2.0,Ing0506-3
c0014,4.0,0.0,Ing0506-3
c0014,4.0,,Ing0506-3
c0014,4.0,2.0,Ing0506-3
c0014,4.0,3.0,Ing0506-3
c8888,4.0,10.0,Ing0506-3
c8888,0.0,0.0,Ing0506-3
c0035,0.0,1.0,Ing0506-3
c0035,0.0,2.0,Ing0506-3
c0035,4.0,0.0,Ing0506-3
c0035,-1.0,1.0,Ing0506-3
c0035,4.0,2.0,Ing0506-3
c0035,4.0,3.0,Ing0506-3
c0035,4.0,4.0,Ing0506-3
c0045,0.0,0.0,Ing0506-3
c0045,0.0,1.0,Ing0506-3
c0045,0.0,2.0,Ing0506-3
c0045,0.0,3.0,Ing0506-3
c0045,0.0,4.0,Ing0506-3
c0045,4.0,-1.0,Ing0506-3
c8888,4.0,1.0,Ing0506-3
c0045,4.0,2.0,Ing0506-3
c0045,4.0,3.0,Ing0506-3
c0045,,4.0,Ing0506-3
c0052,0.0,0.0,Ing0506-3
c0052,0.0,1.0,Ing0506-3
,1.0,0.0,Ing0506-3
c0052,1.0,1.0,Ing0506-3
c0052,1.0,2.0,Ing0506-3
c8888,1.0,3.0,Ing0506-3
c0052,1.0,4.0,Ing0506-3
,-1.0,4.0,Ing0506-3
c0053,0.0,0.0,Ing0506-3
c0053,0.0,1.0,Ing0506-3
c0053,0.0,2.0,Ing0506-3
c0053,0.0,3.0,Ing0506-3
c0053,0.0,4.0,Ing0506-3
c0053,10.0,2.0,Ing0506-3
c8888,4.0,3.0,Ing0506-3
c0053,4.0,4.0,Ing0506-3
c0055,0.0,0.0,Ing0506-3
c0055,0.0,4.0,Ing0506-3
c8888,1.0,0.0,Ing0506-3
c0055,1.0,4.0,Ing0506-3
c0055,2.0,0.0,Ing0506-3
c0055,3.0,0.0,Ing0506-3
c0055,4.0,0.0,Ing0506-3
c0055,4.0,4.0,Ing0506-3
c0057,0.0,0.0,Ing0506-3
c0057,1.0,0.0,Ing0506-3
c0057,2.0,0.0,Ing0506-3
c0057,2.0,4.0,Ing0506-3
c0057,3.0,0.0,Ing0506-3
c0057,3.0,-1.0,Ing0506-3
c0057,4.0,0.0,Ing0506-3
c0057,4.0,3.0,Ing0506-3
c0057,4.0,-1.0,Ing0506-3
c0060,0.0,0.0,Ing0506-3
c0060,0.0,1.0,Ing0506-3
c0060,0.0,2.0,Ing0506-3
c0060,4.0,0.0,Ing0506-3
c0060,4.0,1.0,Ing0506-3
,4.0,2.0,Ing0506-3
c0060,4.0,3.0,Ing0506-3
c0060,4.0,4.0,Ing0506-3
c0094,0.0,0.0,Ing0506-3
c0094,0.0,1.0,Ing0506-3
c0094,0.0,2.0,Ing0506-3
c0094,0.0,3.0,Ing0506-3
c0094,0.0,4.0,Ing0506-3
c0094,4.0,2.0,Ing0506-3
c0094,4.0,3.0,Ing0506-3
c0094,10.0,4.0,Ing0506-3
c0098,0.0,0.0,Ing0506-3
c0098,0.0,1.0,Ing0506-3
c0098,0.0,2.0,Ing0506-3
c0098,0.0,3.0,Ing0506-3
c0098,0.0,4.0,Ing0506-3
c0107,0.0,0.0,Ing0506-3
c0107,0.0,1.0,Ing0506-3
c0107,0.0,2.0,Ing0506-3
c8888,0.0,3.0,Ing0506-3
c0107,0.0,4.0,Ing0506-3
c0107,4.0,2.0,Ing0506-3
c0107,4.0,3.0,Ing0506-3
c0107,4.0,4.0,Ing0506-3
c0112,3.0,0.0,Ing0506-3
c0112,3.0,1.0,Ing0506-3
c0112,,2.0,Ing0506-3
c0112,3.0,3.0,Ing0506-3
c0112,3.0,4.0,Ing0506-3
c0112,4.0,0.0,Ing0506-3
c8888,4.0,1.0,Ing0506-3
c8888,4.0,2.0,Ing0506-3
c0112,4.0,-1.0,Ing0506-3
c0112,4.0,4.0,Ing0506-3
c0114,0.0,0.0,Ing0506-3
c0114,0.0,2.0,Ing0506-3
c0114,1.0,0.0,Ing0506-3
c0114,2.0,0.0,Ing0506-3
c0114,3.0,0.0,Ing0506-3
c0114,3.0,2.0,Ing0506-3
c0114,4.0,0.0,Ing0506-3
c0114,4.0,2.0,Ing0506-3
c0116,0.0,0.0,Ing0506-3
c0116,0.0,1.0,Ing0506-3
c0116,1.0,0.0,Ing0506-3
c0116,1.0,1.0,Ing0506-3
c0116,1.0,2.0,Ing0506-3
c0116,1.0,3.0,Ing0506-3
c0116,1.0,4.0,Ing0506-3
c0116,4.0,3.0,Ing0506-3
c0116,4.0,4.0,Ing0506-3
c0117,0.0,0.0,Ing0506-3
c0117,0.0,1.0,Ing0506-3
c0117,0.0,2.0,Ing0506-3
c0117,0.0,,Ing0506-3
c0117,0.0,4.0,Ing0506-3
c0117,1.0,0.0,Ing0506-3
c0117,1.0,1.0,Ing0506-3
c0117,1.0,2.0,Ing0506-3
c0117,1.0,3.0,Ing0506-3
c0117,10.0,4.0,Ing0506-3
c0117,2.0,2.0,Ing0506-3
,3.0,2.0,Ing0506-3
c0117,4.0,2.0,Ing0506-3
c0117,4.0,3.0,Ing0506-3
c0117,4.0,4.0,Ing0506-3
c0130,0.0,0.0,Ing0506-3
c8888,10.0,1.0,Ing0506-3
c0130,0.0,2.0,Ing0506-3
c8888,0.0,3.0,Ing0506-3
c0130,0.0,4.0,Ing0506-3
c0130,1.0,0.0,Ing0506-3
c0130,1.0,4.0,Ing0506-3
c0130,2.0,0.0,Ing0506-3
c0130,2.0,1.0,Ing0506-3
c0130,2.0,2.0,Ing0506-3
c0130,2.0,4.0,Ing0506-3
c0130,3.0,2.0,Ing0506-3
c0130,4.0,2.0,Ing0506-3
c0130,4.0,4.0,Ing0506-3
c0148,0.0,2.0,Ing0506-3
c0148,1.0,0.0,Ing0506-3
c0148,1.0,1.0,Ing0506-3
c0148,1.0,2.0,Ing0506-3
c0148,1.0,4.0,Ing0506-3
c0149,0.0,2.0,Ing0506-3
c0149,1.0,2.0,Ing0506-3
c0149,1.0,4.0,Ing0506-3
c0150,0.0,2.0,Ing0506-3
c8888,1.0,2.0,Ing0506-3
c0150,1.0,4.0,Ing0506-3
c0162,3.0,2.0,Ing0506-3
c0162,4.0,2.0,Ing0506-3
c8888,4.0,4.0,Ing0506-3
c0163,0.0,0.0,Ing0506-3
c0163,10.0,1.0,Ing0506-3
c8888,0.0,2.0,Ing0506-3
c0163,0.0,3.0,Ing0506-3
c0163,0.0,4.0,Ing0506-3
c0163,3.0,2.0,Ing0506-3
c0163,4.0,10.0,Ing0506-3
c0163,4.0,1.0,Ing0506-3
c0163,4.0,2.0,Ing0506-3
c0163,4.0,3.0,Ing0506-3
c8888,4.0,4.0,Ing0506-3
c0177,0.0,0.0,Ing0506-3
c0177,0.0,1.0,Ing0506-3
c0177,0.0,2.0,Ing0506-3
c0177,0.0,3.0,Ing0506-3
c0177,0.0,4.0,Ing0506-3
c0177,4.0,2.0,Ing0506-3
c0177,4.0,3.0,Ing0506-3
c0177,4.0,4.0,Ing0506-3
c0179,10.0,3.0,Ing0506-3
c0179,4.0,4.0,Ing0506-3
c0181,0.0,0.0,Ing0506-3
c0181,0.0,2.0,Ing0506-3
c0181,1.0,0.0,Ing0506-3
c0181,1.0,2.0,Ing0506-3
c0181,2.0,0.0,Ing0506-3
c0181,2.0,2.0,Ing0506-3
c8888,3.0,0.0,Ing0506-3
c0181,3.0,2.0,Ing0506-3
c0181,4.0,0.0,Ing0506-3
c8888,4.0,2.0,Ing0506-3
c0181,4.0,3.0,Ing0506-3
c0181,4.0,4.0,Ing0506-3
c0198,1.0,2.0,Ing0506-3
c0198,1.0,3.0,Ing0506-3
c0198,1.0,4.0,Ing0506-3
c0198,2.0,2.0,Ing0506-3
c0198,2.0,-1.0,Ing0506-3
c0198,2.0,4.0,Ing0506-3
c0198,3.0,2.0,Ing0506-3
c0198,4.0,2.0,Ing0506-3
c0210,0.0,4.0,Ing0506-3
c0210,1.0,-1.0,Ing0506-3
c0210,2.0,4.0,Ing0506-3
c0210,3.0,0.0,Ing0506-3
c0210,3.0,1.0,Ing0506-3
c0210,3.0,2.0,Ing0506-3
c0210,3.0,4.0,Ing0506-3
c0210,4.0,3.0,Ing0506-3
c0210,4.0,4.0,Ing0506-3
,0.0,0.0,Ing0506-3
c0214,0.0,1.0,Ing0506-3
c0214,0.0,2.0,Ing0506-3
c0214,0.0,3.0,Ing0506-3
c8888,10.0,4.0,Ing0506-3
c0214,,0.0,Ing0506-3
c0214,4.0,1.0,Ing0506-3
c0214,4.0,2.0,Ing0506-3
c0214,4.0,3.0,Ing0506-3
c0214,4.0,4.0,Ing0506-3
c0223,0.0,0.0,Ing0506-3
c0223,0.0,2.0,Ing0506-3
c0223,1.0,2.0,Ing0506-3
c0223,2.0,2.0,Ing0506-3
c0223,3.0,2.0,Ing0506-3
,4.0,0.0,Ing0506-3
c0223,4.0,10.0,Ing0506-3
c0223,4.0,4.0,Ing0506-3
c0224,1.0,4.0,Ing0506-3
c0224,2.0,4.0,Ing0506-3
c0224,3.0,4.0,Ing0506-3
c8888,4.0,0.0,Ing0506-3
c0224,4.0,1.0,Ing0506-3
c0224,,2.0,Ing0506-3
c0224,4.0,3.0,Ing0506-3
c0224,4.0,4.0,Ing0506-3
c0226,4.0,3.0,Ing0506-3
c0226,-1.0,4.0,Ing0506-3
c0227,0.0,0.0,Ing0506-3
c0227,0.0,1.0,Ing0506-3
,0.0,2.0,Ing0506-3
c0227,0.0,3.0,Ing0506-3
c0227,4.0,1.0,Ing0506-3
c0227,4.0,2.0,Ing0506-3
c0227,4.0,3.0,Ing0506-3
c8888,4.0,4.0,Ing0506-3
c0254,0.0,0.0,Ing0506-3
c0254,0.0,3.0,Ing0506-3
c0254,0.0,4.0,Ing0506-3
c0254,4.0,0.0,Ing0506-3
c0254,4.0,,Ing0506-3
c0254,4.0,2.0,Ing0506-3
c0254,4.0,3.0,Ing0506-3
c0254,4.0,4.0,Ing0506-3
c0420,0.0,0.0,Ing0506-3
c0420,0.0,1.0,Ing0506-3
c8888,0.0,2.0,Ing0506-3
c0420,0.0,3.0,Ing0506-3
,0.0,4.0,Ing0506-3
c0420,1.0,,Ing0506-3
c0420,1.0,1.0,Ing0506-3
,1.0,2.0,Ing0506-3
c0441,0.0,2.0,Ing0506-3
c0441,2.0,2.0,Ing0506-3
c0441,3.0,0.0,Ing0506-3
c0441,3.0,1.0,Ing0506-3
c0441,3.0,2.0,Ing0506-3
c0441,3.0,3.0,Ing0506-3
c0441,3.0,4.0,Ing0506-3
c0441,4.0,2.0,Ing0506-3
c0456,0.0,0.0,Ing0506-3
c0456,0.0,1.0,Ing0506-3
c0456,0.0,2.0,Ing0506-3
c0456,0.0,3.0,Ing0506-3
c0456,0.0,4.0,Ing0506-3
c0456,4.0,0.0,Ing0506-3
c0456,4.0,1.0,Ing0506-3
c0456,4.0,2.0,Ing0506-3
c0456,,3.0,Ing0506-3
c0456,4.0,4.0,Ing0506-3
c0457,3.0,2.0,Ing0506-3
c0457,3.0,3.0,Ing0506-3
c0457,3.0,4.0,Ing0506-3
c0457,4.0,0.0,Ing0506-3
c0457,4.0,1.0,Ing0506-3
c0457,4.0,2.0,Ing0506-3
c0457,4.0,3.0,Ing0506-3
c8888,4.0,4.0,Ing0506-3
c0486,0.0,,Ing0506-3
c0486,0.0,1.0,Ing0506-3
c0486,0.0,2.0,Ing0506-3
c0486,0.0,3.0,Ing0506-3
c0486,-1.0,4.0,Ing0506-3
c0486,3.0,0.0,Ing0506-3
c0486,3.0,1.0,Ing0506-3
c0486,3.0,2.0,Ing0506-3
c8888,3.0,3.0,Ing0506-3
c0486,3.0,4.0,Ing0506-3
c0486,-1.0,0.0,Ing0506-3
c0486,4.0,1.0,Ing0506-3
c0486,4.0,2.0,Ing0506-3
c0486,4.0,3.0,Ing0506-3
c0486,4.0,,Ing0506-3
c0498,0.0,4.0,Ing0506-3
c0498,1.0,4.0,Ing0506-3
c0498,2.0,4.0,Ing0506-3
c0498,3.0,4.0,Ing0506-3
c0498,4.0,3.0,Ing0506-3
c0498,4.0,-1.0,Ing0506-3
c0506,0.0,0.0,Ing0506-3
c0506,0.0,1.0,Ing0506-3
c0506,0.0,2.0,Ing0506-3
c0506,-1.0,3.0,Ing0506-3
c0506,0.0,4.0,Ing0506-3
c0506,1.0,0.0,Ing0506-3
c0506,1.0,1.0,Ing0506-3
c0506,1.0,2.0,Ing0506-3
c0506,,3.0,Ing0506-3
c0506,1.0,4.0,Ing0506-3
c0506,4.0,0.0,Ing0506-3
c0506,,1.0,Ing0506-3
c8888,4.0,2.0,Ing0506-3
c0506,4.0,3.0,Ing0506-3
c0506,4.0,4.0,Ing0506-3
c0510,3.0,3.0,Ing0506-3
c0510,3.0,4.0,Ing0506-3
c8888,0.0,0.0,Ing0506-3
c0527,0.0,1.0,Ing0506-3
c0527,0.0,,Ing0506-3
c0527,10.0,3.0,Ing0506-3
c8888,0.0,4.0,Ing0506-3
c0527,4.0,2.0,Ing0506-3
c0527,4.0,3.0,Ing0506-3
c0527,4.0,4.0,Ing0506-3
c8888,0.0,0.0,Ing0506-3
c0738,0.0,1.0,Ing0506-3
c0738,0.0,2.0,Ing0506-3
c0738,0.0,3.0,Ing0506-3
c0738,0.0,4.0,Ing0506-3
c0738,1.0,0.0,Ing0506-3
c8888,1.0,1.0,Ing0506-3
c0738,1.0,2.0,Ing0506-3
c0738,1.0,3.0,Ing0506-3
c0738,1.0,4.0,Ing0506-3
,4.0,0.0,Ing0506-3
c0738,4.0,1.0,Ing0506-3
c0738,4.0,-1.0,Ing0506-3
c0738,4.0,3.0,Ing0506-3
c0738,4.0,10.0,Ing0506-3
c8888,0.0,0.0,Ing0506-3
c0745,0.0,1.0,Ing0506-3
c0745,4.0,4.0,Ing0506-3
c0773,0.0,0.0,Ing0506-3
c0773,1.0,0.0,Ing0506-3
,2.0,0.0,Ing0506-3
c0773,2.0,1.0,Ing0506-3
c0773,2.0,2.0,Ing0506-3
c0773,2.0,3.0,Ing0506-3
c0773,-1.0,4.0,Ing0506-3
c0773,3.0,0.0,Ing0506-3
c0773,3.0,1.0,Ing0506-3
c0773,3.0,2.0,Ing0506-3
c0773,3.0,3.0,Ing0506-3
c0773,3.0,4.0,Ing0506-3
,4.0,0.0,Ing0506-3
c0773,4.0,1.0,Ing0506-3
c0773,4.0,2.0,Ing0506-3
c0773,4.0,3.0,Ing0506-3
c0773,4.0,4.0,Ing0506-3
c0814,2.0,3.0,Ing0506-3
c0814,2.0,4.0,Ing0506-3
c0825,0.0,2.0,Ing0506-3
c0825,1.0,2.0,Ing0506-3
c0825,1.0,3.0,Ing0506-3
c0825,2.0,2.0,Ing0506-3
c0825,3.0,2.0,Ing0506-3
c0825,3.0,3.0,Ing0506-3
c0825,-1.0,2.0,Ing0506-3
c0825,4.0,3.0,Ing0506-3
c8888,0.0,0.0,Ing0506-3
c8888,0.0,1.0,Ing0506-3
c0828,,4.0,Ing0506-3
c0828,3.0,4.0,Ing0506-3
c0828,4.0,4.0,Ing0506-3
c0845,0.0,2.0,Ing0506-3
c0845,1.0,2.0,Ing0506-3
c0845,1.0,4.0,Ing0506-3
c0850,10.0,0.0,Ing0506-3
c0850,0.0,1.0,Ing0506-3
c8888,0.0,2.0,Ing0506-3
c0850,0.0,3.0,Ing0506-3
c0850,0.0,4.0,Ing0506-3
c0850,1.0,2.0,Ing0506-3
c0850,1.0,4.0,Ing0506-3
c0850,2.0,4.0,Ing0506-3
c0850,3.0,4.0,Ing0506-3
c0850,4.0,4.0,Ing0506-3
c0869,3.0,0.0,Ing0506-3
c0869,3.0,1.0,Ing0506-3
c0869,3.0,2.0,Ing0506-3
c0869,-1.0,3.0,Ing0506-3
c8888,3.0,-1.0,Ing0506-3
c0869,4.0,0.0,Ing0506-3
c0869,4.0,1.0,Ing0506-3
c0869,4.0,2.0,Ing0506-3
c0869,4.0,3.0,Ing0506-3
c0869,4.0,4.0,Ing0506-3
c0884,3.0,0.0,Ing0506-3
c0884,3.0,1.0,Ing0506-3
c0884,3.0,2.0,Ing0506-3
c0884,4.0,0.0,Ing0506-3
c0884,4.0,1.0,Ing0506-3
c0884,4.0,2.0,Ing0506-3
c0884,4.0,3.0,Ing0506-3
c0884,4.0,4.0,Ing0506-3
c0899,0.0,2.0,Ing0506-3
c0899,1.0,2.0,Ing0506-3
c0899,1.0,4.0,Ing0506-3
c0899,2.0,2.0,Ing0506-3
c0899,2.0,3.0,Ing0506-3
c0899,2.0,4.0,Ing0506-3
c0899,3.0,1.0,Ing0506-3
c0899,3.0,2.0,Ing0506-3
c0899,3.0,3.0,Ing0506-3
c0899,3.0,4.0,Ing0506-3
c0901,3.0,-1.0,Ing0506-3
c0901,4.0,2.0,Ing0506-3
c0901,4.0,4.0,Ing0506-3
c8888,0.0,3.0,Ing0506-3
c0933,0.0,4.0,Ing0506-3
c0933,1.0,0.0,Ing0506-3
c0933,1.0,1.0,Ing0506-3
c0933,3.0,0.0,Ing0506-3
c0933,3.0,1.0,Ing0506-3
c0933,3.0,3.0,Ing0506-3
c0933,3.0,4.0,Ing0506-3
c0978,0.0,0.0,Ing0506-3
c0978,0.0,1.0,Ing0506-3
c0978,0.0,2.0,Ing0506-3
c0978,1.0,0.0,Ing0506-3
c8888,1.0,1.0,Ing0506-3
c0978,1.0,2.0,Ing0506-3
c0978,2.0,,Ing0506-3
c0978,2.0,1.0,Ing0506-3
c8888,4.0,3.0,Ing0506-3
c1007,4.0,4.0,Ing0506-3
c0741,2.0,3.0,Ing0506-3
c0741,10.0,4.0,Ing0506-3
c0741,3.0,0.0,Ing0506-3
c0741,3.0,1.0,Ing0506-3
c0741,3.0,2.0,Ing0506-3
c0741,3.0,,Ing0506-3
c0741,3.0,4.0,Ing0506-3
c0741,4.0,4.0,Ing0506-3
c0196,0.0,0.0,Ing0506-3
c0196,0.0,1.0,Ing0506-3
c0196,0.0,10.0,Ing0506-3
c0196,4.0,0.0,Ing0506-3
c0196,4.0,1.0,Ing0506-3
c0196,4.0,2.0,Ing0506-3
c0196,4.0,3.0,Ing0506-3
c0196,4.0,4.0,Ing0506-3
c0803,0.0,2.0,Ing0708-1
c0803,,2.0,Ing0708-1
c0803,2.0,2.0,Ing0708-1
c0803,3.0,2.0,Ing0708-1
c0803,4.0,2.0,Ing0708-1
c0806,1.0,4.0,Ing0708-1
c8888,2.0,4.0,Ing0708-1
c0806,3.0,4.0,Ing0708-1
c0806,4.0,,Ing0708-1
c0806,4.0,1.0,Ing0708-1
c0806,4.0,2.0,Ing0708-1
c8888,4.0,,Ing0708-1
c0806,4.0,4.0,Ing0708-1
c0821,1.0,4.0,Ing0708-1
c0821,2.0,4.0,Ing0708-1
c0821,3.0,4.0,Ing0708-1
c8888,-1.0,0.0,Ing0708-1
c8888,4.0,1.0,Ing0708-1
c0821,4.0,2.0,Ing0708-1
c0821,4.0,3.0,Ing0708-1
c8888,4.0,4.0,Ing0708-1
c0824,1.0,4.0,Ing0708-1
c0824,2.0,4.0,Ing0708-1
c0824,3.0,-1.0,Ing0708-1
c0824,4.0,0.0,Ing0708-1
c0824,4.0,1.0,Ing0708-1
c0824,4.0,10.0,Ing0708-1
c0824,4.0,3.0,Ing0708-1
c0824,4.0,4.0,Ing0708-1
c0830,0.0,4.0,Ing0708-1
c0830,1.0,4.0,Ing0708-1
c8888,2.0,3.0,Ing0708-1
c0830,2.0,4.0,Ing0708-1
c0830,3.0,10.0,Ing0708-1
c0830,3.0,4.0,Ing0708-1
c0830,4.0,3.0,Ing0708-1
c0830,4.0,4.0,Ing0708-1
c0935,3.0,2.0,Ing0708-1
c0935,3.0,3.0,Ing0708-1
c0935,3.0,4.0,Ing0708-1
c0935,4.0,0.0,Ing0708-1
c0935,4.0,1.0,Ing0708-1
c0935,4.0,2.0,Ing0708-1
c0935,4.0,3.0,Ing0708-1
c0935,4.0,,Ing0708-1
c1009,1.0,3.0,Ing0708-1
c1009,1.0,4.0,Ing0708-1
c1009,2.0,0.0,Ing0708-1
c1009,2.0,1.0,Ing0708-1
c1009,2.0,2.0,Ing0708-1
c1009,2.0,3.0,Ing0708-1
c1009,2.0,4.0,Ing0708-1
c1009,3.0,0.0,Ing0708-1
c1009,3.0,1.0,Ing0708-1
c1009,3.0,2.0,Ing0708-1
c1009,3.0,3.0,Ing0708-1
c1009,3.0,4.0,Ing0708-1
c1009,4.0,0.0,Ing0708-1
c1009,4.0,1.0,Ing0708-1
c8888,4.0,2.0,Ing0708-1
c1009,4.0,3.0,Ing0708-1
c1009,4.0,4.0,Ing0708-1
c1027,0.0,2.0,Ing0708-1
c1027,0.0,3.0,Ing0708-1
c1027,0.0,4.0,Ing0708-1
c1027,1.0,2.0,Ing0708-1
c1027,1.0,3.0,Ing0708-1
c1027,1.0,4.0,Ing0708-1
c1027,2.0,2.0,Ing0708-1
c1027,10.0,3.0,Ing0708-1
c1027,2.0,4.0,Ing0708-1
c1027,,2.0,Ing0708-1
c1027,3.0,3.0,Ing0708-1
c1027,3.0,4.0,Ing0708-1
c1027,4.0,2.0,Ing0708-1
c1027,4.0,3.0,Ing0708-1
c1027,4.0,4.0,Ing0708-1
c1031,0.0,2.0,Ing0708-1
c1031,0.0,3.0,Ing0708-1
c1031,0.0,4.0,Ing0708-1
c1031,1.0,2.0,Ing0708-1
c1031,1.0,3.0,Ing0708-1
c1031,1.0,4.0,Ing0708-1
c1031,2.0,2.0,Ing0708-1
c1031,-1.0,3.0,Ing0708-1
c1031,2.0,4.0,Ing0708-1
c1031,3.0,2.0,Ing0708-1
c1031,3.0,3.0,Ing0708-1
c1031,3.0,4.0,Ing0708-1
c1031,4.0,2.0,Ing0708-1
c1031,4.0,3.0,Ing0708-1
c1031,4.0,4.0,Ing0708-1
c1033,0.0,2.0,Ing0708-1
c1033,0.0,3.0,Ing0708-1
c8888,0.0,4.0,Ing0708-1
c8888,1.0,2.0,Ing0708-1
c1033,1.0,3.0,Ing0708-1
c1033,1.0,10.0,Ing0708-1
c1033,2.0,2.0,Ing0708-1
c1033,2.0,3.0,Ing0708-1
c1033,2.0,4.0,Ing0708-1
c8888,3.0,2.0,Ing0708-1
c1033,3.0,3.0,Ing0708-1
c1033,3.0,4.0,Ing0708-1
c1033,4.0,2.0,Ing0708-1
c1033,4.0,3.0,Ing0708-1
c1033,4.0,4.0,Ing0708-1
c1057,0.0,2.0,Ing0708-1
c1057,1.0,2.0,Ing0708-1
c1057,2.0,2.0,Ing0708-1
c1057,10.0,2.0,Ing0708-1
c1057,4.0,2.0,Ing0708-1
c1067,0.0,0.0,Ing0708-1
c1067,0.0,1.0,Ing0708-1
c1067,3.0,4.0,Ing0708-1
c1067,4.0,0.0,Ing0708-1
c1067,4.0,1.0,Ing0708-1
c1067,4.0,2.0,Ing0708-1
c1067,4.0,3.0,Ing0708-1
c1067,4.0,4.0,Ing0708-1
c1068,0.0,0.0,Ing0708-1
c8888,0.0,1.0,Ing0708-1
c1068,0.0,2.0,Ing0708-1
c1068,4.0,0.0,Ing0708-1
c1068,4.0,1.0,Ing0708-1
c1068,4.0,2.0,Ing0708-1
c1068,4.0,3.0,Ing0708-1
c1068,4.0,4.0,Ing0708-1
c1074,0.0,2.0,Ing0708-1
c8888,1.0,-1.0,Ing0708-1
c1074,2.0,2.0,Ing0708-1
c1074,3.0,2.0,Ing0708-1
c1074,4.0,2.0,Ing0708-1
c1074,4.0,,Ing0708-1
c8888,10.0,4.0,Ing0708-1
c0006,0.0,0.0,Ing0708-1
c0006,0.0,1.0,Ing0708-1
c0006,0.0,2.0,Ing0708-1
c0006,3.0,0.0,Ing0708-1
c0006,3.0,1.0,Ing0708-1
c0006,3.0,2.0,Ing0708-1
c0006,4.0,0.0,Ing0708-1
c0006,4.0,10.0,Ing0708-1
c0006,4.0,,Ing0708-1
c0018,0.0,0.0,Ing0708-1
c0018,0.0,1.0,Ing0708-1
c0018,0.0,2.0,Ing0708-1
c0018,0.0,10.0,Ing0708-1
c8888,0.0,4.0,Ing0708-1
c0018,1.0,0.0,Ing0708-1
c0018,4.0,3.0,Ing0708-1
c0018,4.0,4.0,Ing0708-1
c0046,0.0,0.0,Ing0708-1
c0046,-1.0,4.0,Ing0708-1
,1.0,-1.0,Ing0708-1
c0046,1.0,4.0,Ing0708-1
c0046,,0.0,Ing0708-1
c0046,2.0,4.0,Ing0708-1
c0046,3.0,0.0,Ing0708-1
c0046,4.0,0.0,Ing0708-1
c0050,0.0,,Ing0708-1
c0050,0.0,1.0,Ing0708-1
c0050,0.0,2.0,Ing0708-1
c0050,0.0,3.0,Ing0708-1
c0050,0.0,4.0,Ing0708-1
c0050,1.0,0.0,Ing0708-1
c0050,1.0,1.0,Ing0708-1
c0050,1.0,2.0,Ing0708-1
,1.0,3.0,Ing0708-1
c0050,1.0,-1.0,Ing0708-1
c0050,2.0,0.0,Ing0708-1
c0050,2.0,1.0,Ing0708-1
c0050,2.0,2.0,Ing0708-1
c0050,10.0,3.0,Ing0708-1
c0050,-1.0,4.0,Ing0708-1
c0050,3.0,0.0,Ing0708-1
c0050,3.0,1.0,Ing0708-1
c8888,3.0,2.0,Ing0708-1
c0050,3.0,3.0,Ing0708-1
c0050,3.0,4.0,Ing0708-1
c0050,4.0,0.0,Ing0708-1
c0051,1.0,4.0,Ing0708-1
c0051,3.0,10.0,Ing0708-1
c0051,3.0,1.0,Ing0708-1
c0051,3.0,2.0,Ing0708-1
c0051,3.0,3.0,Ing0708-1
c0051,-1.0,4.0,Ing0708-1
c0051,4.0,3.0,Ing0708-1
c0051,4.0,4.0,Ing0708-1
c0059,0.0,0.0,Ing0708-1
c0059,1.0,0.0,Ing0708-1
c0059,2.0,0.0,Ing0708-1
c0059,2.0,3.0,Ing0708-1
c0059,10.0,4.0,Ing0708-1
c0059,3.0,0.0,Ing0708-1
c0059,3.0,1.0,Ing0708-1
c0059,3.0,2.0,Ing0708-1
c0059,3.0,10.0,Ing0708-1
c8888,3.0,4.0,Ing0708-1
c0059,4.0,0.0,Ing0708-1
c8888,10.0,0.0,Ing0708-1
c0064,0.0,1.0,Ing0708-1
c0064,0.0,2.0,Ing0708-1
c0064,0.0,3.0,Ing0708-1
c0064,0.0,4.0,Ing0708-1
c0064,1.0,0.0,Ing0708-1
c0064,3.0,3.0,Ing0708-1
c8888,3.0,4.0,Ing0708-1
c0073,-1.0,0.0,Ing0708-1
c0073,0.0,1.0,Ing0708-1
c8888,0.0,-1.0,Ing0708-1
c0073,0.0,3.0,Ing0708-1
c0073,0.0,4.0,Ing0708-1
c0073,4.0,0.0,Ing0708-1
c0073,4.0,1.0,Ing0708-1
c8888,4.0,2.0,Ing0708-1
c0073,4.0,3.0,Ing0708-1
c8888,4.0,4.0,Ing0708-1
c0080,0.0,0.0,Ing0708-1
c0080,0.0,1.0,Ing0708-1
c0080,0.0,2.0,Ing0708-1
c0080,0.0,3.0,Ing0708-1
c0080,0.0,4.0,Ing0708-1
c0080,2.0,2.0,Ing0708-1
c0080,2.0,3.0,Ing0708-1
c0080,4.0,2.0,Ing0708-1
c0097,0.0,0.0,Ing0708-1
c0097,0.0,1.0,Ing0708-1
c0097,0.0,2.0,Ing0708-1
c0097,0.0,3.0,Ing0708-1
c0097,0.0,4.0,Ing0708-1
c0097,1.0,0.0,Ing0708-1
c0097,1.0,1.0,Ing0708-1
c0097,1.0,2.0,Ing0708-1
c0097,1.0,3.0,Ing0708-1
c0097,1.0,4.0,Ing0708-1
c8888,0.0,3.0,Ing0708-1
c0099,0.0,4.0,Ing0708-1
c0099,-1.0,3.0,Ing0708-1
c0099,1.0,4.0,Ing0708-1
c0099,2.0,0.0,Ing0708-1
c0099,2.0,1.0,Ing0708-1
c8888,2.0,2.0,Ing0708-1
c0099,2.0,-1.0,Ing0708-1
c0099,2.0,4.0,Ing0708-1
c0099,3.0,0.0,Ing0708-1
c0099,3.0,1.0,Ing0708-1
c0099,3.0,2.0,Ing0708-1
c0099,-1.0,3.0,Ing0708-1
c0099,3.0,4.0,Ing0708-1
c0099,4.0,3.0,Ing0708-1
c0099,4.0,4.0,Ing0708-1
c8888,3.0,0.0,Ing0708-1
c0105,3.0,1.0,Ing0708-1
c0105,3.0,2.0,Ing0708-1
c0105,3.0,3.0,Ing0708-1
c0105,3.0,4.0,Ing0708-1
c0105,4.0,0.0,Ing0708-1
c0105,4.0,1.0,Ing0708-1
c0105,4.0,2.0,Ing0708-1
c0109,0.0,2.0,Ing0708-1
c0109,-1.0,2.0,Ing0708-1
c0109,2.0,2.0,Ing0708-1
c0109,3.0,2.0,Ing0708-1
c0109,4.0,2.0,Ing0708-1
c0180,0.0,3.0,Ing0708-1
c0180,0.0,4.0,Ing0708-1
,1.0,3.0,Ing0708-1
c0180,1.0,4.0,Ing0708-1
c0180,2.0,3.0,Ing0708-1
c0180,2.0,4.0,Ing0708-1
c0180,3.0,3.0,Ing0708-1
c0180,3.0,4.0,Ing0708-1
c0180,-1.0,3.0,Ing0708-1
c0180,4.0,4.0,Ing0708-1
c0199,3.0,2.0,Ing0708-1
c0199,3.0,3.0,Ing0708-1
c0199,3.0,4.0,Ing0708-1
c0199,4.0,0.0,Ing0708-1
c0199,4.0,1.0,Ing0708-1
c8888,4.0,2.0,Ing0708-1
c0199,4.0,3.0,Ing0708-1
c0199,4.0,4.0,Ing0708-1
c8888,0.0,-1.0,Ing0708-1
c0212,0.0,4.0,Ing0708-1
c0212,1.0,2.0,Ing0708-1
c0212,1.0,4.0,Ing0708-1
c0212,2.0,2.0,Ing0708-1
c0212,2.0,4.0,Ing0708-1
c0212,3.0,2.0,Ing0708-1
c0212,3.0,4.0,Ing0708-1
c0212,4.0,2.0,Ing0708-1
c0212,4.0,4.0,Ing0708-1
c0215,0.0,0.0,Ing0708-1
c0215,1.0,2.0,Ing0708-1
c0215,2.0,2.0,Ing0708-1
c0215,2.0,3.0,Ing0708-1
c0215,2.0,4.0,Ing0708-1
c0215,4.0,2.0,Ing0708-1
c0215,4.0,3.0,Ing0708-1
c0215,4.0,4.0,Ing0708-1
c0228,0.0,0.0,Ing0708-1
c8888,0.0,4.0,Ing0708-1
c0228,1.0,0.0,Ing0708-1
c0228,1.0,4.0,Ing0708-1
c0228,2.0,0.0,Ing0708-1
c0228,3.0,-1.0,Ing0708-1
c0228,4.0,0.0,Ing0708-1
c0228,4.0,4.0,Ing0708-1
c0231,0.0,0.0,Ing0708-1
c8888,0.0,2.0,Ing0708-1
c0231,1.0,10.0,Ing0708-1
c8888,2.0,2.0,Ing0708-1
c0231,3.0,2.0,Ing0708-1
c0231,4.0,0.0,Ing0708-1
c0231,4.0,2.0,Ing0708-1
c0231,4.0,4.0,Ing0708-1
c0261,2.0,2.0,Ing0708-1
c0261,2.0,3.0,Ing0708-1
c8888,2.0,4.0,Ing0708-1
c0261,4.0,0.0,Ing0708-1
c0261,4.0,1.0,Ing0708-1
c0261,4.0,2.0,Ing0708-1
c8888,4.0,3.0,Ing0708-1
c0261,4.0,4.0,Ing0708-1
c0281,0.0,4.0,Ing0708-1
c8888,1.0,4.0,Ing0708-1
c0281,2.0,4.0,Ing0708-1
c0281,3.0,4.0,Ing0708-1
c0281,4.0,4.0,Ing0708-1
c0427,0.0,4.0,Ing0708-1
c0427,1.0,4.0,Ing0708-1
c8888,2.0,4.0,Ing0708-1
c0427,-1.0,4.0,Ing0708-1
c0427,,0.0,Ing0708-1
c8888,4.0,2.0,Ing0708-1
c0427,4.0,3.0,Ing0708-1
c0427,4.0,4.0,Ing0708-1
c0433,0.0,2.0,Ing0708-1
c0433,1.0,2.0,Ing0708-1
c8888,2.0,2.0,Ing0708-1
c0433,3.0,2.0,Ing0708-1
c0433,4.0,2.0,Ing0708-1
c0440,0.0,0.0,Ing0708-1
c0440,0.0,1.0,Ing0708-1
c0440,0.0,2.0,Ing0708-1
c8888,0.0,3.0,Ing0708-1
c0440,0.0,-1.0,Ing0708-1
c0440,1.0,2.0,Ing0708-1
c0440,2.0,2.0,Ing0708-1
c0440,3.0,2.0,Ing0708-1
c0442,0.0,0.0,Ing0708-1
,0.0,1.0,Ing0708-1
c0442,0.0,2.0,Ing0708-1
c0442,0.0,,Ing0708-1
c0442,0.0,4.0,Ing0708-1
c0442,4.0,2.0,Ing0708-1
c0442,4.0,3.0,Ing0708-1
c0442,4.0,-1.0,Ing0708-1
c8888,3.0,2.0,Ing0708-1
c0446,3.0,3.0,Ing0708-1
c0446,10.0,4.0,Ing0708-1
c0446,4.0,,Ing0708-1
c0446,4.0,1.0,Ing0708-1
c0446,4.0,2.0,Ing0708-1
c0446,4.0,3.0,Ing0708-1
c0446,4.0,4.0,Ing0708-1
c0450,4.0,0.0,Ing0708-1
,4.0,1.0,Ing0708-1
c0450,,2.0,Ing0708-1
c0450,4.0,3.0,Ing0708-1
c8888,4.0,4.0,Ing0708-1
c1089,0.0,2.0,Ing0708-1
c1089,0.0,3.0,Ing0708-1
c1089,0.0,4.0,Ing0708-1
c1089,1.0,2.0,Ing0708-1
c1089,1.0,3.0,Ing0708-1
c8888,1.0,4.0,Ing0708-1
c1089,2.0,2.0,Ing0708-1
c1089,2.0,3.0,Ing0708-1
c8888,2.0,4.0,Ing0708-1
c1089,3.0,2.0,Ing0708-1
c1089,3.0,3.0,Ing0708-1
c8888,3.0,4.0,Ing0708-1
c1089,4.0,2.0,Ing0708-1
c8888,,3.0,Ing0708-1
c1089,4.0,4.0,Ing0708-1
c0462,10.0,0.0,Ing0708-1
c0462,1.0,0.0,Ing0708-1
c0462,3.0,0.0,Ing0708-1
c0462,4.0,10.0,Ing0708-1
c0462,4.0,1.0,Ing0708-1
c0462,4.0,2.0,Ing0708-1
c0462,4.0,3.0,Ing0708-1
c0462,4.0,4.0,Ing0708-1
c0474,0.0,0.0,Ing0708-1
c0474,0.0,1.0,Ing0708-1
c0474,0.0,2.0,Ing0708-1
,0.0,10.0,Ing0708-1
c0474,0.0,4.0,Ing0708-1
c0474,1.0,0.0,Ing0708-1
c8888,1.0,1.0,Ing0708-1
c0474,1.0,2.0,Ing0708-1
c0474,1.0,3.0,Ing0708-1
c0474,1.0,4.0,Ing0708-1
c0474,2.0,0.0,Ing0708-1
c0474,2.0,1.0,Ing0708-1
c0474,2.0,2.0,Ing0708-1
c0474,2.0,3.0,Ing0708-1
c0474,2.0,4.0,Ing0708-1
c0474,3.0,0.0,Ing0708-1
c0474,4.0,4.0,Ing0708-1
c8888,0.0,0.0,Ing0708-1
c0495,0.0,1.0,Ing0708-1
c0495,4.0,3.0,Ing0708-1
c0495,4.0,4.0,Ing0708-1
c0516,3.0,0.0,Ing0708-1
c0516,3.0,1.0,Ing0708-1
c0516,3.0,2.0,Ing0708-1
c0516,3.0,3.0,Ing0708-1
c0516,3.0,4.0,Ing0708-1
c8888,4.0,0.0,Ing0708-1
c8888,4.0,1.0,Ing0708-1
c0516,4.0,2.0,Ing0708-1
c0519,0.0,2.0,Ing0708-1
c0519,0.0,3.0,Ing0708-1
c0519,0.0,4.0,Ing0708-1
c0519,1.0,2.0,Ing0708-1
c0519,1.0,3.0,Ing0708-1
c0519,1.0,4.0,Ing0708-1
c8888,2.0,2.0,Ing0708-1
c0519,2.0,3.0,Ing0708-1
c0519,2.0,4.0,Ing0708-1
c0519,3.0,-1.0,Ing0708-1
c0519,3.0,3.0,Ing0708-1
c0519,3.0,4.0,Ing0708-1
c8888,4.0,2.0,Ing0708-1
c8888,4.0,3.0,Ing0708-1
c0519,4.0,4.0,Ing0708-1
c0524,0.0,0.0,Ing0708-1
c0524,0.0,1.0,Ing0708-1
c0524,0.0,2.0,Ing0708-1
c0524,0.0,3.0,Ing0708-1
c0524,0.0,4.0,Ing0708-1
c0524,1.0,0.0,Ing0708-1
c0524,1.0,1.0,Ing0708-1
,1.0,2.0,Ing0708-1
c0524,1.0,3.0,Ing0708-1
c8888,1.0,,Ing0708-1
c0533,0.0,0.0,Ing0708-1
c0533,1.0,0.0,Ing0708-1
c0533,1.0,1.0,Ing0708-1
c0533,10.0,2.0,Ing0708-1
c0533,2.0,10.0,Ing0708-1
c0533,3.0,0.0,Ing0708-1
c0533,4.0,3.0,Ing0708-1
c0533,4.0,4.0,Ing0708-1
c0536,0.0,1.0,Ing0708-1
c0536,0.0,2.0,Ing0708-1
c8888,0.0,3.0,Ing0708-1
c0536,0.0,4.0,Ing0708-1
c0536,4.0,0.0,Ing0708-1
c0536,4.0,1.0,Ing0708-1
c0536,4.0,2.0,Ing0708-1
c0536,4.0,3.0,Ing0708-1
c0600,4.0,4.0,Ing0708-1
c0513,0.0,0.0,Ing0708-1
c0513,0.0,1.0,Ing0708-1
c0513,0.0,2.0,Ing0708-1
c0513,1.0,0.0,Ing0708-1
c8888,2.0,0.0,Ing0708-1
c0513,3.0,0.0,Ing0708-1
c0513,4.0,0.0,Ing0708-1
c0513,4.0,4.0,Ing0708-1
c1180,0.0,0.0,Ing0708-1
c1180,1.0,0.0,Ing0708-1
,2.0,0.0,Ing0708-1
c1180,3.0,0.0,Ing0708-1
c8888,0.0,0.0,Ing0708-1
c1020,0.0,1.0,Ing0708-1
c1020,3.0,4.0,Ing0708-1
c1020,4.0,0.0,Ing0708-1
c1020,4.0,1.0,Ing0708-1
c8888,4.0,2.0,Ing0708-1
c1020,4.0,3.0,Ing0708-1
c1020,4.0,4.0,Ing0708-1
c8888,0.0,0.0,Ing0203-1
ChiGenAn,0.0,4.0,Ing0203-1
ChiGenAn,4.0,4.0,Ing0203-1
CamEleAn,0.0,0.0,Ing0203-1
CamEleAn,,1.0,Ing0203-1
CamEleAn,0.0,2.0,Ing0203-1
CamEleAn,0.0,3.0,Ing0203-1
CamEleAn,4.0,1.0,Ing0203-1
CamEleAn,4.0,2.0,Ing0203-1
CamEleAn,4.0,3.0,Ing0203-1
CamEleAn,4.0,4.0,Ing0203-1
,0.0,0.0,Ing0203-1
c8888,0.0,1.0,Ing0203-1
FonChiAn,4.0,3.0,Ing0203-1
c8888,4.0,4.0,Ing0203-1
StrIndAn,0.0,2.0,Ing0203-1
StrIndAn,1.0,2.0,Ing0203-1
StrIndAn,2.0,2.0,Ing0203-1
c8888,3.0,2.0,Ing0203-1
StrIndAn,4.0,2.0,Ing0203-1
TecCosAn,1.0,0.0,Ing0203-1
c8888,1.0,1.0,Ing0203-1
TecCosAn,1.0,2.0,Ing0203-1
TecCosAn,1.0,3.0,Ing0203-1
TecCosAn,1.0,4.0,Ing0203-1
TecCosAn,4.0,2.0,Ing0203-1
TecCosAn,4.0,3.0,Ing0203-1
TecCosAn,4.0,4.0,Ing0203-1
Mat1Cn,0.0,2.0,Ing0203-1
Mat1Cn,0.0,3.0,Ing0203-1
Mat1Cn,0.0,4.0,Ing0203-1
Mat1Cn,1.0,2.0,Ing0203-1
Mat1Cn,1.0,3.0,Ing0203-1
Mat1Cn,,4.0,Ing0203-1
Mat1Cn,2.0,2.0,Ing0203-1
Mat1Cn,2.0,3.0,Ing0203-1
Mat1Cn,2.0,4.0,Ing0203-1
Mat1Cn,3.0,2.0,Ing0203-1
Mat1Cn,3.0,3.0,Ing0203-1
Mat1Cn,3.0,4.0,Ing0203-1
Mat1Cn,4.0,2.0,Ing0203-1
Mat1Cn,4.0,3.0,Ing0203-1
Mat1Cn,4.0,,Ing0203-1
MecRazCn,0.0,4.0,Ing0203-1
MecRazCn,1.0,4.0,Ing0203-1
MecRazCn,2.0,4.0,Ing0203-1
MecRazCn,3.0,4.0,Ing0203-1
MecRazCn,4.0,4.0,Ing0203-1
TecMatCn,0.0,0.0,Ing0203-1
TecMatCn,0.0,4.0,Ing0203-1
TecMatCn,1.0,0.0,Ing0203-1
TecMatCn,1.0,4.0,Ing0203-1
TecMatCn,2.0,0.0,Ing0203-1
,2.0,4.0,Ing0203-1
TecMatCn,3.0,0.0,Ing0203-1
c8888,3.0,4.0,Ing0203-1
ArcTecCn,0.0,0.0,Ing0203-1
ArcTecCn,0.0,1.0,Ing0203-1
ArcTecCn,0.0,,Ing0203-1
ArcTecCn,4.0,0.0,Ing0203-1
ArcTecCn,4.0,1.0,Ing0203-1
ArcTecCn,4.0,2.0,Ing0203-1
c8888,4.0,3.0,Ing0203-1
ArcTecCn,4.0,4.0,Ing0203-1
Idr2Cn,0.0,2.0,Ing0203-1
Idr2Cn,10.0,2.0,Ing0203-1
Idr2Cn,2.0,2.0,Ing0203-1
Idr2Cn,10.0,2.0,Ing0203-1
Idr2Cn,4.0,2.0,Ing0203-1
Mat1En,-1.0,2.0,Ing0203-1
,0.0,3.0,Ing0203-1
Mat1En,0.0,10.0,Ing0203-1
Mat1En,-1.0,2.0,Ing0203-1
c8888,1.0,3.0,Ing0203-1
Mat1En,1.0,4.0,Ing0203-1
Mat1En,,2.0,Ing0203-1
Mat1En,2.0,3.0,Ing0203-1
Mat1En,2.0,4.0,Ing0203-1
Mat1En,3.0,2.0,Ing0203-1
Mat1En,3.0,3.0,Ing0203-1
Mat1En,3.0,4.0,Ing0203-1
Mat1En,4.0,2.0,Ing0203-1
Mat1En,4.0,3.0,Ing0203-1
Mat1En,4.0,4.0,Ing0203-1
,1.0,2.0,Ing0203-1
RetLogEn,1.0,3.0,Ing0203-1
RetLogEn,1.0,4.0,Ing0203-1
c8888,2.0,0.0,Ing0203-1
RetLogEn,-1.0,1.0,Ing0203-1
RetLogEn,-1.0,2.0,Ing0203-1
RetLogEn,2.0,3.0,Ing0203-1
RetLogEn,2.0,4.0,Ing0203-1
RetLogEn,3.0,0.0,Ing0203-1
RetLogEn,3.0,1.0,Ing0203-1
RetLogEn,3.0,2.0,Ing0203-1
RetLogEn,3.0,3.0,Ing0203-1
RetLogEn,3.0,4.0,Ing0203-1
RetLogEn,4.0,-1.0,Ing0203-1
RetLogEn,4.0,1.0,Ing0203-1
RetLogEn,4.0,2.0,Ing0203-1
RetLogEn,4.0,3.0,Ing0203-1
RetLogEn,4.0,4.0,Ing0203-1
ComEleEn,0.0,0.0,Ing0203-1
ComEleEn,0.0,1.0,Ing0203-1
ComEleEn,0.0,2.0,Ing0203-1
ComEleEn,1.0,2.0,Ing0203-1
ComEleEn,3.0,2.0,Ing0203-1
ComEleEn,4.0,2.0,Ing0203-1
ComEleEn,4.0,3.0,Ing0203-1
ComEleEn,4.0,4.0,Ing0203-1
EleSis1En,1.0,0.0,Ing0203-1
EleSis1En,1.0,1.0,Ing0203-1
EleSis1En,1.0,2.0,Ing0203-1
EleSis1En,1.0,3.0,Ing0203-1
EleSis1En,1.0,4.0,Ing0203-1
EleSis1En,3.0,0.0,Ing0203-1
EleSis1En,3.0,1.0,Ing0203-1
EleSis1En,3.0,2.0,Ing0203-1
MetMatEn,0.0,4.0,Ing0203-1
MetMatEn,1.0,4.0,Ing0203-1
MetMatEn,2.0,4.0,Ing0203-1
MetMatEn,-1.0,4.0,Ing0203-1
MetMatEn,4.0,4.0,Ing0203-1
RetCal1G1n,3.0,0.0,Ing0203-1
RetCal1G1n,3.0,1.0,Ing0203-1
RetCal1G1n,3.0,2.0,Ing0203-1
RetCal1G1n,3.0,3.0,Ing0203-1
RetCal1G1n,3.0,4.0,Ing0203-1
c8888,4.0,2.0,Ing0203-1
RetCal1G1n,4.0,3.0,Ing0203-1
RetCal1G1n,4.0,4.0,Ing0203-1
Mat1G2n,0.0,2.0,Ing0203-1
Mat1G2n,0.0,3.0,Ing0203-1
Mat1G2n,0.0,4.0,Ing0203-1
Mat1G2n,1.0,2.0,Ing0203-1
Mat1G2n,1.0,,Ing0203-1
Mat1G2n,1.0,10.0,Ing0203-1
Mat1G2n,2.0,2.0,Ing0203-1
c8888,2.0,3.0,Ing0203-1
Mat1G2n,2.0,4.0,Ing0203-1
Mat1G2n,3.0,2.0,Ing0203-1
Mat1G2n,3.0,-1.0,Ing0203-1
Mat1G2n,3.0,4.0,Ing0203-1
Mat1G2n,4.0,2.0,Ing0203-1
Mat1G2n,4.0,3.0,Ing0203-1
Mat1G2n,4.0,4.0,Ing0203-1
c8888,0.0,0.0,Ing0203-1
ChiG2n,0.0,4.0,Ing0203-1
ChiG2n,4.0,4.0,Ing0203-1
TerAppG2n,0.0,2.0,Ing0203-1
c8888,1.0,2.0,Ing0203-1
TerAppG2n,2.0,2.0,Ing0203-1
TerAppG2n,4.0,0.0,Ing0203-1
TerAppG2n,4.0,1.0,Ing0203-1
TerAppG2n,4.0,2.0,Ing0203-1
TerAppG2n,4.0,3.0,Ing0203-1
c8888,4.0,4.0,Ing0203-1
CalProG2n,0.0,10.0,Ing0203-1
CalProG2n,1.0,2.0,Ing0203-1
CalProG2n,2.0,2.0,Ing0203-1
CalProG2n,3.0,2.0,Ing0203-1
CalProG2n,4.0,0.0,Ing0203-1
CalProG2n,4.0,1.0,Ing0203-1
CalProG2n,4.0,2.0,Ing0203-1
CalProG2n,4.0,3.0,Ing0203-1
CalProG2n,4.0,4.0,Ing0203-1
Mat1Mn,0.0,2.0,Ing0203-1
Mat1Mn,0.0,3.0,Ing0203-1
Mat1Mn,0.0,4.0,Ing0203-1
Mat1Mn,1.0,-1.0,Ing0203-1
Mat1Mn,1.0,3.0,Ing0203-1
Mat1Mn,10.0,,Ing0203-1
Mat1Mn,2.0,2.0,Ing0203-1
Mat1Mn,2.0,3.0,Ing0203-1
Mat1Mn,2.0,4.0,Ing0203-1
Mat1Mn,3.0,2.0,Ing0203-1
Mat1Mn,3.0,3.0,Ing0203-1
Mat1Mn,3.0,4.0,Ing0203-1
,4.0,2.0,Ing0203-1
Mat1Mn,4.0,3.0,Ing0203-1
Mat1Mn,4.0,4.0,Ing0203-1
DisIndMn,0.0,0.0,Ing0203-1
DisIndMn,0.0,1.0,Ing0203-1
DisIndMn,0.0,2.0,Ing0203-1
DisIndMn,0.0,3.0,Ing0203-1
DisIndMn,0.0,4.0,Ing0203-1
DisIndMn,1.0,,Ing0203-1
DisIndMn,1.0,1.0,Ing0203-1
DisIndMn,4.0,3.0,Ing0203-1
DisIndMn,4.0,4.0,Ing0203-1
c8888,0.0,2.0,Ing0203-1
ComMecMn,0.0,,Ing0203-1
ComMecMn,1.0,2.0,Ing0203-1
ComMecMn,-1.0,2.0,Ing0203-1
ComMecMn,3.0,2.0,Ing0203-1
c8888,4.0,2.0,Ing0203-1
ComMecMn,4.0,3.0,Ing0203-1
ComMecMn,4.0,4.0,Ing0203-1
CosMacMn,0.0,0.0,Ing0203-1
CosMacMn,0.0,1.0,Ing0203-1
CosMacMn,0.0,2.0,Ing0203-1
CosMacMn,-1.0,3.0,Ing0203-1
CosMacMn,0.0,4.0,Ing0203-1
CosMacMn,4.0,2.0,Ing0203-1
CosMacMn,4.0,3.0,Ing0203-1
CosMacMn,10.0,4.0,Ing0203-1
TecMec1Mn,0.0,0.0,Ing0203-1
TecMec1Mn,0.0,1.0,Ing0203-1
TecMec1Mn,0.0,2.0,Ing0203-1
TecMec1Mn,4.0,-1.0,Ing0203-1
TecMec1Mn,4.0,1.0,Ing0203-1
c8888,4.0,2.0,Ing0203-1
TecMec1Mn,4.0,3.0,Ing0203-1
c8888,4.0,4.0,Ing0203-1
IdrNumAns,0.0,0.0,Ing0203-1
IdrNumAns,0.0,1.0,Ing0203-1
IdrNumAns,0.0,2.0,Ing0203-1
IdrNumAns,3.0,1.0,Ing0203-1
IdrNumAns,3.0,2.0,Ing0203-1
IdrNumAns,4.0,0.0,Ing0203-1
IdrNumAns,4.0,1.0,Ing0203-1
IdrNumAns,4.0,2.0,Ing0203-1
PriIngAns,0.0,0.0,Ing0203-1
PriIngAns,0.0,2.0,Ing0203-1
PriIngAns,10.0,0.0,Ing0203-1
PriIngAns,1.0,2.0,Ing0203-1
PriIngAns,2.0,0.0,Ing0203-1
PriIngAns,3.0,-1.0,Ing0203-1
PriIngAns,4.0,0.0,Ing0203-1
StaAns,0.0,2.0,Ing0203-1
,1.0,2.0,Ing0203-1
StaAns,2.0,2.0,Ing0203-1
StaAns,3.0,2.0,Ing0203-1
StaAns,4.0,0.0,Ing0203-1
StaAns,4.0,1.0,Ing0203-1
StaAns,4.0,2.0,Ing0203-1
StaAns,4.0,,Ing0203-1
StaAns,4.0,4.0,Ing0203-1
,0.0,0.0,Ing0203-1
ArcTecCns,0.0,1.0,Ing0203-1
ArcTecCns,0.0,2.0,Ing0203-1
ArcTecCns,4.0,0.0,Ing0203-1
ArcTecCns,4.0,1.0,Ing0203-1
ArcTecCns,4.0,2.0,Ing0203-1
ArcTecCns,4.0,3.0,Ing0203-1
c8888,4.0,4.0,Ing0203-1
EleTel1Ens,0.0,0.0,Ing0203-1
EleTel1Ens,0.0,1.0,Ing0203-1
EleTel1Ens,0.0,2.0,Ing0203-1
EleTel1Ens,0.0,3.0,Ing0203-1
EleTel1Ens,0.0,4.0,Ing0203-1
EleTel1Ens,4.0,2.0,Ing0203-1
EleTel1Ens,4.0,3.0,Ing0203-1
EleTel1Ens,4.0,,Ing0203-1
AppIndGns,0.0,0.0,Ing0203-1
AppIndGns,10.0,1.0,Ing0203-1
AppIndGns,0.0,2.0,Ing0203-1
AppIndGns,0.0,3.0,Ing0203-1
AppIndGns,0.0,4.0,Ing0203-1
AppIndGns,1.0,0.0,Ing0203-1
AppIndGns,1.0,2.0,Ing0203-1
AppIndGns,2.0,2.0,Ing0203-1
AppIndGns,2.0,3.0,Ing0203-1
AppIndGns,2.0,4.0,Ing0203-1
AppIndGns,3.0,2.0,Ing0203-1
AppIndGns,3.0,4.0,Ing0203-1
AppIndGns,4.0,0.0,Ing0203-1
c8888,4.0,1.0,Ing0203-1
AppIndGns,4.0,2.0,Ing0203-1
AppIndGns,4.0,3.0,Ing0203-1
AppIndGns,4.0,4.0,Ing0203-1
RetCal2Gns,3.0,-1.0,Ing0203-1
RetCal2Gns,3.0,1.0,Ing0203-1
RetCal2Gns,3.0,2.0,Ing0203-1
RetCal2Gns,3.0,3.0,Ing0203-1
RetCal2Gns,3.0,4.0,Ing0203-1
RetCal2Gns,4.0,2.0,Ing0203-1
RetCal2Gns,4.0,3.0,Ing0203-1
RetCal2Gns,4.0,4.0,Ing0203-1
TecCos1Cv,0.0,2.0,Ing0203-1
TecCos1Cv,-1.0,2.0,Ing0203-1
TecCos1Cv,2.0,2.0,Ing0203-1
TecCos1Cv,3.0,2.0,Ing0203-1
c8888,4.0,2.0,Ing0203-1
StoArcCv,0.0,0.0,Ing0203-1
StoArcCv,0.0,1.0,Ing0203-1
c8888,0.0,2.0,Ing0203-1
c8888,0.0,3.0,Ing0203-1
StoArcCv,0.0,4.0,Ing0203-1
TeoStr1Cv,0.0,0.0,Ing0203-1
TeoStr1Cv,0.0,1.0,Ing0203-1
c8888,0.0,2.0,Ing0203-1
TeoStr1Cv,1.0,0.0,Ing0203-1
TeoStr1Cv,1.0,1.0,Ing0203-1
c8888,1.0,2.0,Ing0203-1
TeoStr1Cv,2.0,3.0,Ing0203-1
TeoStr1Cv,2.0,4.0,Ing0203-1
ArcComCv,0.0,2.0,Ing0203-1
,1.0,2.0,Ing0203-1
ArcComCv,2.0,1.0,Ing0203-1
ArcComCv,2.0,2.0,Ing0203-1
ArcComCv,2.0,,Ing0203-1
ArcComCv,3.0,2.0,Ing0203-1
CalAut1Cv,0.0,0.0,Ing0203-1
CalAut1Cv,0.0,1.0,Ing0203-1
CalAut1Cv,0.0,2.0,Ing0203-1
CalAut1Cv,0.0,3.0,Ing0203-1
CalAut1Cv,0.0,4.0,Ing0203-1
CalAut1Cv,1.0,0.0,Ing0203-1
CalAut1Cv,1.0,1.0,Ing0203-1
c8888,1.0,2.0,Ing0203-1
CosZonCv,0.0,2.0,Ing0203-1
CosZonCv,1.0,2.0,Ing0203-1
CosZonCv,2.0,2.0,Ing0203-1
CosZonCv,3.0,2.0,Ing0203-1
CosZonCv,4.0,-1.0,Ing0203-1
CosZonCv,4.0,4.0,Ing0203-1
ImpTec1Cv,4.0,4.0,Ing0203-1
IdrAppCv,0.0,2.0,Ing0203-1
IdrAppCv,0.0,4.0,Ing0203-1
IdrAppCv,2.0,2.0,Ing0203-1
IdrAppCv,2.0,4.0,Ing0203-1
IdrAppCv,4.0,4.0,Ing0203-1
CalEle1Ev,0.0,4.0,Ing0203-1
CalEle1Ev,1.0,4.0,Ing0203-1
CalEle1Ev,2.0,4.0,Ing0203-1
CalEle1Ev,3.0,4.0,Ing0203-1
CalEle1Ev,4.0,-1.0,Ing0203-1
CamEle1Ev,0.0,0.0,Ing0203-1
CamEle1Ev,0.0,1.0,Ing0203-1
CamEle1Ev,0.0,2.0,Ing0203-1
c8888,0.0,3.0,Ing0203-1
CamEle1Ev,4.0,1.0,Ing0203-1
CamEle1Ev,4.0,2.0,Ing0203-1
c8888,4.0,3.0,Ing0203-1
CamEle1Ev,4.0,4.0,Ing0203-1
EleIndEv,3.0,3.0,Ing0203-1
EleIndEv,3.0,4.0,Ing0203-1
EleIndEv,4.0,0.0,Ing0203-1
EleIndEv,4.0,1.0,Ing0203-1
EleIndEv,4.0,2.0,Ing0203-1
EleIndEv,4.0,3.0,Ing0203-1
EleIndEv,4.0,4.0,Ing0203-1
GesAziGv,4.0,0.0,Ing0203-1
GesAziGv,-1.0,1.0,Ing0203-1
GesAziGv,-1.0,2.0,Ing0203-1
GesAziGv,4.0,3.0,Ing0203-1
c8888,4.0,4.0,Ing0203-1
ChiInd1Gv,0.0,0.0,Ing0203-1
ChiInd1Gv,0.0,1.0,Ing0203-1
ChiInd1Gv,4.0,10.0,Ing0203-1
ChiInd1Gv,4.0,1.0,Ing0203-1
ChiInd1Gv,4.0,2.0,Ing0203-1
ChiInd1Gv,4.0,3.0,Ing0203-1
ChiInd1Gv,4.0,4.0,Ing0203-1
OrgPro1Gv,0.0,0.0,Ing0203-1
OrgPro1Gv,0.0,10.0,Ing0203-1
OrgPro1Gv,0.0,2.0,Ing0203-1
OrgPro1Gv,0.0,3.0,Ing0203-1
OrgPro1Gv,0.0,4.0,Ing0203-1
OrgPro1Gv,4.0,2.0,Ing0203-1
OrgPro1Gv,4.0,3.0,Ing0203-1
OrgPro1Gv,4.0,4.0,Ing0203-1
Mac1Mv,0.0,2.0,Ing0203-1
Mac1Mv,1.0,2.0,Ing0203-1
Mac1Mv,2.0,2.0,Ing0203-1
Mac1Mv,3.0,2.0,Ing0203-1
c8888,4.0,2.0,Ing0203-1
c8888,0.0,0.0,Ing0203-1
TerAppMv,0.0,1.0,Ing0203-1
TerAppMv,0.0,2.0,Ing0203-1
TerAppMv,4.0,4.0,Ing0203-1
DisAssMv,0.0,0.0,Ing0203-1
DisAssMv,0.0,1.0,Ing0203-1
DisAssMv,0.0,2.0,Ing0203-1
DisAssMv,4.0,3.0,Ing0203-1
DisAssMv,4.0,4.0,Ing0203-1
MecVibMn,0.0,2.0,Ing0203-1
MecVibMn,1.0,2.0,Ing0203-1
MecVibMn,2.0,2.0,Ing0203-1
MecVibMn,3.0,2.0,Ing0203-1
MecVibMn,4.0,2.0,Ing0203-1
c0011,0.0,2.0,Ing0607-1
c0011,1.0,2.0,Ing0607-1
c0011,2.0,0.0,Ing0607-1
c0011,2.0,1.0,Ing0607-1
c0011,2.0,2.0,Ing0607-1
c0011,10.0,3.0,Ing0607-1
c8888,2.0,4.0,Ing0607-1
c0011,3.0,2.0,Ing0607-1
c0018,0.0,0.0,Ing0607-1
c0018,0.0,1.0,Ing0607-1
c0018,0.0,2.0,Ing0607-1
c0018,4.0,0.0,Ing0607-1
c0018,4.0,1.0,Ing0607-1
c0018,4.0,2.0,Ing0607-1
c0018,4.0,3.0,Ing0607-1
c0018,4.0,4.0,Ing0607-1
c0026,0.0,0.0,Ing0607-1
c0026,1.0,0.0,Ing0607-1
c0026,2.0,10.0,Ing0607-1
c0026,3.0,0.0,Ing0607-1
c0026,4.0,0.0,Ing0607-1
c0026,4.0,2.0,Ing0607-1
c0026,4.0,3.0,Ing0607-1
c0026,4.0,4.0,Ing0607-1
c0027,0.0,0.0,Ing0607-1
c0027,0.0,1.0,Ing0607-1
c8888,0.0,2.0,Ing0607-1
c0027,4.0,0.0,Ing0607-1
c0027,4.0,1.0,Ing0607-1
c0027,4.0,2.0,Ing0607-1
c0027,4.0,3.0,Ing0607-1
c0027,4.0,4.0,Ing0607-1
c0046,0.0,0.0,Ing0607-1
c8888,0.0,4.0,Ing0607-1
c0046,1.0,0.0,Ing0607-1
c0046,1.0,4.0,Ing0607-1
c0046,2.0,0.0,Ing0607-1
c0046,2.0,4.0,Ing0607-1
c0046,3.0,0.0,Ing0607-1
c0046,4.0,0.0,Ing0607-1
c0051,2.0,0.0,Ing0607-1
c0051,2.0,1.0,Ing0607-1
c0051,2.0,2.0,Ing0607-1
c0051,2.0,3.0,Ing0607-1
c0051,2.0,4.0,Ing0607-1
c0051,3.0,4.0,Ing0607-1
c0051,4.0,3.0,Ing0607-1
c0051,4.0,4.0,Ing0607-1
c0059,,0.0,Ing0607-1
c0059,1.0,0.0,Ing0607-1
c0059,2.0,0.0,Ing0607-1
c0059,3.0,0.0,Ing0607-1
c0059,3.0,1.0,Ing0607-1
c8888,3.0,2.0,Ing0607-1
c0059,3.0,3.0,Ing0607-1
c8888,3.0,4.0,Ing0607-1
c0064,1.0,3.0,Ing0607-1
c8888,1.0,4.0,Ing0607-1
c0064,2.0,3.0,Ing0607-1
c0064,2.0,4.0,Ing0607-1
c0064,3.0,3.0,Ing0607-1
c0064,3.0,4.0,Ing0607-1
c0064,4.0,3.0,Ing0607-1
c0064,4.0,4.0,Ing0607-1
c0073,0.0,0.0,Ing0607-1
c0073,0.0,1.0,Ing0607-1
c0073,0.0,2.0,Ing0607-1
c0073,0.0,3.0,Ing0607-1
c0073,0.0,4.0,Ing0607-1
c0073,3.0,0.0,Ing0607-1
c0073,,1.0,Ing0607-1
c0073,3.0,2.0,Ing0607-1
c0073,3.0,3.0,Ing0607-1
c0073,3.0,4.0,Ing0607-1
c0073,4.0,0.0,Ing0607-1
c0073,4.0,1.0,Ing0607-1
c0073,4.0,2.0,Ing0607-1
c0073,4.0,3.0,Ing0607-1
c0073,4.0,4.0,Ing0607-1
c0080,0.0,0.0,Ing0607-1
c0080,0.0,1.0,Ing0607-1
c0080,0.0,2.0,Ing0607-1
c0080,0.0,3.0,Ing0607-1
,0.0,4.0,Ing0607-1
c0080,2.0,2.0,Ing0607-1
c0080,2.0,3.0,Ing0607-1
c0080,4.0,2.0,Ing0607-1
c0085,4.0,0.0,Ing0607-1
c0085,4.0,1.0,Ing0607-1
c0085,4.0,2.0,Ing0607-1
c0085,4.0,3.0,Ing0607-1
c0085,4.0,,Ing0607-1
c0091,4.0,0.0,Ing0607-1
c0091,4.0,1.0,Ing0607-1
c0091,4.0,2.0,Ing0607-1
c0091,4.0,3.0,Ing0607-1
c0091,4.0,4.0,Ing0607-1
c0097,0.0,0.0,Ing0607-1
c0097,0.0,1.0,Ing0607-1
c8888,0.0,2.0,Ing0607-1
c0097,0.0,3.0,Ing0607-1
c0097,0.0,4.0,Ing0607-1
c0097,1.0,0.0,Ing0607-1
c0097,1.0,1.0,Ing0607-1
c0097,1.0,2.0,Ing0607-1
c0097,1.0,3.0,Ing0607-1
c0099,0.0,0.0,Ing0607-1
c0099,0.0,1.0,Ing0607-1
c0099,0.0,2.0,Ing0607-1
c0099,0.0,3.0,Ing0607-1
c0099,0.0,4.0,Ing0607-1
c0099,-1.0,4.0,Ing0607-1
c0099,3.0,3.0,Ing0607-1
c0099,10.0,4.0,Ing0607-1
c0099,4.0,4.0,Ing0607-1
c0105,0.0,10.0,Ing0607-1
c0105,,2.0,Ing0607-1
c0105,3.0,3.0,Ing0607-1
c0105,3.0,4.0,Ing0607-1
c0105,4.0,0.0,Ing0607-1
c0105,,-1.0,Ing0607-1
c0105,4.0,2.0,Ing0607-1
c0105,4.0,3.0,Ing0607-1
c0105,4.0,4.0,Ing0607-1
c0128,0.0,2.0,Ing0607-1
c0128,1.0,2.0,Ing0607-1
c0128,1.0,4.0,Ing0607-1
c0128,2.0,2.0,Ing0607-1
c0128,2.0,4.0,Ing0607-1
c0128,3.0,2.0,Ing0607-1
c0128,3.0,4.0,Ing0607-1
c0128,4.0,2.0,Ing0607-1
c0142,0.0,0.0,Ing0607-1
c0142,0.0,1.0,Ing0607-1
c8888,0.0,2.0,Ing0607-1
c0142,0.0,3.0,Ing0607-1
c0142,0.0,4.0,Ing0607-1
c0142,1.0,0.0,Ing0607-1
c0142,1.0,1.0,Ing0607-1
c0142,1.0,2.0,Ing0607-1
c0142,1.0,3.0,Ing0607-1
c8888,1.0,4.0,Ing0607-1
c8888,2.0,0.0,Ing0607-1
c0142,-1.0,1.0,Ing0607-1
c0142,-1.0,2.0,Ing0607-1
c0142,2.0,3.0,Ing0607-1
c0142,2.0,4.0,Ing0607-1
c0142,3.0,0.0,Ing0607-1
c0142,3.0,1.0,Ing0607-1
c0142,3.0,2.0,Ing0607-1
c0142,4.0,3.0,Ing0607-1
c8888,4.0,4.0,Ing0607-1
c8888,0.0,0.0,Ing0607-1
c0154,0.0,4.0,Ing0607-1
c0154,1.0,0.0,Ing0607-1
c0154,1.0,4.0,Ing0607-1
c0154,2.0,0.0,Ing0607-1
c0154,2.0,4.0,Ing0607-1
c0154,3.0,0.0,Ing0607-1
,3.0,2.0,Ing0607-1
c0154,-1.0,4.0,Ing0607-1
c0154,4.0,0.0,Ing0607-1
c0154,4.0,2.0,Ing0607-1
c0154,4.0,4.0,Ing0607-1
c0184,3.0,2.0,Ing0607-1
c0184,3.0,3.0,Ing0607-1
c0184,3.0,4.0,Ing0607-1
c0184,4.0,0.0,Ing0607-1
c0184,4.0,1.0,Ing0607-1
c0184,4.0,2.0,Ing0607-1
c0184,4.0,3.0,Ing0607-1
c0184,4.0,4.0,Ing0607-1
c0185,2.0,0.0,Ing0607-1
c0185,10.0,1.0,Ing0607-1
c0185,2.0,2.0,Ing0607-1
c0185,2.0,3.0,Ing0607-1
c0185,2.0,4.0,Ing0607-1
c0185,3.0,,Ing0607-1
c0199,3.0,2.0,Ing0607-1
c0199,3.0,3.0,Ing0607-1
c0199,3.0,4.0,Ing0607-1
c0199,4.0,0.0,Ing0607-1
c0199,4.0,1.0,Ing0607-1
c0199,10.0,2.0,Ing0607-1
c0199,4.0,3.0,Ing0607-1
c0199,4.0,4.0,Ing0607-1
c0202,0.0,0.0,Ing0607-1
c0202,1.0,0.0,Ing0607-1
c0202,2.0,0.0,Ing0607-1
c0202,3.0,0.0,Ing0607-1
c0202,4.0,0.0,Ing0607-1
c0212,0.0,2.0,Ing0607-1
c0212,1.0,2.0,Ing0607-1
c0212,1.0,3.0,Ing0607-1
c0212,2.0,2.0,Ing0607-1
c0212,3.0,2.0,Ing0607-1
c0212,4.0,2.0,Ing0607-1
,0.0,0.0,Ing0607-1
c0228,0.0,4.0,Ing0607-1
c0228,1.0,0.0,Ing0607-1
c8888,1.0,4.0,Ing0607-1
c0228,2.0,0.0,Ing0607-1
c0228,2.0,4.0,Ing0607-1
c0228,3.0,0.0,Ing0607-1
c0228,,4.0,Ing0607-1
c0228,4.0,10.0,Ing0607-1
c0228,4.0,4.0,Ing0607-1
c0231,0.0,0.0,Ing0607-1
c0231,0.0,2.0,Ing0607-1
c0231,1.0,2.0,Ing0607-1
c8888,2.0,2.0,Ing0607-1
c0231,3.0,2.0,Ing0607-1
c0231,4.0,0.0,Ing0607-1
c0231,4.0,2.0,Ing0607-1
c0231,4.0,4.0,Ing0607-1
c0261,3.0,2.0,Ing0607-1
c0261,3.0,3.0,Ing0607-1
c0261,3.0,4.0,Ing0607-1
c0261,4.0,0.0,Ing0607-1
c0261,4.0,1.0,Ing0607-1
c0261,4.0,2.0,Ing0607-1
,4.0,3.0,Ing0607-1
c0261,-1.0,4.0,Ing0607-1
c0281,0.0,4.0,Ing0607-1
c0281,1.0,4.0,Ing0607-1
c0281,2.0,4.0,Ing0607-1
c0281,3.0,4.0,Ing0607-1
c0281,4.0,4.0,Ing0607-1
c0417,0.0,-1.0,Ing0607-1
c0417,0.0,4.0,Ing0607-1
c0417,1.0,4.0,Ing0607-1
c0417,2.0,4.0,Ing0607-1
c0417,3.0,2.0,Ing0607-1
c0417,3.0,4.0,Ing0607-1
c0417,4.0,2.0,Ing0607-1
c0417,4.0,-1.0,Ing0607-1
c0427,1.0,4.0,Ing0607-1
c0427,2.0,4.0,Ing0607-1
c0427,3.0,4.0,Ing0607-1
c0427,4.0,0.0,Ing0607-1
c0427,4.0,1.0,Ing0607-1
c0427,4.0,2.0,Ing0607-1
c0427,-1.0,3.0,Ing0607-1
c0427,10.0,4.0,Ing0607-1
c0429,0.0,4.0,Ing0607-1
c0429,1.0,4.0,Ing0607-1
c0429,2.0,4.0,Ing0607-1
c0429,3.0,2.0,Ing0607-1
c0429,3.0,4.0,Ing0607-1
,4.0,2.0,Ing0607-1
c0429,4.0,3.0,Ing0607-1
c0429,4.0,4.0,Ing0607-1
c0433,0.0,2.0,Ing0607-1
c0433,1.0,2.0,Ing0607-1
c0433,2.0,2.0,Ing0607-1
c8888,3.0,2.0,Ing0607-1
c0433,4.0,2.0,Ing0607-1
c0439,0.0,2.0,Ing0607-1
c0439,1.0,2.0,Ing0607-1
c0439,2.0,2.0,Ing0607-1
c0439,3.0,2.0,Ing0607-1
c0439,4.0,2.0,Ing0607-1
c0440,0.0,0.0,Ing0607-1
c0440,0.0,1.0,Ing0607-1
c0440,0.0,2.0,Ing0607-1
c0440,0.0,3.0,Ing0607-1
c0440,0.0,4.0,Ing0607-1
c0440,1.0,-1.0,Ing0607-1
c0440,1.0,1.0,Ing0607-1
c0440,1.0,2.0,Ing0607-1
c0442,0.0,0.0,Ing0607-1
c0442,0.0,1.0,Ing0607-1
c8888,-1.0,2.0,Ing0607-1
c0442,0.0,3.0,Ing0607-1
c0442,0.0,4.0,Ing0607-1
c8888,4.0,2.0,Ing0607-1
c0442,10.0,3.0,Ing0607-1
c0442,4.0,4.0,Ing0607-1
c8888,3.0,2.0,Ing0607-1
c0450,3.0,3.0,Ing0607-1
c0450,3.0,4.0,Ing0607-1
c0450,4.0,0.0,Ing0607-1
c8888,4.0,1.0,Ing0607-1
c0450,4.0,2.0,Ing0607-1
c0450,4.0,3.0,Ing0607-1
c0450,4.0,4.0,Ing0607-1
c8888,0.0,0.0,Ing0607-1
c0452,0.0,1.0,Ing0607-1
c0452,0.0,2.0,Ing0607-1
c0452,0.0,3.0,Ing0607-1
c0452,0.0,4.0,Ing0607-1
c8888,2.0,2.0,Ing0607-1
c0452,2.0,3.0,Ing0607-1
c0452,2.0,4.0,Ing0607-1
c0452,,0.0,Ing0607-1
c0452,4.0,1.0,Ing0607-1
c0452,4.0,2.0,Ing0607-1
c0452,4.0,3.0,Ing0607-1
c8888,4.0,4.0,Ing0607-1
c0462,0.0,0.0,Ing0607-1
c0462,1.0,0.0,Ing0607-1
c0462,2.0,0.0,Ing0607-1
c0462,4.0,0.0,Ing0607-1
c0462,4.0,1.0,Ing0607-1
c0462,4.0,2.0,Ing0607-1
c0462,4.0,3.0,Ing0607-1
c0462,4.0,4.0,Ing0607-1
c0474,0.0,0.0,Ing0607-1
c8888,0.0,1.0,Ing0607-1
c8888,0.0,2.0,Ing0607-1
c0474,0.0,3.0,Ing0607-1
c0474,0.0,4.0,Ing0607-1
c8888,4.0,2.0,Ing0607-1
c0474,4.0,3.0,Ing0607-1
c8888,4.0,4.0,Ing0607-1
c0484,0.0,0.0,Ing0607-1
c0484,0.0,1.0,Ing0607-1
c0484,0.0,2.0,Ing0607-1
c0484,0.0,3.0,Ing0607-1
c0484,0.0,10.0,Ing0607-1
c0484,4.0,2.0,Ing0607-1
c0484,4.0,3.0,Ing0607-1
c0484,4.0,4.0,Ing0607-1
c0495,0.0,0.0,Ing0607-1
c0495,0.0,1.0,Ing0607-1
c0495,4.0,3.0,Ing0607-1
c0495,4.0,10.0,Ing0607-1
c0513,0.0,0.0,Ing0607-1
c8888,0.0,1.0,Ing0607-1
c0513,0.0,2.0,Ing0607-1
c0513,1.0,0.0,Ing0607-1
c0513,2.0,0.0,Ing0607-1
c0513,3.0,0.0,Ing0607-1
c0513,4.0,0.0,Ing0607-1
c0513,4.0,4.0,Ing0607-1
c0524,0.0,0.0,Ing0607-1
c8888,0.0,-1.0,Ing0607-1
c0524,0.0,2.0,Ing0607-1
c0524,0.0,3.0,Ing0607-1
c0524,0.0,4.0,Ing0607-1
c0524,1.0,-1.0,Ing0607-1
c0524,1.0,1.0,Ing0607-1
c0524,1.0,2.0,Ing0607-1
c0524,1.0,3.0,Ing0607-1
c0519,10.0,1.0,Ing0607-1
c0536,0.0,0.0,Ing0607-1
c0536,0.0,1.0,Ing0607-1
c0536,0.0,2.0,Ing0607-1
c0536,0.0,3.0,Ing0607-1
c0536,4.0,1.0,Ing0607-1
c0536,4.0,2.0,Ing0607-1
c0536,4.0,3.0,Ing0607-1
c0536,4.0,4.0,Ing0607-1
c0600,3.0,4.0,Ing0607-1
c0600,4.0,4.0,Ing0607-1
c0816,0.0,0.0,Ing0607-1
c0816,0.0,1.0,Ing0607-1
c0816,0.0,2.0,Ing0607-1
c0816,0.0,3.0,Ing0607-1
c0816,0.0,4.0,Ing0607-1
c0820,0.0,0.0,Ing0607-1
c8888,0.0,1.0,Ing0607-1
c0820,0.0,2.0,Ing0607-1
c0820,0.0,10.0,Ing0607-1
c0820,0.0,4.0,Ing0607-1
c0830,0.0,3.0,Ing0607-1
c0830,0.0,4.0,Ing0607-1
c0830,1.0,4.0,Ing0607-1
c0830,2.0,3.0,Ing0607-1
c0830,2.0,4.0,Ing0607-1
c0830,3.0,4.0,Ing0607-1
c0830,4.0,,Ing0607-1
c0830,4.0,4.0,Ing0607-1
c0836,0.0,2.0,Ing0607-1
c0836,1.0,2.0,Ing0607-1
c8888,2.0,0.0,Ing0607-1
c0836,2.0,1.0,Ing0607-1
c0836,2.0,2.0,Ing0607-1
c0836,,3.0,Ing0607-1
c0836,2.0,4.0,Ing0607-1
c0836,3.0,2.0,Ing0607-1
c0840,3.0,2.0,Ing0607-1
,4.0,2.0,Ing0607-1
c0840,4.0,4.0,Ing0607-1
c0846,3.0,2.0,Ing0607-1
c0846,4.0,2.0,Ing0607-1
c0846,4.0,4.0,Ing0607-1
c0852,3.0,2.0,Ing0607-1
c0852,3.0,3.0,Ing0607-1
c0852,3.0,4.0,Ing0607-1
c0852,4.0,0.0,Ing0607-1
c0852,4.0,1.0,Ing0607-1
c0852,4.0,2.0,Ing0607-1
c0852,10.0,3.0,Ing0607-1
c0852,4.0,4.0,Ing0607-1
c0881,0.0,0.0,Ing0607-1
c0881,0.0,2.0,Ing0607-1
c8888,1.0,2.0,Ing0607-1
c0881,1.0,4.0,Ing0607-1
c0881,2.0,0.0,Ing0607-1
c0881,3.0,0.0,Ing0607-1
c0881,4.0,0.0,Ing0607-1
c0881,4.0,1.0,Ing0607-1
c0881,4.0,2.0,Ing0607-1
c0881,4.0,3.0,Ing0607-1
c0881,4.0,4.0,Ing0607-1
c0896,3.0,2.0,Ing0607-1
c0896,4.0,2.0,Ing0607-1
c0896,4.0,4.0,Ing0607-1
c0899,1.0,0.0,Ing0607-1
c0899,1.0,1.0,Ing0607-1
c0899,1.0,2.0,Ing0607-1
c0899,2.0,-1.0,Ing0607-1
c0899,2.0,4.0,Ing0607-1
c0899,3.0,0.0,Ing0607-1
c0899,3.0,1.0,Ing0607-1
c0899,3.0,2.0,Ing0607-1
c0899,4.0,2.0,Ing0607-1
c0899,4.0,4.0,Ing0607-1
c0935,0.0,0.0,Ing0607-1
c8888,0.0,1.0,Ing0607-1
c0935,0.0,2.0,Ing0607-1
c0935,,3.0,Ing0607-1
c0935,0.0,4.0,Ing0607-1
c0935,4.0,-1.0,Ing0607-1
c0935,4.0,3.0,Ing0607-1
c0935,4.0,4.0,Ing0607-1
c1009,0.0,0.0,Ing0607-1
c1009,1.0,1.0,Ing0607-1
c1009,1.0,2.0,Ing0607-1
c1009,1.0,3.0,Ing0607-1
c1009,10.0,4.0,Ing0607-1
c8888,2.0,0.0,Ing0607-1
c1009,2.0,1.0,Ing0607-1
c1009,2.0,2.0,Ing0607-1
c8888,2.0,3.0,Ing0607-1
c1009,2.0,4.0,Ing0607-1
c1009,3.0,0.0,Ing0607-1
c1009,3.0,1.0,Ing0607-1
c1009,3.0,2.0,Ing0607-1
c1009,3.0,3.0,Ing0607-1
c1009,3.0,4.0,Ing0607-1
c1009,4.0,10.0,Ing0607-1
c1009,4.0,1.0,Ing0607-1
c1009,4.0,2.0,Ing0607-1
c1009,4.0,3.0,Ing0607-1
c1009,4.0,4.0,Ing0607-1
c1013,0.0,4.0,Ing0607-1
c1013,1.0,4.0,Ing0607-1
c1013,2.0,4.0,Ing0607-1
c1013,3.0,4.0,Ing0607-1
c8888,4.0,4.0,Ing0607-1
c1031,0.0,2.0,Ing0607-1
c1031,1.0,2.0,Ing0607-1
c1031,2.0,2.0,Ing0607-1
c1031,3.0,2.0,Ing0607-1
c1031,4.0,2.0,Ing0607-1
c1031,4.0,3.0,Ing0607-1
c1031,4.0,4.0,Ing0607-1
c1033,0.0,1.0,Ing0607-1
c1033,0.0,2.0,Ing0607-1
c1033,0.0,-1.0,Ing0607-1
c1033,0.0,10.0,Ing0607-1
c1033,1.0,1.0,Ing0607-1
c1033,-1.0,2.0,Ing0607-1
c1033,1.0,3.0,Ing0607-1
c1033,1.0,4.0,Ing0607-1
c1033,-1.0,1.0,Ing0607-1
c1033,2.0,2.0,Ing0607-1
c1033,2.0,3.0,Ing0607-1
c8888,2.0,4.0,Ing0607-1
c1033,3.0,1.0,Ing0607-1
c1033,3.0,2.0,Ing0607-1
c8888,3.0,3.0,Ing0607-1
c1033,3.0,4.0,Ing0607-1
c1033,4.0,1.0,Ing0607-1
c1033,4.0,2.0,Ing0607-1
c1033,4.0,3.0,Ing0607-1
c1033,4.0,4.0,Ing0607-1
c1067,0.0,0.0,Ing0607-1
c1067,0.0,1.0,Ing0607-1
c1067,0.0,2.0,Ing0607-1
c8888,0.0,3.0,Ing0607-1
,0.0,4.0,Ing0607-1
c1067,4.0,2.0,Ing0607-1
c1067,4.0,3.0,Ing0607-1
c1067,4.0,4.0,Ing0607-1
c1068,0.0,0.0,Ing0607-1
c1068,0.0,1.0,Ing0607-1
c1068,0.0,2.0,Ing0607-1
c1068,0.0,3.0,Ing0607-1
c1068,4.0,1.0,Ing0607-1
c1068,4.0,-1.0,Ing0607-1
c1068,4.0,3.0,Ing0607-1
c1068,4.0,4.0,Ing0607-1
c1089,0.0,2.0,Ing0607-1
c1089,1.0,2.0,Ing0607-1
c1089,2.0,2.0,Ing0607-1
c1089,3.0,2.0,Ing0607-1
c1089,-1.0,2.0,Ing0607-1
c1089,4.0,3.0,Ing0607-1
c1089,4.0,4.0,Ing0607-1
c1020,0.0,0.0,Ing0607-1
c1020,0.0,1.0,Ing0607-1
c1020,0.0,2.0,Ing0607-1
c1020,0.0,3.0,Ing0607-1
c1020,0.0,4.0,Ing0607-1
c1020,4.0,2.0,Ing0607-1
c8888,4.0,3.0,Ing0607-1
c1020,4.0,4.0,Ing0607-1
c8888,0.0,0.0,Ing0607-1
c1058,0.0,1.0,Ing0607-1
c1058,0.0,2.0,Ing0607-1
c1058,0.0,3.0,Ing0607-1
c1058,0.0,4.0,Ing0607-1
c1058,4.0,2.0,Ing0607-1
c1058,4.0,-1.0,Ing0607-1
c1058,4.0,4.0,Ing0607-1
c0006,,0.0,Ing0405-1
c0006,1.0,0.0,Ing0405-1
c0006,2.0,0.0,Ing0405-1
c8888,3.0,0.0,Ing0405-1
c0006,4.0,0.0,Ing0405-1
c8888,4.0,4.0,Ing0405-1
c0011,1.0,0.0,Ing0405-1
c0011,1.0,1.0,Ing0405-1
c0011,1.0,2.0,Ing0405-1
c0011,1.0,3.0,Ing0405-1
c0011,1.0,4.0,Ing0405-1
c0011,2.0,2.0,Ing0405-1
c0011,3.0,2.0,Ing0405-1
c0011,4.0,2.0,Ing0405-1
c0018,0.0,0.0,Ing0405-1
c0018,0.0,1.0,Ing0405-1
c0018,0.0,2.0,Ing0405-1
c0018,0.0,3.0,Ing0405-1
c0018,0.0,4.0,Ing0405-1
c0018,4.0,2.0,Ing0405-1
c0018,4.0,10.0,Ing0405-1
c0018,4.0,4.0,Ing0405-1
c0026,0.0,2.0,Ing0405-1
c0026,1.0,,Ing0405-1
c0026,2.0,2.0,Ing0405-1
c0026,3.0,2.0,Ing0405-1
c0026,4.0,2.0,Ing0405-1
c0027,0.0,10.0,Ing0405-1
c0027,10.0,1.0,Ing0405-1
c0027,0.0,2.0,Ing0405-1
c0027,3.0,0.0,Ing0405-1
c8888,3.0,1.0,Ing0405-1
c0027,3.0,2.0,Ing0405-1
c0027,3.0,3.0,Ing0405-1
c0027,3.0,4.0,Ing0405-1
c0027,4.0,0.0,Ing0405-1
c0027,4.0,1.0,Ing0405-1
c0027,4.0,2.0,Ing0405-1
c0027,4.0,3.0,Ing0405-1
c0027,4.0,4.0,Ing0405-1
c0050,0.0,0.0,Ing0405-1
c0050,0.0,1.0,Ing0405-1
c0050,0.0,2.0,Ing0405-1
c0050,0.0,3.0,Ing0405-1
c0050,0.0,4.0,Ing0405-1
c0050,1.0,0.0,Ing0405-1
,1.0,1.0,Ing0405-1
c0050,1.0,2.0,Ing0405-1
c0050,1.0,3.0,Ing0405-1
c0050,1.0,4.0,Ing0405-1
c0050,2.0,0.0,Ing0405-1
c0050,2.0,1.0,Ing0405-1
c0050,2.0,2.0,Ing0405-1
c0050,2.0,3.0,Ing0405-1
c0050,2.0,4.0,Ing0405-1
c0050,3.0,0.0,Ing0405-1
c0050,3.0,1.0,Ing0405-1
c0050,3.0,2.0,Ing0405-1
c0051,1.0,2.0,Ing0405-1
c0051,1.0,3.0,Ing0405-1
c0051,1.0,4.0,Ing0405-1
c0051,3.0,2.0,Ing0405-1
c0051,3.0,3.0,Ing0405-1
c8888,-1.0,4.0,Ing0405-1
c0051,4.0,3.0,Ing0405-1
c0051,4.0,4.0,Ing0405-1
c0059,0.0,0.0,Ing0405-1
c8888,1.0,0.0,Ing0405-1
c0059,2.0,0.0,Ing0405-1
c0059,3.0,0.0,Ing0405-1
c0059,3.0,1.0,Ing0405-1
c0059,3.0,2.0,Ing0405-1
c0059,3.0,3.0,Ing0405-1
c0059,3.0,4.0,Ing0405-1
c0064,0.0,0.0,Ing0405-1
c0064,0.0,1.0,Ing0405-1
c0064,0.0,2.0,Ing0405-1
c0064,0.0,3.0,Ing0405-1
c8888,0.0,4.0,Ing0405-1
c0064,4.0,1.0,Ing0405-1
c0064,4.0,2.0,Ing0405-1
c0073,0.0,0.0,Ing0405-1
c8888,0.0,1.0,Ing0405-1
c8888,0.0,,Ing0405-1
c0073,-1.0,3.0,Ing0405-1
c0073,0.0,4.0,Ing0405-1
c0073,,0.0,Ing0405-1
c0073,4.0,1.0,Ing0405-1
c0073,4.0,2.0,Ing0405-1
c0073,,3.0,Ing0405-1
c0073,4.0,4.0,Ing0405-1
c0080,0.0,0.0,Ing0405-1
c8888,0.0,1.0,Ing0405-1
c0080,0.0,2.0,Ing0405-1
c0080,-1.0,3.0,Ing0405-1
c0080,0.0,4.0,Ing0405-1
c0080,2.0,2.0,Ing0405-1
c0080,2.0,3.0,Ing0405-1
c8888,2.0,4.0,Ing0405-1
c0097,0.0,0.0,Ing0405-1
c0097,0.0,1.0,Ing0405-1
c0097,0.0,2.0,Ing0405-1
c0097,0.0,3.0,Ing0405-1
c0097,0.0,4.0,Ing0405-1
c0097,4.0,0.0,Ing0405-1
c0097,4.0,1.0,Ing0405-1
c0097,4.0,2.0,Ing0405-1
c0097,4.0,3.0,Ing0405-1
c0097,4.0,4.0,Ing0405-1
c0099,1.0,0.0,Ing0405-1
c0099,1.0,1.0,Ing0405-1
c0099,1.0,2.0,Ing0405-1
c0099,1.0,-1.0,Ing0405-1
c0099,1.0,4.0,Ing0405-1
c0099,2.0,3.0,Ing0405-1
c0099,3.0,3.0,Ing0405-1
c0099,3.0,4.0,Ing0405-1
c0101,0.0,0.0,Ing0405-1
c0101,0.0,1.0,Ing0405-1
c0101,0.0,2.0,Ing0405-1
c0101,0.0,10.0,Ing0405-1
c0101,0.0,4.0,Ing0405-1
c0101,4.0,0.0,Ing0405-1
c0101,4.0,1.0,Ing0405-1
c8888,4.0,2.0,Ing0405-1
c0101,4.0,3.0,Ing0405-1
c8888,4.0,4.0,Ing0405-1
c0105,0.0,0.0,Ing0405-1
c0105,0.0,1.0,Ing0405-1
c0105,0.0,2.0,Ing0405-1
c0105,3.0,3.0,Ing0405-1
c0105,3.0,4.0,Ing0405-1
c0105,4.0,0.0,Ing0405-1
c0105,4.0,1.0,Ing0405-1
c0105,4.0,2.0,Ing0405-1
c8888,4.0,3.0,Ing0405-1
c0105,4.0,4.0,Ing0405-1
c0109,0.0,2.0,Ing0405-1
c0109,1.0,2.0,Ing0405-1
c0109,2.0,2.0,Ing0405-1
,3.0,2.0,Ing0405-1
c0109,4.0,2.0,Ing0405-1
c0128,0.0,2.0,Ing0405-1
c0128,0.0,4.0,Ing0405-1
c0128,1.0,2.0,Ing0405-1
c0128,1.0,4.0,Ing0405-1
c0128,2.0,2.0,Ing0405-1
c0128,3.0,2.0,Ing0405-1
c0128,3.0,4.0,Ing0405-1
c0128,4.0,2.0,Ing0405-1
c0137,0.0,2.0,Ing0405-1
c0137,1.0,2.0,Ing0405-1
c0137,2.0,2.0,Ing0405-1
c8888,3.0,2.0,Ing0405-1
c8888,4.0,0.0,Ing0405-1
c0137,4.0,1.0,Ing0405-1
c0137,4.0,2.0,Ing0405-1
c8888,4.0,10.0,Ing0405-1
c8888,-1.0,4.0,Ing0405-1
c0142,0.0,0.0,Ing0405-1
c0142,0.0,1.0,Ing0405-1
c0142,0.0,2.0,Ing0405-1
c0142,0.0,10.0,Ing0405-1
c0142,0.0,4.0,Ing0405-1
c0142,1.0,0.0,Ing0405-1
c0142,1.0,1.0,Ing0405-1
c0142,1.0,2.0,Ing0405-1
c0142,1.0,3.0,Ing0405-1
c0142,1.0,4.0,Ing0405-1
c0142,2.0,0.0,Ing0405-1
c0142,2.0,1.0,Ing0405-1
c0142,-1.0,2.0,Ing0405-1
c8888,2.0,3.0,Ing0405-1
,2.0,4.0,Ing0405-1
c0154,0.0,2.0,Ing0405-1
c0154,0.0,3.0,Ing0405-1
,0.0,4.0,Ing0405-1
c0154,1.0,2.0,Ing0405-1
c0154,1.0,3.0,Ing0405-1
c0154,1.0,4.0,Ing0405-1
c0154,4.0,4.0,Ing0405-1
c0180,0.0,0.0,Ing0405-1
c0180,1.0,0.0,Ing0405-1
c0180,2.0,0.0,Ing0405-1
c0180,3.0,0.0,Ing0405-1
c0180,4.0,0.0,Ing0405-1
c0180,4.0,4.0,Ing0405-1
c0184,3.0,0.0,Ing0405-1
c0184,3.0,1.0,Ing0405-1
c0184,3.0,2.0,Ing0405-1
c8888,3.0,3.0,Ing0405-1
c0184,3.0,4.0,Ing0405-1
c0184,4.0,0.0,Ing0405-1
c0184,4.0,1.0,Ing0405-1
c0184,4.0,2.0,Ing0405-1
c0184,4.0,3.0,Ing0405-1
c0184,4.0,4.0,Ing0405-1
c0185,3.0,2.0,Ing0405-1
c8888,3.0,3.0,Ing0405-1
c0185,4.0,0.0,Ing0405-1
c0185,4.0,1.0,Ing0405-1
c0185,4.0,2.0,Ing0405-1
c0185,4.0,3.0,Ing0405-1
c0185,4.0,4.0,Ing0405-1
c0199,3.0,2.0,Ing0405-1
c0199,10.0,3.0,Ing0405-1
c0199,3.0,4.0,Ing0405-1
c0199,10.0,0.0,Ing0405-1
c0199,4.0,1.0,Ing0405-1
c0199,4.0,2.0,Ing0405-1
c0199,4.0,3.0,Ing0405-1
c0199,4.0,4.0,Ing0405-1
c0212,0.0,2.0,Ing0405-1
c0212,1.0,2.0,Ing0405-1
c0212,2.0,2.0,Ing0405-1
c0212,3.0,2.0,Ing0405-1
c0212,4.0,2.0,Ing0405-1
c0228,0.0,0.0,Ing0405-1
c0228,0.0,4.0,Ing0405-1
c0228,1.0,10.0,Ing0405-1
c0228,2.0,0.0,Ing0405-1
c0228,3.0,0.0,Ing0405-1
c0228,3.0,,Ing0405-1
c0228,4.0,0.0,Ing0405-1
c0228,4.0,4.0,Ing0405-1
c0231,0.0,0.0,Ing0405-1
c0231,0.0,2.0,Ing0405-1
c0231,1.0,2.0,Ing0405-1
c0231,2.0,0.0,Ing0405-1
c0231,2.0,2.0,Ing0405-1
c0231,3.0,2.0,Ing0405-1
c0231,4.0,0.0,Ing0405-1
c8888,4.0,2.0,Ing0405-1
c0830,0.0,0.0,Ing0405-1
c8888,0.0,1.0,Ing0405-1
c0830,0.0,2.0,Ing0405-1
c0830,0.0,3.0,Ing0405-1
c0830,0.0,4.0,Ing0405-1
c0830,1.0,0.0,Ing0405-1
c0830,10.0,0.0,Ing0405-1
c0830,4.0,0.0,Ing0405-1
c0836,0.0,0.0,Ing0405-1
c0836,0.0,1.0,Ing0405-1
c0836,0.0,-1.0,Ing0405-1
c0836,0.0,3.0,Ing0405-1
c0836,0.0,4.0,Ing0405-1
c0836,1.0,0.0,Ing0405-1
c8888,,1.0,Ing0405-1
c0836,1.0,2.0,Ing0405-1
c0881,0.0,-1.0,Ing0405-1
c0881,0.0,1.0,Ing0405-1
c0881,0.0,2.0,Ing0405-1
c0881,0.0,3.0,Ing0405-1
c0881,0.0,4.0,Ing0405-1
c0881,1.0,2.0,Ing0405-1
c0881,1.0,4.0,Ing0405-1
c0881,2.0,2.0,Ing0405-1
c0881,4.0,2.0,Ing0405-1
c0896,2.0,0.0,Ing0405-1
c0896,2.0,1.0,Ing0405-1
c0896,2.0,2.0,Ing0405-1
c0896,10.0,3.0,Ing0405-1
c0896,2.0,4.0,Ing0405-1
c0896,4.0,0.0,Ing0405-1
c0896,4.0,1.0,Ing0405-1
c0896,4.0,2.0,Ing0405-1
c0896,4.0,3.0,Ing0405-1
c0896,4.0,-1.0,Ing0405-1
c0898,1.0,4.0,Ing0405-1
c8888,4.0,4.0,Ing0405-1
c0935,4.0,,Ing0405-1
c0935,4.0,1.0,Ing0405-1
c8888,4.0,2.0,Ing0405-1
c0935,4.0,3.0,Ing0405-1
c8888,4.0,4.0,Ing0405-1
c0261,2.0,2.0,Ing0405-1
c0261,2.0,3.0,Ing0405-1
c0261,2.0,4.0,Ing0405-1
c8888,3.0,0.0,Ing0405-1
c0261,3.0,1.0,Ing0405-1
,3.0,10.0,Ing0405-1
c0261,3.0,3.0,Ing0405-1
c0261,3.0,10.0,Ing0405-1
c8888,0.0,4.0,Ing0405-1
c0281,1.0,4.0,Ing0405-1
c0281,2.0,4.0,Ing0405-1
c0281,3.0,4.0,Ing0405-1
c0281,4.0,4.0,Ing0405-1
c0417,0.0,2.0,Ing0405-1
c0417,0.0,3.0,Ing0405-1
c0417,1.0,2.0,Ing0405-1
c0417,1.0,3.0,Ing0405-1
c0417,2.0,2.0,Ing0405-1
c8888,2.0,3.0,Ing0405-1
c0417,3.0,2.0,Ing0405-1
c0417,4.0,2.0,Ing0405-1
c0427,1.0,4.0,Ing0405-1
c0427,2.0,4.0,Ing0405-1
c0427,3.0,4.0,Ing0405-1
c8888,4.0,0.0,Ing0405-1
c0427,4.0,1.0,Ing0405-1
c0427,4.0,2.0,Ing0405-1
c0427,4.0,3.0,Ing0405-1
c0427,4.0,4.0,Ing0405-1
c0433,0.0,2.0,Ing0405-1
c0433,1.0,2.0,Ing0405-1
c0433,2.0,2.0,Ing0405-1
c0433,3.0,2.0,Ing0405-1
c0433,4.0,0.0,Ing0405-1
c0433,4.0,1.0,Ing0405-1
c0433,4.0,2.0,Ing0405-1
c0433,4.0,3.0,Ing0405-1
c0433,4.0,4.0,Ing0405-1
c0440,0.0,0.0,Ing0405-1
c0440,0.0,1.0,Ing0405-1
c0440,0.0,2.0,Ing0405-1
c0440,0.0,3.0,Ing0405-1
c8888,0.0,4.0,Ing0405-1
c0440,1.0,0.0,Ing0405-1
c0440,1.0,1.0,Ing0405-1
c0440,1.0,2.0,Ing0405-1
c0442,0.0,0.0,Ing0405-1
c0442,0.0,1.0,Ing0405-1
c0442,0.0,2.0,Ing0405-1
c0442,0.0,3.0,Ing0405-1
c0442,0.0,4.0,Ing0405-1
c0442,4.0,2.0,Ing0405-1
c0442,4.0,3.0,Ing0405-1
c0442,4.0,4.0,Ing0405-1
c0450,3.0,0.0,Ing0405-1
c0450,3.0,1.0,Ing0405-1
c8888,3.0,2.0,Ing0405-1
c0450,3.0,3.0,Ing0405-1
c0450,3.0,4.0,Ing0405-1
c8888,4.0,0.0,Ing0405-1
c0450,4.0,10.0,Ing0405-1
c0450,4.0,2.0,Ing0405-1
c0450,-1.0,3.0,Ing0405-1
c0450,4.0,4.0,Ing0405-1
c0474,0.0,0.0,Ing0405-1
c0474,0.0,1.0,Ing0405-1
c0474,0.0,2.0,Ing0405-1
c0474,0.0,3.0,Ing0405-1
c0474,0.0,4.0,Ing0405-1
c0474,4.0,2.0,Ing0405-1
c0474,4.0,3.0,Ing0405-1
c0474,4.0,10.0,Ing0405-1
c0481,0.0,0.0,Ing0405-1
c0481,0.0,1.0,Ing0405-1
c0481,0.0,2.0,Ing0405-1
c0481,0.0,3.0,Ing0405-1
c0481,0.0,10.0,Ing0405-1
c0481,1.0,0.0,Ing0405-1
c0481,4.0,0.0,Ing0405-1
c0481,4.0,1.0,Ing0405-1
c0481,4.0,2.0,Ing0405-1
c0481,4.0,3.0,Ing0405-1
c0481,4.0,4.0,Ing0405-1
c0484,0.0,0.0,Ing0405-1
c8888,,1.0,Ing0405-1
c0484,0.0,2.0,Ing0405-1
c0484,0.0,3.0,Ing0405-1
c0484,0.0,4.0,Ing0405-1
,1.0,0.0,Ing0405-1
c0484,1.0,1.0,Ing0405-1
c0484,1.0,2.0,Ing0405-1
c0484,1.0,3.0,Ing0405-1
c0484,-1.0,4.0,Ing0405-1
c0485,0.0,0.0,Ing0405-1
c0485,10.0,1.0,Ing0405-1
c0485,0.0,2.0,Ing0405-1
c0485,0.0,3.0,Ing0405-1
c0485,4.0,1.0,Ing0405-1
c0485,4.0,-1.0,Ing0405-1
c0485,4.0,3.0,Ing0405-1
c0485,4.0,4.0,Ing0405-1
c0489,0.0,2.0,Ing0405-1
c0489,0.0,3.0,Ing0405-1
c0489,0.0,4.0,Ing0405-1
c0489,2.0,2.0,Ing0405-1
c0489,2.0,3.0,Ing0405-1
c0489,2.0,-1.0,Ing0405-1
c0513,0.0,-1.0,Ing0405-1
c8888,0.0,1.0,Ing0405-1
c0513,0.0,2.0,Ing0405-1
c0513,1.0,0.0,Ing0405-1
c0513,2.0,0.0,Ing0405-1
,3.0,0.0,Ing0405-1
c0513,4.0,0.0,Ing0405-1
c0513,4.0,4.0,Ing0405-1
c0519,0.0,2.0,Ing0405-1
c0519,1.0,2.0,Ing0405-1
c0519,2.0,2.0,Ing0405-1
c0519,3.0,2.0,Ing0405-1
c0519,3.0,4.0,Ing0405-1
c0519,4.0,2.0,Ing0405-1
c8888,4.0,3.0,Ing0405-1
c0519,4.0,4.0,Ing0405-1
c1009,0.0,2.0,Ing0405-1
c1009,0.0,3.0,Ing0405-1
c1009,10.0,4.0,Ing0405-1
c1009,2.0,2.0,Ing0405-1
c1009,2.0,3.0,Ing0405-1
c1009,2.0,,Ing0405-1
c1013,0.0,1.0,Ing0405-1
c1013,4.0,1.0,Ing0405-1
c1024,0.0,,Ing0405-1
c1024,1.0,2.0,Ing0405-1
c1024,2.0,2.0,Ing0405-1
c1024,3.0,2.0,Ing0405-1
c1024,4.0,2.0,Ing0405-1
c1031,4.0,2.0,Ing0405-1
c1031,4.0,3.0,Ing0405-1
c1031,4.0,4.0,Ing0405-1
c1033,0.0,1.0,Ing0405-1
c1033,0.0,2.0,Ing0405-1
c1033,0.0,3.0,Ing0405-1
c1033,0.0,4.0,Ing0405-1
c1033,1.0,1.0,Ing0405-1
c1033,1.0,2.0,Ing0405-1
c1033,1.0,3.0,Ing0405-1
c1033,1.0,4.0,Ing0405-1
c1033,2.0,1.0,Ing0405-1
c8888,2.0,2.0,Ing0405-1
c8888,2.0,3.0,Ing0405-1
c1033,2.0,4.0,Ing0405-1
c1033,3.0,1.0,Ing0405-1
c1033,3.0,2.0,Ing0405-1
c1033,3.0,3.0,Ing0405-1
c1033,3.0,4.0,Ing0405-1
c8888,4.0,1.0,Ing0405-1
c1033,4.0,2.0,Ing0405-1
c1033,4.0,3.0,Ing0405-1
c1033,4.0,4.0,Ing0405-1
c1042,0.0,2.0,Ing0405-1
c1042,0.0,3.0,Ing0405-1
c1042,1.0,,Ing0405-1
c1042,1.0,3.0,Ing0405-1
c1042,2.0,2.0,Ing0405-1
c1042,2.0,-1.0,Ing0405-1
c1042,3.0,2.0,Ing0405-1
c1042,4.0,2.0,Ing0405-1
c0524,0.0,0.0,Ing0405-1
c0524,0.0,1.0,Ing0405-1
c0524,0.0,2.0,Ing0405-1
c0524,10.0,3.0,Ing0405-1
c0524,0.0,4.0,Ing0405-1
c0524,4.0,0.0,Ing0405-1
c0524,4.0,1.0,Ing0405-1
c0524,4.0,2.0,Ing0405-1
c8888,4.0,3.0,Ing0405-1
c0524,4.0,4.0,Ing0405-1
c0600,2.0,2.0,Ing0405-1
c0600,2.0,3.0,Ing0405-1
c8888,2.0,4.0,Ing0405-1
c0600,3.0,0.0,Ing0405-1
c0600,3.0,1.0,Ing0405-1
c0600,3.0,2.0,Ing0405-1
c0600,3.0,3.0,Ing0405-1
c0600,3.0,4.0,Ing0405-1
c0724,0.0,0.0,Ing0405-1
c0724,0.0,10.0,Ing0405-1
c0724,0.0,2.0,Ing0405-1
c0724,1.0,0.0,Ing0405-1
c8888,2.0,0.0,Ing0405-1
c0724,3.0,-1.0,Ing0405-1
c0724,4.0,0.0,Ing0405-1
c0724,4.0,4.0,Ing0405-1
c0767,0.0,2.0,Ing0405-1
c8888,1.0,2.0,Ing0405-1
c0767,2.0,2.0,Ing0405-1
c0767,3.0,2.0,Ing0405-1
c0767,4.0,0.0,Ing0405-1
c0767,4.0,1.0,Ing0405-1
c0767,4.0,2.0,Ing0405-1
c0767,4.0,3.0,Ing0405-1
c0767,4.0,4.0,Ing0405-1
c0793,0.0,0.0,Ing0405-1
c0793,0.0,1.0,Ing0405-1
c0793,0.0,10.0,Ing0405-1
c0793,3.0,0.0,Ing0405-1
c8888,3.0,1.0,Ing0405-1
c0793,3.0,2.0,Ing0405-1
c0793,3.0,3.0,Ing0405-1
c0793,3.0,4.0,Ing0405-1
c0793,4.0,0.0,Ing0405-1
c8888,4.0,1.0,Ing0405-1
c8888,4.0,2.0,Ing0405-1
c0793,4.0,3.0,Ing0405-1
c8888,4.0,4.0,Ing0405-1
c8888,0.0,-1.0,Ing0405-1
c0803,1.0,2.0,Ing0405-1
c0803,2.0,2.0,Ing0405-1
c0803,3.0,2.0,Ing0405-1
c0803,4.0,-1.0,Ing0405-1
c0806,0.0,0.0,Ing0405-1
c0806,0.0,1.0,Ing0405-1
c0806,0.0,2.0,Ing0405-1
c0806,1.0,0.0,Ing0405-1
c0806,1.0,1.0,Ing0405-1
c0806,1.0,2.0,Ing0405-1
c0806,2.0,0.0,Ing0405-1
c0806,2.0,-1.0,Ing0405-1
c0806,2.0,2.0,Ing0405-1
c0806,3.0,0.0,Ing0405-1
c0806,3.0,1.0,Ing0405-1
c0806,3.0,-1.0,Ing0405-1
c0806,10.0,0.0,Ing0405-1
c0806,,1.0,Ing0405-1
c0806,4.0,2.0,Ing0405-1
c1020,0.0,0.0,Ing0405-1
c1020,0.0,1.0,Ing0405-1
c1020,0.0,2.0,Ing0405-1
c1020,0.0,3.0,Ing0405-1
c1020,0.0,4.0,Ing0405-1
c1020,1.0,0.0,Ing0405-1
c8888,4.0,0.0,Ing0405-1
c1020,4.0,1.0,Ing0405-1
c1020,4.0,2.0,Ing0405-1
c8888,4.0,3.0,Ing0405-1
c1020,4.0,-1.0,Ing0405-1
c1058,0.0,0.0,Ing0405-1
c1058,0.0,1.0,Ing0405-1
c1058,0.0,2.0,Ing0405-1
c1058,-1.0,3.0,Ing0405-1
c1058,0.0,4.0,Ing0405-1
c1058,4.0,0.0,Ing0405-1
,4.0,-1.0,Ing0405-1
c1058,4.0,2.0,Ing0405-1
c1058,4.0,3.0,Ing0405-1
c1058,4.0,4.0,Ing0405-1
c0821,,0.0,Ing0405-1
c8888,0.0,10.0,Ing0405-1
c0821,0.0,2.0,Ing0405-1
c0821,-1.0,0.0,Ing0405-1
c0821,1.0,1.0,Ing0405-1
c0821,1.0,2.0,Ing0405-1
c0821,10.0,4.0,Ing0405-1
c0821,2.0,-1.0,Ing0405-1
c0821,2.0,1.0,Ing0405-1
c0821,2.0,2.0,Ing0405-1
c0821,2.0,4.0,Ing0405-1
c0821,3.0,0.0,Ing0405-1
c8888,3.0,1.0,Ing0405-1
c0821,3.0,2.0,Ing0405-1
c0821,4.0,0.0,Ing0405-1
c0821,4.0,1.0,Ing0405-1
c0821,-1.0,2.0,Ing0405-1
LET-STO-StoMed2,0.0,5.0,Let0304-1
LET-STO-StoMed2,1.0,5.0,Let0304-1
LET-STO-StoMed2,4.0,5.0,Let0304-1
LET-STO-StoMed2,5.0,2.0,Let0304-1
LET-STO-StoMed2,5.0,3.0,Let0304-1
LET-STO-StoMed2,5.0,4.0,Let0304-1
LET-STO-StoMed2,5.0,5.0,Let0304-1
LET-STO-StoMed1,0.0,5.0,Let0304-1
LET-STO-StoMed1,1.0,5.0,Let0304-1
LET-STO-StoMed1,4.0,5.0,Let0304-1
LET-STO-StoMed1,5.0,2.0,Let0304-1
LET-STO-StoMed1,5.0,3.0,Let0304-1
LET-STO-StoMed1,5.0,4.0,Let0304-1
LET-STO-StoMed1,5.0,5.0,Let0304-1
LET-ITA-LinIta,0.0,5.0,Let0304-1
LET-ITA-LinIta,,5.0,Let0304-1
LET-ITA-LinIta,4.0,5.0,Let0304-1
c8888,5.0,2.0,Let0304-1
LET-ITA-LinIta,10.0,3.0,Let0304-1
LET-ITA-LinIta,5.0,4.0,Let0304-1
LET-ITA-LinIta,5.0,5.0,Let0304-1
LET-ITA-LetIta2,0.0,5.0,Let0304-1
LET-ITA-LetIta2,1.0,-1.0,Let0304-1
LET-ITA-LetIta2,4.0,5.0,Let0304-1
LET-ITA-LetIta2,5.0,2.0,Let0304-1
LET-ITA-LetIta2,5.0,3.0,Let0304-1
LET-ITA-LetIta2,5.0,4.0,Let0304-1
LET-ITA-LetIta2,5.0,5.0,Let0304-1
LET-ITA-EleLinGenFil,0.0,0.0,Let0304-1
LET-ITA-EleLinGenFil,0.0,1.0,Let0304-1
LET-ITA-EleLinGenFil,0.0,2.0,Let0304-1
LET-ITA-EleLinGenFil,0.0,5.0,Let0304-1
LET-ITA-EleLinGenFil,1.0,5.0,Let0304-1
c8888,10.0,3.0,Let0304-1
LET-ITA-EleLinGenFil,2.0,4.0,Let0304-1
LET-ITA-EleLinGenFil,2.0,5.0,Let0304-1
LET-ITA-EleLinGenFil,3.0,0.0,Let0304-1
c8888,-1.0,1.0,Let0304-1
LET-ITA-EleLinGenFil,3.0,2.0,Let0304-1
LET-ITA-EleLinGenFil,3.0,3.0,Let0304-1
LET-ITA-EleLinGenFil,3.0,4.0,Let0304-1
LET-ITA-EleLinGenFil,3.0,5.0,Let0304-1
LET-ITA-EleLinGenFil,4.0,0.0,Let0304-1
LET-ITA-EleLinGenFil,4.0,1.0,Let0304-1
c8888,4.0,2.0,Let0304-1
c8888,4.0,3.0,Let0304-1
LET-ITA-EleLinGenFil,4.0,4.0,Let0304-1
LET-ITA-EleLinGenFil,4.0,5.0,Let0304-1
LET-ITA-EleLinGenFil,5.0,0.0,Let0304-1
c8888,5.0,1.0,Let0304-1
LET-ITA-EleLinGenFil,5.0,10.0,Let0304-1
LET-ITA-EleLinGenFil,5.0,3.0,Let0304-1
LET-ITA-EleLinGenFil,5.0,4.0,Let0304-1
LET-ITA-EleLinGenFil,5.0,5.0,Let0304-1
LET-GEO-StoCriCin,0.0,0.0,Let0304-1
c8888,0.0,1.0,Let0304-1
LET-GEO-StoCriCin,0.0,2.0,Let0304-1
LET-GEO-StoCriCin,0.0,3.0,Let0304-1
LET-GEO-StoCriCin,0.0,4.0,Let0304-1
LET-GEO-StoCriCin,0.0,5.0,Let0304-1
LET-GEO-StoCriCin,1.0,0.0,Let0304-1
LET-GEO-StoCriCin,1.0,1.0,Let0304-1
LET-GEO-StoCriCin,1.0,2.0,Let0304-1
LET-GEO-StoCriCin,1.0,3.0,Let0304-1
c8888,1.0,4.0,Let0304-1
LET-GEO-StoCriCin,1.0,5.0,Let0304-1
LET-GEO-StoCriCin,2.0,0.0,Let0304-1
LET-GEO-StoCriCin,2.0,1.0,Let0304-1
LET-GEO-StoCriCin,2.0,2.0,Let0304-1
LET-GEO-StoCriCin,4.0,3.0,Let0304-1
LET-GEO-StoCriCin,4.0,4.0,Let0304-1
LET-GEO-StoCriCin,4.0,5.0,Let0304-1
LET-GEO-StoCriCin,5.0,0.0,Let0304-1
LET-GEO-StoCriCin,5.0,1.0,Let0304-1
LET-GEO-StoCriCin,5.0,2.0,Let0304-1
LET-GEO-StoCriCin,5.0,3.0,Let0304-1
LET-GEO-StoCriCin,5.0,4.0,Let0304-1
LET-GEO-StoCriCin,5.0,5.0,Let0304-1
LET-GEO-Geo2,0.0,5.0,Let0304-1
LET-GEO-Geo2,1.0,5.0,Let0304-1
LET-GEO-Geo2,4.0,5.0,Let0304-1
LET-GEO-Geo2,5.0,2.0,Let0304-1
LET-GEO-Geo2,5.0,3.0,Let0304-1
LET-GEO-Geo2,5.0,-1.0,Let0304-1
LET-GEO-Geo2,5.0,5.0,Let0304-1
LET-GEO-Geo1,0.0,5.0,Let0304-1
LET-GEO-Geo1,1.0,5.0,Let0304-1
LET-GEO-Geo1,4.0,5.0,Let0304-1
LET-GEO-Geo1,5.0,10.0,Let0304-1
LET-GEO-Geo1,5.0,3.0,Let0304-1
LET-GEO-Geo1,5.0,4.0,Let0304-1
LET-GEO-Geo1,5.0,5.0,Let0304-1
LET-FIL-StoSci,0.0,0.0,Let0304-1
LET-FIL-StoSci,0.0,1.0,Let0304-1
LET-FIL-StoSci,-1.0,2.0,Let0304-1
LET-FIL-StoSci,0.0,-1.0,Let0304-1
LET-FIL-StoSci,0.0,4.0,Let0304-1
LET-FIL-StoSci,0.0,5.0,Let0304-1
c8888,1.0,0.0,Let0304-1
LET-FIL-StoSci,1.0,1.0,Let0304-1
LET-FIL-StoSci,1.0,2.0,Let0304-1
LET-FIL-StoSci,1.0,3.0,Let0304-1
LET-FIL-StoSci,1.0,4.0,Let0304-1
LET-FIL-StoSci,1.0,5.0,Let0304-1
LET-FIL-StoSci,2.0,-1.0,Let0304-1
LET-FIL-StoSci,2.0,1.0,Let0304-1
LET-FIL-StoSci,2.0,2.0,Let0304-1
LET-FIL-StoSci,4.0,3.0,Let0304-1
c8888,4.0,4.0,Let0304-1
LET-FIL-StoSci,4.0,5.0,Let0304-1
LET-FIL-StoSci,5.0,0.0,Let0304-1
LET-FIL-StoSci,5.0,-1.0,Let0304-1
LET-FIL-StoSci,5.0,2.0,Let0304-1
LET-FIL-StoSci,5.0,3.0,Let0304-1
LET-FIL-StoSci,5.0,4.0,Let0304-1
LET-FIL-StoSci,5.0,5.0,Let0304-1
LET-FIL-Est,0.0,0.0,Let0304-1
LET-FIL-Est,0.0,1.0,Let0304-1
c8888,0.0,10.0,Let0304-1
LET-FIL-Est,0.0,3.0,Let0304-1
LET-FIL-Est,0.0,4.0,Let0304-1
LET-FIL-Est,0.0,5.0,Let0304-1
LET-FIL-Est,1.0,0.0,Let0304-1
LET-FIL-Est,1.0,1.0,Let0304-1
LET-FIL-Est,,2.0,Let0304-1
LET-FIL-Est,1.0,3.0,Let0304-1
LET-FIL-Est,1.0,4.0,Let0304-1
LET-FIL-Est,1.0,10.0,Let0304-1
LET-FIL-Est,2.0,0.0,Let0304-1
LET-FIL-Est,2.0,1.0,Let0304-1
LET-FIL-Est,-1.0,2.0,Let0304-1
LET-FIL-Est,4.0,-1.0,Let0304-1
LET-FIL-Est,4.0,4.0,Let0304-1
LET-FIL-Est,4.0,5.0,Let0304-1
LET-FIL-Est,5.0,0.0,Let0304-1
LET-FIL-Est,5.0,1.0,Let0304-1
LET-FIL-Est,5.0,-1.0,Let0304-1
LET-FIL-Est,5.0,3.0,Let0304-1
LET-FIL-Est,5.0,4.0,Let0304-1
LET-FIL-Est,5.0,5.0,Let0304-1
LET-CST-StoRom,0.0,0.0,Let0304-1
LET-CST-StoRom,0.0,1.0,Let0304-1
LET-CST-StoRom,0.0,2.0,Let0304-1
LET-CST-StoRom,0.0,3.0,Let0304-1
LET-CST-StoRom,0.0,4.0,Let0304-1
LET-CST-StoRom,0.0,5.0,Let0304-1
LET-CST-StoRom,1.0,0.0,Let0304-1
LET-CST-StoRom,1.0,1.0,Let0304-1
LET-CST-StoRom,1.0,2.0,Let0304-1
LET-CST-StoRom,1.0,3.0,Let0304-1
c8888,10.0,4.0,Let0304-1
LET-CST-StoRom,1.0,5.0,Let0304-1
LET-CST-StoRom,2.0,0.0,Let0304-1
LET-CST-StoRom,2.0,1.0,Let0304-1
,2.0,2.0,Let0304-1
LET-CST-StoRom,4.0,3.0,Let0304-1
c8888,4.0,4.0,Let0304-1
c8888,4.0,5.0,Let0304-1
c8888,5.0,0.0,Let0304-1
LET-CST-StoRom,5.0,,Let0304-1
LET-CST-StoRom,5.0,2.0,Let0304-1
LET-CST-StoRom,5.0,3.0,Let0304-1
c8888,5.0,4.0,Let0304-1
LET-CST-StoRom,5.0,5.0,Let0304-1
LET-CST-StoGre,0.0,0.0,Let0304-1
LET-CST-StoGre,0.0,,Let0304-1
LET-CST-StoGre,0.0,2.0,Let0304-1
LET-CST-StoGre,0.0,3.0,Let0304-1
LET-CST-StoGre,0.0,4.0,Let0304-1
LET-CST-StoGre,0.0,,Let0304-1
LET-CST-StoGre,1.0,0.0,Let0304-1
LET-CST-StoGre,1.0,1.0,Let0304-1
LET-CST-StoGre,1.0,2.0,Let0304-1
LET-CST-StoGre,1.0,3.0,Let0304-1
LET-CST-StoGre,1.0,4.0,Let0304-1
LET-CST-StoGre,1.0,5.0,Let0304-1
LET-CST-StoGre,2.0,0.0,Let0304-1
LET-CST-StoGre,2.0,1.0,Let0304-1
LET-CST-StoGre,10.0,2.0,Let0304-1
LET-CST-StoGre,4.0,3.0,Let0304-1
LET-CST-StoGre,4.0,4.0,Let0304-1
LET-CST-StoGre,4.0,5.0,Let0304-1
LET-CST-StoGre,5.0,0.0,Let0304-1
LET-CST-StoGre,5.0,1.0,Let0304-1
LET-CST-StoGre,5.0,,Let0304-1
LET-CST-StoGre,5.0,3.0,Let0304-1
LET-CST-StoGre,10.0,4.0,Let0304-1
LET-CST-StoGre,5.0,5.0,Let0304-1
LET-CST-EpiLat,0.0,5.0,Let0304-1
LET-CST-EpiLat,1.0,5.0,Let0304-1
LET-CST-EpiLat,4.0,5.0,Let0304-1
LET-CST-EpiLat,5.0,2.0,Let0304-1
LET-CST-EpiLat,5.0,3.0,Let0304-1
LET-CST-EpiLat,5.0,4.0,Let0304-1
LET-CST-EpiLat,5.0,5.0,Let0304-1
LET-CLE-LinLetGre2,0.0,0.0,Let0304-1
LET-CLE-LinLetGre2,0.0,1.0,Let0304-1
LET-CLE-LinLetGre2,0.0,2.0,Let0304-1
c8888,0.0,5.0,Let0304-1
,1.0,5.0,Let0304-1
LET-CLE-LinLetGre2,2.0,3.0,Let0304-1
c8888,2.0,4.0,Let0304-1
LET-CLE-LinLetGre2,2.0,5.0,Let0304-1
LET-CLE-LinLetGre2,3.0,0.0,Let0304-1
LET-CLE-LinLetGre2,3.0,1.0,Let0304-1
LET-CLE-LinLetGre2,3.0,2.0,Let0304-1
LET-CLE-LinLetGre2,3.0,3.0,Let0304-1
LET-CLE-LinLetGre2,3.0,4.0,Let0304-1
LET-CLE-LinLetGre2,3.0,5.0,Let0304-1
c8888,4.0,0.0,Let0304-1
LET-CLE-LinLetGre2,4.0,1.0,Let0304-1
LET-CLE-LinLetGre2,4.0,2.0,Let0304-1
LET-CLE-LinLetGre2,4.0,3.0,Let0304-1
LET-CLE-LinLetGre2,4.0,4.0,Let0304-1
LET-CLE-LinLetGre2,4.0,5.0,Let0304-1
LET-CLE-LinLetGre2,5.0,0.0,Let0304-1
LET-CLE-LinLetGre2,5.0,1.0,Let0304-1
LET-CLE-LinLetGre2,10.0,2.0,Let0304-1
LET-CLE-LinLetGre2,5.0,3.0,Let0304-1
LET-CLE-LinLetGre2,5.0,4.0,Let0304-1
LET-CLE-LinLetGre2,5.0,5.0,Let0304-1
LET-CLE-LinLat,0.0,-1.0,Let0304-1
LET-CLE-LinLat,,5.0,Let0304-1
LET-CLE-LinLat,4.0,5.0,Let0304-1
c8888,5.0,2.0,Let0304-1
LET-CLE-LinLat,5.0,3.0,Let0304-1
LET-CLE-LinLat,5.0,4.0,Let0304-1
LET-CLE-LinLat,5.0,5.0,Let0304-1
LET-CLE-LinGre,0.0,5.0,Let0304-1
LET-CLE-LinGre,1.0,5.0,Let0304-1
LET-CLE-LinGre,4.0,5.0,Let0304-1
LET-CLE-LinGre,5.0,2.0,Let0304-1
LET-CLE-LinGre,5.0,3.0,Let0304-1
LET-CLE-LinGre,5.0,4.0,Let0304-1
LET-CLE-LinGre,5.0,5.0,Let0304-1
c8888,0.0,5.0,Let0304-1
LET-CLE-Glo,1.0,5.0,Let0304-1
LET-CLE-Glo,4.0,5.0,Let0304-1
LET-CLE-Glo,5.0,10.0,Let0304-1
LET-CLE-Glo,5.0,3.0,Let0304-1
LET-CLE-Glo,5.0,4.0,Let0304-1
LET-CLE-Glo,5.0,10.0,Let0304-1
LET-CLE-FilCla,0.0,0.0,Let0304-1
LET-CLE-FilCla,0.0,1.0,Let0304-1
LET-CLE-FilCla,0.0,2.0,Let0304-1
,0.0,5.0,Let0304-1
LET-CLE-FilCla,1.0,5.0,Let0304-1
LET-CLE-FilCla,2.0,3.0,Let0304-1
LET-CLE-FilCla,2.0,,Let0304-1
LET-CLE-FilCla,10.0,5.0,Let0304-1
LET-CLE-FilCla,3.0,0.0,Let0304-1
LET-CLE-FilCla,,1.0,Let0304-1
c8888,3.0,2.0,Let0304-1
c8888,3.0,3.0,Let0304-1
LET-CLE-FilCla,3.0,4.0,Let0304-1
LET-CLE-FilCla,3.0,5.0,Let0304-1
LET-CLE-FilCla,4.0,0.0,Let0304-1
c8888,4.0,1.0,Let0304-1
LET-CLE-FilCla,4.0,2.0,Let0304-1
LET-CLE-FilCla,4.0,3.0,Let0304-1
LET-CLE-FilCla,4.0,-1.0,Let0304-1
LET-CLE-FilCla,4.0,5.0,Let0304-1
LET-CLE-FilCla,5.0,0.0,Let0304-1
LET-CLE-FilCla,5.0,1.0,Let0304-1
LET-CLE-FilCla,5.0,2.0,Let0304-1
LET-CLE-FilCla,5.0,3.0,Let0304-1
LET-CLE-FilCla,5.0,4.0,Let0304-1
LET-CLE-FilCla,5.0,5.0,Let0304-1
CBC-LIB-StoLibSta,0.0,5.0,Let0304-1
CBC-LIB-StoLibSta,1.0,5.0,Let0304-1
CBC-LIB-StoLibSta,4.0,5.0,Let0304-1
CBC-LIB-StoLibSta,5.0,2.0,Let0304-1
CBC-LIB-StoLibSta,5.0,3.0,Let0304-1
CBC-LIB-StoLibSta,5.0,4.0,Let0304-1
CBC-LIB-StoLibSta,5.0,5.0,Let0304-1
CBC-LIB-StoBib,0.0,5.0,Let0304-1
CBC-LIB-StoBib,1.0,5.0,Let0304-1
CBC-LIB-StoBib,4.0,5.0,Let0304-1
CBC-LIB-StoBib,5.0,2.0,Let0304-1
c8888,5.0,3.0,Let0304-1
CBC-LIB-StoBib,5.0,4.0,Let0304-1
CBC-LIB-StoBib,5.0,5.0,Let0304-1
CBC-LIB-PalLat,0.0,5.0,Let0304-1
CBC-LIB-PalLat,-1.0,5.0,Let0304-1
c8888,4.0,5.0,Let0304-1
CBC-LIB-PalLat,5.0,2.0,Let0304-1
CBC-LIB-PalLat,10.0,3.0,Let0304-1
CBC-LIB-PalLat,5.0,4.0,Let0304-1
CBC-LIB-PalLat,5.0,5.0,Let0304-1
c8888,0.0,5.0,Let0304-1
CBC-LIB-InfDoc,1.0,5.0,Let0304-1
CBC-LIB-InfDoc,4.0,5.0,Let0304-1
CBC-LIB-InfDoc,5.0,2.0,Let0304-1
CBC-LIB-InfDoc,5.0,3.0,Let0304-1
CBC-LIB-InfDoc,5.0,4.0,Let0304-1
c8888,5.0,5.0,Let0304-1
CBC-LIB-Cod,0.0,0.0,Let0304-1
CBC-LIB-Cod,0.0,1.0,Let0304-1
CBC-LIB-Cod,0.0,2.0,Let0304-1
CBC-LIB-Cod,0.0,5.0,Let0304-1
CBC-LIB-Cod,1.0,5.0,Let0304-1
CBC-LIB-Cod,2.0,3.0,Let0304-1
CBC-LIB-Cod,2.0,4.0,Let0304-1
CBC-LIB-Cod,2.0,5.0,Let0304-1
CBC-LIB-Cod,10.0,0.0,Let0304-1
CBC-LIB-Cod,3.0,1.0,Let0304-1
CBC-LIB-Cod,3.0,2.0,Let0304-1
CBC-LIB-Cod,3.0,3.0,Let0304-1
CBC-LIB-Cod,3.0,4.0,Let0304-1
CBC-LIB-Cod,3.0,5.0,Let0304-1
CBC-LIB-Cod,4.0,0.0,Let0304-1
CBC-LIB-Cod,4.0,1.0,Let0304-1
CBC-LIB-Cod,4.0,2.0,Let0304-1
CBC-LIB-Cod,4.0,3.0,Let0304-1
CBC-LIB-Cod,4.0,4.0,Let0304-1
CBC-LIB-Cod,4.0,5.0,Let0304-1
CBC-LIB-Cod,5.0,0.0,Let0304-1
CBC-LIB-Cod,5.0,1.0,Let0304-1
CBC-LIB-Cod,5.0,2.0,Let0304-1
CBC-LIB-Cod,5.0,3.0,Let0304-1
CBC-LIB-Cod,5.0,4.0,Let0304-1
CBC-LIB-Cod,5.0,5.0,Let0304-1
CBC-LIB-ArcSpe,0.0,5.0,Let0304-1
CBC-LIB-ArcSpe,1.0,5.0,Let0304-1
CBC-LIB-ArcSpe,4.0,5.0,Let0304-1
CBC-LIB-ArcSpe,5.0,2.0,Let0304-1
CBC-LIB-ArcSpe,5.0,3.0,Let0304-1
CBC-LIB-ArcSpe,5.0,4.0,Let0304-1
CBC-LIB-ArcSpe,5.0,5.0,Let0304-1
CBC-LIB-Arc,0.0,0.0,Let0304-1
CBC-LIB-Arc,0.0,1.0,Let0304-1
CBC-LIB-Arc,0.0,2.0,Let0304-1
c8888,0.0,5.0,Let0304-1
CBC-LIB-Arc,1.0,5.0,Let0304-1
CBC-LIB-Arc,2.0,3.0,Let0304-1
CBC-LIB-Arc,2.0,4.0,Let0304-1
CBC-LIB-Arc,2.0,5.0,Let0304-1
CBC-LIB-Arc,3.0,0.0,Let0304-1
CBC-LIB-Arc,3.0,1.0,Let0304-1
CBC-LIB-Arc,3.0,10.0,Let0304-1
CBC-LIB-Arc,3.0,3.0,Let0304-1
CBC-LIB-Arc,3.0,10.0,Let0304-1
CBC-LIB-Arc,3.0,5.0,Let0304-1
CBC-LIB-Arc,4.0,0.0,Let0304-1
CBC-LIB-Arc,4.0,1.0,Let0304-1
CBC-LIB-Arc,10.0,2.0,Let0304-1
CBC-LIB-Arc,4.0,3.0,Let0304-1
CBC-LIB-Arc,4.0,4.0,Let0304-1
CBC-LIB-Arc,4.0,5.0,Let0304-1
CBC-LIB-Arc,5.0,0.0,Let0304-1
CBC-LIB-Arc,5.0,1.0,Let0304-1
CBC-LIB-Arc,5.0,2.0,Let0304-1
CBC-LIB-Arc,5.0,,Let0304-1
CBC-LIB-Arc,5.0,4.0,Let0304-1
CBC-LIB-Arc,5.0,5.0,Let0304-1
CBC-ART-StoTecFot,0.0,5.0,Let0304-1
CBC-ART-StoTecFot,1.0,5.0,Let0304-1
CBC-ART-StoTecFot,4.0,5.0,Let0304-1
CBC-ART-StoTecFot,5.0,-1.0,Let0304-1
CBC-ART-StoTecFot,5.0,3.0,Let0304-1
CBC-ART-StoTecFot,5.0,4.0,Let0304-1
CBC-ART-StoTecFot,5.0,5.0,Let0304-1
CBC-ART-StoTecArt,0.0,,Let0304-1
c8888,1.0,5.0,Let0304-1
CBC-ART-StoTecArt,4.0,5.0,Let0304-1
CBC-ART-StoTecArt,5.0,2.0,Let0304-1
c8888,5.0,3.0,Let0304-1
c8888,5.0,4.0,Let0304-1
CBC-ART-StoTecArt,5.0,5.0,Let0304-1
CBC-ART-StoRes,0.0,5.0,Let0304-1
CBC-ART-StoRes,1.0,-1.0,Let0304-1
CBC-ART-StoRes,4.0,5.0,Let0304-1
CBC-ART-StoRes,5.0,2.0,Let0304-1
CBC-ART-StoRes,5.0,3.0,Let0304-1
CBC-ART-StoRes,5.0,4.0,Let0304-1
CBC-ART-StoRes,5.0,10.0,Let0304-1
CBC-ART-StoProArtCulMatMed,0.0,5.0,Let0304-1
CBC-ART-StoProArtCulMatMed,1.0,5.0,Let0304-1
c8888,4.0,5.0,Let0304-1
CBC-ART-StoProArtCulMatMed,5.0,2.0,Let0304-1
CBC-ART-StoProArtCulMatMed,5.0,-1.0,Let0304-1
CBC-ART-StoProArtCulMatMed,5.0,4.0,Let0304-1
CBC-ART-StoProArtCulMatMed,5.0,5.0,Let0304-1
CBC-ART-StoMus,10.0,0.0,Let0304-1
CBC-ART-StoMus,0.0,1.0,Let0304-1
CBC-ART-StoMus,0.0,10.0,Let0304-1
CBC-ART-StoMus,0.0,3.0,Let0304-1
CBC-ART-StoMus,0.0,10.0,Let0304-1
CBC-ART-StoMus,0.0,5.0,Let0304-1
CBC-ART-StoMus,1.0,0.0,Let0304-1
CBC-ART-StoMus,1.0,1.0,Let0304-1
c8888,1.0,2.0,Let0304-1
CBC-ART-StoMus,1.0,3.0,Let0304-1
CBC-ART-StoMus,1.0,4.0,Let0304-1
CBC-ART-StoMus,1.0,5.0,Let0304-1
c8888,2.0,0.0,Let0304-1
CBC-ART-StoMus,2.0,1.0,Let0304-1
CBC-ART-StoMus,-1.0,2.0,Let0304-1
CBC-ART-StoMus,4.0,3.0,Let0304-1
CBC-ART-StoMus,4.0,4.0,Let0304-1
CBC-ART-StoMus,4.0,5.0,Let0304-1
CBC-ART-StoMus,5.0,0.0,Let0304-1
CBC-ART-StoMus,5.0,1.0,Let0304-1
CBC-ART-StoMus,5.0,2.0,Let0304-1
c8888,10.0,3.0,Let0304-1
CBC-ART-StoMus,5.0,4.0,Let0304-1
CBC-ART-StoMus,5.0,5.0,Let0304-1
CBC-ART-StoDisGra,,5.0,Let0304-1
CBC-ART-StoDisGra,1.0,5.0,Let0304-1
CBC-ART-StoDisGra,4.0,,Let0304-1
CBC-ART-StoDisGra,5.0,2.0,Let0304-1
CBC-ART-StoDisGra,5.0,3.0,Let0304-1
CBC-ART-StoDisGra,5.0,4.0,Let0304-1
CBC-ART-StoDisGra,5.0,5.0,Let0304-1
CBC-ART-StoCriCin,0.0,5.0,Let0304-1
CBC-ART-StoCriCin,1.0,5.0,Let0304-1
CBC-ART-StoCriCin,4.0,5.0,Let0304-1
CBC-ART-StoCriCin,5.0,2.0,Let0304-1
CBC-ART-StoCriCin,5.0,3.0,Let0304-1
CBC-ART-StoCriCin,5.0,,Let0304-1
CBC-ART-StoCriCin,5.0,5.0,Let0304-1
CBC-ART-StoCriArt,0.0,0.0,Let0304-1
CBC-ART-StoCriArt,0.0,1.0,Let0304-1
CBC-ART-StoCriArt,0.0,2.0,Let0304-1
CBC-ART-StoCriArt,0.0,3.0,Let0304-1
CBC-ART-StoCriArt,0.0,4.0,Let0304-1
CBC-ART-StoCriArt,0.0,5.0,Let0304-1
c8888,1.0,0.0,Let0304-1
CBC-ART-StoCriArt,1.0,1.0,Let0304-1
CBC-ART-StoCriArt,1.0,2.0,Let0304-1
CBC-ART-StoCriArt,1.0,3.0,Let0304-1
CBC-ART-StoCriArt,1.0,4.0,Let0304-1
CBC-ART-StoCriArt,1.0,5.0,Let0304-1
CBC-ART-StoCriArt,2.0,0.0,Let0304-1
CBC-ART-StoCriArt,2.0,1.0,Let0304-1
CBC-ART-StoCriArt,2.0,2.0,Let0304-1
CBC-ART-StoCriArt,4.0,3.0,Let0304-1
CBC-ART-StoCriArt,4.0,4.0,Let0304-1
CBC-ART-StoCriArt,4.0,5.0,Let0304-1
CBC-ART-StoCriArt,5.0,-1.0,Let0304-1
CBC-ART-StoCriArt,5.0,1.0,Let0304-1
CBC-ART-StoCriArt,5.0,2.0,Let0304-1
CBC-ART-StoCriArt,5.0,3.0,Let0304-1
CBC-ART-StoCriArt,5.0,10.0,Let0304-1
CBC-ART-StoCriArt,5.0,5.0,Let0304-1
CBC-ART-StoArcMed,0.0,5.0,Let0304-1
CBC-ART-StoArcMed,,5.0,Let0304-1
CBC-ART-StoArcMed,3.0,0.0,Let0304-1
CBC-ART-StoArcMed,3.0,1.0,Let0304-1
c8888,3.0,2.0,Let0304-1
CBC-ART-StoArcMed,3.0,3.0,Let0304-1
CBC-ART-StoArcMed,3.0,4.0,Let0304-1
CBC-ART-StoArcMed,10.0,5.0,Let0304-1
CBC-ART-StoArcMed,4.0,0.0,Let0304-1
CBC-ART-StoArcMed,4.0,1.0,Let0304-1
CBC-ART-StoArcMed,4.0,2.0,Let0304-1
CBC-ART-StoArcMed,4.0,3.0,Let0304-1
CBC-ART-StoArcMed,4.0,4.0,Let0304-1
CBC-ART-StoArcMed,4.0,5.0,Let0304-1
CBC-ART-StoArcMed,5.0,0.0,Let0304-1
CBC-ART-StoArcMed,5.0,1.0,Let0304-1
CBC-ART-StoArcMed,5.0,-1.0,Let0304-1
CBC-ART-StoArcMed,5.0,3.0,Let0304-1
CBC-ART-StoArcMed,5.0,4.0,Let0304-1
CBC-ART-StoArcMed,5.0,5.0,Let0304-1
CBC-ART-StoArcCon,0.0,5.0,Let0304-1
CBC-ART-StoArcCon,1.0,5.0,Let0304-1
CBC-ART-StoArcCon,-1.0,5.0,Let0304-1
CBC-ART-StoArcCon,5.0,2.0,Let0304-1
c8888,5.0,3.0,Let0304-1
CBC-ART-StoArcCon,5.0,10.0,Let0304-1
CBC-ART-StoArcCon,5.0,5.0,Let0304-1
CBC-ART-SocArt,0.0,,Let0304-1
CBC-ART-SocArt,1.0,5.0,Let0304-1
CBC-ART-SocArt,4.0,5.0,Let0304-1
c8888,,2.0,Let0304-1
CBC-ART-SocArt,5.0,3.0,Let0304-1
CBC-ART-SocArt,5.0,4.0,Let0304-1
CBC-ART-SocArt,5.0,5.0,Let0304-1
CBC-ART-MatCarCosResEdiSto,0.0,0.0,Let0304-1
CBC-ART-MatCarCosResEdiSto,0.0,1.0,Let0304-1
CBC-ART-MatCarCosResEdiSto,0.0,2.0,Let0304-1
CBC-ART-MatCarCosResEdiSto,0.0,,Let0304-1
CBC-ART-MatCarCosResEdiSto,1.0,5.0,Let0304-1
CBC-ART-MatCarCosResEdiSto,2.0,3.0,Let0304-1
CBC-ART-MatCarCosResEdiSto,2.0,4.0,Let0304-1
CBC-ART-MatCarCosResEdiSto,2.0,5.0,Let0304-1
CBC-ART-MatCarCosResEdiSto,3.0,0.0,Let0304-1
c8888,3.0,1.0,Let0304-1
CBC-ART-MatCarCosResEdiSto,3.0,2.0,Let0304-1
CBC-ART-MatCarCosResEdiSto,3.0,3.0,Let0304-1
CBC-ART-MatCarCosResEdiSto,3.0,4.0,Let0304-1
CBC-ART-MatCarCosResEdiSto,3.0,5.0,Let0304-1
c8888,4.0,0.0,Let0304-1
CBC-ART-MatCarCosResEdiSto,4.0,1.0,Let0304-1
CBC-ART-MatCarCosResEdiSto,4.0,2.0,Let0304-1
CBC-ART-MatCarCosResEdiSto,4.0,3.0,Let0304-1
CBC-ART-MatCarCosResEdiSto,4.0,4.0,Let0304-1
CBC-ART-MatCarCosResEdiSto,4.0,5.0,Let0304-1
CBC-ART-MatCarCosResEdiSto,5.0,0.0,Let0304-1
CBC-ART-MatCarCosResEdiSto,5.0,1.0,Let0304-1
CBC-ART-MatCarCosResEdiSto,5.0,2.0,Let0304-1
CBC-ART-MatCarCosResEdiSto,5.0,3.0,Let0304-1
CBC-ART-MatCarCosResEdiSto,5.0,4.0,Let0304-1
CBC-ART-MatCarCosResEdiSto,5.0,5.0,Let0304-1
CBC-ART-EleInfSciCatBenCul,0.0,5.0,Let0304-1
CBC-ART-EleInfSciCatBenCul,1.0,5.0,Let0304-1
,4.0,5.0,Let0304-1
CBC-ART-EleInfSciCatBenCul,5.0,2.0,Let0304-1
CBC-ART-EleInfSciCatBenCul,5.0,3.0,Let0304-1
CBC-ART-EleInfSciCatBenCul,5.0,4.0,Let0304-1
CBC-ART-EleInfSciCatBenCul,5.0,5.0,Let0304-1
CBC-ART-ArcStoArtMusA,0.0,5.0,Let0304-1
c8888,1.0,,Let0304-1
CBC-ART-ArcStoArtMusA,4.0,5.0,Let0304-1
CBC-ART-ArcStoArtMusA,5.0,2.0,Let0304-1
CBC-ART-ArcStoArtMusA,5.0,3.0,Let0304-1
CBC-ART-ArcStoArtMusA,5.0,4.0,Let0304-1
CBC-ART-ArcStoArtMusA,5.0,5.0,Let0304-1
CBC-ARC-TopRilMonAnt,0.0,5.0,Let0304-1
CBC-ARC-TopRilMonAnt,1.0,5.0,Let0304-1
CBC-ARC-TopRilMonAnt,4.0,5.0,Let0304-1
CBC-ARC-TopRilMonAnt,5.0,2.0,Let0304-1
CBC-ARC-TopRilMonAnt,5.0,3.0,Let0304-1
CBC-ARC-TopRilMonAnt,5.0,4.0,Let0304-1
CBC-ARC-TopRilMonAnt,5.0,5.0,Let0304-1
CBC-ARC-Palantro,0.0,5.0,Let0304-1
CBC-ARC-Palantro,1.0,5.0,Let0304-1
CBC-ARC-Palantro,4.0,5.0,Let0304-1
CBC-ARC-Palantro,5.0,2.0,Let0304-1
CBC-ARC-Palantro,5.0,3.0,Let0304-1
CBC-ARC-Palantro,5.0,4.0,Let0304-1
CBC-ARC-Palantro,5.0,5.0,Let0304-1
CBC-ARC-MatTecAppArc,0.0,0.0,Let0304-1
CBC-ARC-MatTecAppArc,0.0,1.0,Let0304-1
CBC-ARC-MatTecAppArc,0.0,2.0,Let0304-1
CBC-ARC-MatTecAppArc,0.0,5.0,Let0304-1
CBC-ARC-MatTecAppArc,1.0,5.0,Let0304-1
CBC-ARC-MatTecAppArc,2.0,3.0,Let0304-1
CBC-ARC-MatTecAppArc,2.0,4.0,Let0304-1
CBC-ARC-MatTecAppArc,2.0,5.0,Let0304-1
CBC-ARC-MatTecAppArc,3.0,0.0,Let0304-1
CBC-ARC-MatTecAppArc,3.0,1.0,Let0304-1
CBC-ARC-MatTecAppArc,3.0,2.0,Let0304-1
CBC-ARC-MatTecAppArc,3.0,3.0,Let0304-1
CBC-ARC-MatTecAppArc,3.0,4.0,Let0304-1
CBC-ARC-MatTecAppArc,3.0,5.0,Let0304-1
CBC-ARC-MatTecAppArc,4.0,0.0,Let0304-1
CBC-ARC-MatTecAppArc,4.0,1.0,Let0304-1
CBC-ARC-MatTecAppArc,4.0,2.0,Let0304-1
c8888,4.0,3.0,Let0304-1
CBC-ARC-MatTecAppArc,4.0,4.0,Let0304-1
CBC-ARC-MatTecAppArc,4.0,5.0,Let0304-1
CBC-ARC-MatTecAppArc,5.0,0.0,Let0304-1
CBC-ARC-MatTecAppArc,5.0,1.0,Let0304-1
CBC-ARC-MatTecAppArc,5.0,2.0,Let0304-1
c8888,5.0,3.0,Let0304-1
CBC-ARC-MatTecAppArc,5.0,4.0,Let0304-1
CBC-ARC-MatTecAppArc,5.0,5.0,Let0304-1
CBC-ARC-LinLat,0.0,5.0,Let0304-1
CBC-ARC-LinLat,1.0,5.0,Let0304-1
CBC-ARC-LinLat,4.0,5.0,Let0304-1
CBC-ARC-LinLat,5.0,2.0,Let0304-1
CBC-ARC-LinLat,5.0,3.0,Let0304-1
CBC-ARC-LinLat,5.0,4.0,Let0304-1
CBC-ARC-LinLat,5.0,10.0,Let0304-1
CBC-ARC-Geo1,0.0,5.0,Let0304-1
CBC-ARC-Geo1,1.0,5.0,Let0304-1
CBC-ARC-Geo1,4.0,5.0,Let0304-1
CBC-ARC-Geo1,5.0,2.0,Let0304-1
CBC-ARC-Geo1,5.0,3.0,Let0304-1
CBC-ARC-Geo1,5.0,4.0,Let0304-1
CBC-ARC-Geo1,5.0,5.0,Let0304-1
CBC-ARC-EtrAntIta,0.0,5.0,Let0304-1
CBC-ARC-EtrAntIta,1.0,5.0,Let0304-1
CBC-ARC-EtrAntIta,4.0,5.0,Let0304-1
CBC-ARC-EtrAntIta,5.0,2.0,Let0304-1
CBC-ARC-EtrAntIta,5.0,10.0,Let0304-1
CBC-ARC-EtrAntIta,5.0,4.0,Let0304-1
CBC-ARC-EtrAntIta,5.0,5.0,Let0304-1
c8888,0.0,5.0,Let0304-1
CBC-ARC-ArcCriMed,1.0,,Let0304-1
c8888,4.0,5.0,Let0304-1
CBC-ARC-ArcCriMed,5.0,2.0,Let0304-1
CBC-ARC-ArcCriMed,5.0,3.0,Let0304-1
CBC-ARC-ArcCriMed,5.0,,Let0304-1
CBC-ARC-ArcCriMed,5.0,-1.0,Let0304-1
CBC-ARC-ArcCla2,0.0,5.0,Let0304-1
CBC-ARC-ArcCla2,1.0,5.0,Let0304-1
CBC-ARC-ArcCla2,4.0,5.0,Let0304-1
CBC-ARC-ArcCla2,5.0,2.0,Let0304-1
CBC-ARC-ArcCla2,-1.0,3.0,Let0304-1
CBC-ARC-ArcCla2,5.0,4.0,Let0304-1
c8888,5.0,10.0,Let0304-1
c0012,0.0,-1.0,Ing0203-3
c0012,0.0,3.0,Ing0203-3
c0012,0.0,4.0,Ing0203-3
c0012,2.0,-1.0,Ing0203-3
c0012,2.0,1.0,Ing0203-3
c0012,2.0,2.0,Ing0203-3
c0012,2.0,3.0,Ing0203-3
c0012,2.0,4.0,Ing0203-3
c0013,0.0,0.0,Ing0203-3
c0013,2.0,0.0,Ing0203-3
c0013,4.0,0.0,Ing0203-3
c0035,0.0,0.0,Ing0203-3
c0035,0.0,1.0,Ing0203-3
c0035,0.0,2.0,Ing0203-3
c8888,3.0,0.0,Ing0203-3
c0035,3.0,1.0,Ing0203-3
c0035,3.0,2.0,Ing0203-3
c0035,3.0,3.0,Ing0203-3
c0035,3.0,4.0,Ing0203-3
c0035,4.0,0.0,Ing0203-3
c0035,4.0,10.0,Ing0203-3
c0035,4.0,2.0,Ing0203-3
c0035,4.0,3.0,Ing0203-3
c0035,4.0,4.0,Ing0203-3
c0036,0.0,0.0,Ing0203-3
c0036,0.0,-1.0,Ing0203-3
c0036,2.0,0.0,Ing0203-3
c0036,2.0,1.0,Ing0203-3
c0036,2.0,2.0,Ing0203-3
c0036,2.0,3.0,Ing0203-3
c0036,2.0,4.0,Ing0203-3
c0036,4.0,4.0,Ing0203-3
c0042,0.0,2.0,Ing0203-3
c0042,0.0,3.0,Ing0203-3
c8888,0.0,4.0,Ing0203-3
c0042,1.0,2.0,Ing0203-3
c0042,1.0,3.0,Ing0203-3
c0042,1.0,4.0,Ing0203-3
c8888,2.0,2.0,Ing0203-3
c0042,2.0,10.0,Ing0203-3
c8888,2.0,4.0,Ing0203-3
c0042,3.0,2.0,Ing0203-3
c0042,3.0,3.0,Ing0203-3
c0042,3.0,-1.0,Ing0203-3
c0042,4.0,,Ing0203-3
c0042,4.0,3.0,Ing0203-3
c0042,4.0,4.0,Ing0203-3
c0045,0.0,0.0,Ing0203-3
c0045,1.0,0.0,Ing0203-3
c0045,2.0,0.0,Ing0203-3
c0045,3.0,0.0,Ing0203-3
c0045,4.0,0.0,Ing0203-3
,2.0,0.0,Ing0203-3
c8888,2.0,1.0,Ing0203-3
c0052,3.0,0.0,Ing0203-3
c0052,3.0,1.0,Ing0203-3
c0052,4.0,3.0,Ing0203-3
c0052,4.0,4.0,Ing0203-3
c0053,3.0,0.0,Ing0203-3
c0053,3.0,1.0,Ing0203-3
c0053,3.0,2.0,Ing0203-3
c0053,-1.0,3.0,Ing0203-3
c0053,3.0,4.0,Ing0203-3
c0055,0.0,0.0,Ing0203-3
c0055,1.0,0.0,Ing0203-3
c0055,-1.0,0.0,Ing0203-3
c0055,3.0,0.0,Ing0203-3
c0055,4.0,10.0,Ing0203-3
c0057,0.0,2.0,Ing0203-3
c0057,0.0,-1.0,Ing0203-3
c0057,0.0,4.0,Ing0203-3
c0057,1.0,2.0,Ing0203-3
c0057,1.0,3.0,Ing0203-3
c0057,1.0,10.0,Ing0203-3
c0057,2.0,2.0,Ing0203-3
c0057,2.0,3.0,Ing0203-3
c0057,2.0,4.0,Ing0203-3
c0057,3.0,2.0,Ing0203-3
c8888,3.0,3.0,Ing0203-3
c0057,3.0,4.0,Ing0203-3
c0057,4.0,2.0,Ing0203-3
c0057,4.0,3.0,Ing0203-3
c0057,4.0,4.0,Ing0203-3
c0094,0.0,2.0,Ing0203-3
c0094,0.0,3.0,Ing0203-3
c0094,0.0,4.0,Ing0203-3
c0094,1.0,2.0,Ing0203-3
c0094,1.0,3.0,Ing0203-3
c0094,1.0,4.0,Ing0203-3
c8888,2.0,2.0,Ing0203-3
c0094,2.0,3.0,Ing0203-3
c0094,2.0,4.0,Ing0203-3
c0094,3.0,2.0,Ing0203-3
c0094,3.0,3.0,Ing0203-3
c0094,3.0,4.0,Ing0203-3
c0094,4.0,2.0,Ing0203-3
c0094,4.0,3.0,Ing0203-3
c8888,4.0,4.0,Ing0203-3
c0098,0.0,0.0,Ing0203-3
c0098,0.0,1.0,Ing0203-3
c0098,0.0,2.0,Ing0203-3
c0098,0.0,3.0,Ing0203-3
c0098,0.0,4.0,Ing0203-3
c0098,4.0,0.0,Ing0203-3
c8888,4.0,,Ing0203-3
c0098,4.0,2.0,Ing0203-3
c0098,4.0,3.0,Ing0203-3
c0098,4.0,4.0,Ing0203-3
c0104,0.0,2.0,Ing0203-3
c0104,1.0,2.0,Ing0203-3
c0104,2.0,2.0,Ing0203-3
c8888,3.0,2.0,Ing0203-3
c8888,4.0,2.0,Ing0203-3
c0107,0.0,2.0,Ing0203-3
c0107,0.0,3.0,Ing0203-3
c0107,0.0,4.0,Ing0203-3
c0107,1.0,0.0,Ing0203-3
c0107,1.0,1.0,Ing0203-3
c0107,1.0,2.0,Ing0203-3
c0107,1.0,3.0,Ing0203-3
c0107,1.0,4.0,Ing0203-3
c0107,2.0,0.0,Ing0203-3
c0107,2.0,1.0,Ing0203-3
c0107,2.0,2.0,Ing0203-3
c0107,2.0,3.0,Ing0203-3
c0107,2.0,4.0,Ing0203-3
c0107,3.0,2.0,Ing0203-3
c0107,3.0,,Ing0203-3
c0107,3.0,4.0,Ing0203-3
c0107,4.0,2.0,Ing0203-3
c0107,4.0,3.0,Ing0203-3
c0107,4.0,4.0,Ing0203-3
c0112,0.0,2.0,Ing0203-3
c0112,-1.0,3.0,Ing0203-3
c0112,0.0,4.0,Ing0203-3
c0112,1.0,2.0,Ing0203-3
c0112,1.0,3.0,Ing0203-3
c0112,1.0,4.0,Ing0203-3
c8888,2.0,2.0,Ing0203-3
c0112,2.0,3.0,Ing0203-3
c0112,2.0,,Ing0203-3
c0112,3.0,2.0,Ing0203-3
c0112,3.0,3.0,Ing0203-3
c0112,3.0,4.0,Ing0203-3
c0112,4.0,2.0,Ing0203-3
c0112,4.0,3.0,Ing0203-3
c0112,4.0,4.0,Ing0203-3
c0114,0.0,0.0,Ing0203-3
c0114,1.0,10.0,Ing0203-3
c0114,2.0,0.0,Ing0203-3
c0114,3.0,0.0,Ing0203-3
c0114,3.0,4.0,Ing0203-3
c0114,4.0,0.0,Ing0203-3
c0114,4.0,4.0,Ing0203-3
c0116,2.0,0.0,Ing0203-3
c0116,2.0,1.0,Ing0203-3
c0116,3.0,0.0,Ing0203-3
c0116,3.0,1.0,Ing0203-3
c0116,4.0,3.0,Ing0203-3
c0116,4.0,-1.0,Ing0203-3
c0117,0.0,4.0,Ing0203-3
c0117,1.0,4.0,Ing0203-3
c0117,2.0,4.0,Ing0203-3
c8888,3.0,,Ing0203-3
c8888,3.0,4.0,Ing0203-3
c8888,4.0,3.0,Ing0203-3
c0117,,4.0,Ing0203-3
c0130,4.0,4.0,Ing0203-3
c0151,4.0,4.0,Ing0203-3
,0.0,2.0,Ing0203-3
c0177,0.0,3.0,Ing0203-3
c0177,0.0,4.0,Ing0203-3
c0177,1.0,2.0,Ing0203-3
c0177,1.0,3.0,Ing0203-3
c0177,1.0,4.0,Ing0203-3
c0177,2.0,2.0,Ing0203-3
c0177,2.0,3.0,Ing0203-3
c0177,2.0,10.0,Ing0203-3
c0177,3.0,2.0,Ing0203-3
c0177,3.0,3.0,Ing0203-3
c0177,3.0,4.0,Ing0203-3
c0177,4.0,2.0,Ing0203-3
c8888,4.0,3.0,Ing0203-3
c0177,4.0,4.0,Ing0203-3
c0179,0.0,2.0,Ing0203-3
c0179,0.0,3.0,Ing0203-3
c0179,0.0,4.0,Ing0203-3
c0179,1.0,2.0,Ing0203-3
c0179,1.0,3.0,Ing0203-3
c0179,1.0,4.0,Ing0203-3
c0179,2.0,2.0,Ing0203-3
c0179,2.0,3.0,Ing0203-3
c0179,2.0,4.0,Ing0203-3
c8888,3.0,2.0,Ing0203-3
c0179,3.0,3.0,Ing0203-3
c8888,3.0,4.0,Ing0203-3
c0179,4.0,2.0,Ing0203-3
c0179,4.0,10.0,Ing0203-3
c0179,4.0,4.0,Ing0203-3
c0181,0.0,2.0,Ing0203-3
c0181,0.0,3.0,Ing0203-3
c0181,0.0,4.0,Ing0203-3
c0181,1.0,2.0,Ing0203-3
c0181,1.0,3.0,Ing0203-3
c0181,1.0,4.0,Ing0203-3
c0181,2.0,2.0,Ing0203-3
c0181,2.0,3.0,Ing0203-3
c0181,2.0,4.0,Ing0203-3
c0181,3.0,2.0,Ing0203-3
c0181,3.0,3.0,Ing0203-3
c0181,3.0,4.0,Ing0203-3
c0181,4.0,,Ing0203-3
c0181,4.0,3.0,Ing0203-3
c0181,4.0,4.0,Ing0203-3
c0198,0.0,0.0,Ing0203-3
c0198,0.0,1.0,Ing0203-3
c0198,,2.0,Ing0203-3
c0198,2.0,10.0,Ing0203-3
c0198,2.0,3.0,Ing0203-3
c0198,2.0,4.0,Ing0203-3
c0198,4.0,,Ing0203-3
c0198,4.0,1.0,Ing0203-3
c0210,0.0,2.0,Ing0203-3
c0210,0.0,3.0,Ing0203-3
c0210,0.0,4.0,Ing0203-3
c0210,1.0,2.0,Ing0203-3
c0210,10.0,3.0,Ing0203-3
c8888,1.0,4.0,Ing0203-3
c8888,2.0,2.0,Ing0203-3
c0210,2.0,3.0,Ing0203-3
c0210,2.0,4.0,Ing0203-3
c0210,-1.0,2.0,Ing0203-3
c0210,3.0,3.0,Ing0203-3
c0210,3.0,4.0,Ing0203-3
c0210,4.0,2.0,Ing0203-3
c0210,4.0,3.0,Ing0203-3
c0210,4.0,4.0,Ing0203-3
c0214,0.0,0.0,Ing0203-3
c0214,0.0,1.0,Ing0203-3
c0214,0.0,2.0,Ing0203-3
c0214,0.0,3.0,Ing0203-3
c0214,0.0,4.0,Ing0203-3
c0214,1.0,0.0,Ing0203-3
c0214,1.0,1.0,Ing0203-3
c0214,1.0,2.0,Ing0203-3
c0214,1.0,3.0,Ing0203-3
,1.0,4.0,Ing0203-3
c0214,2.0,2.0,Ing0203-3
c0214,2.0,3.0,Ing0203-3
c0214,2.0,4.0,Ing0203-3
c0214,3.0,2.0,Ing0203-3
c0214,3.0,3.0,Ing0203-3
c0214,3.0,4.0,Ing0203-3
c0214,4.0,2.0,Ing0203-3
c0214,4.0,3.0,Ing0203-3
c0214,4.0,4.0,Ing0203-3
c0218,1.0,0.0,Ing0203-3
c0218,1.0,1.0,Ing0203-3
c0218,1.0,2.0,Ing0203-3
c0218,1.0,3.0,Ing0203-3
c0218,2.0,3.0,Ing0203-3
c0218,2.0,4.0,Ing0203-3
c0218,3.0,0.0,Ing0203-3
c0218,3.0,1.0,Ing0203-3
c0223,0.0,0.0,Ing0203-3
c0223,2.0,0.0,Ing0203-3
c0223,4.0,0.0,Ing0203-3
c0226,0.0,2.0,Ing0203-3
c0226,0.0,3.0,Ing0203-3
c8888,0.0,4.0,Ing0203-3
c0226,1.0,2.0,Ing0203-3
c0226,1.0,3.0,Ing0203-3
c0226,1.0,4.0,Ing0203-3
c0226,2.0,2.0,Ing0203-3
c0226,2.0,3.0,Ing0203-3
c8888,2.0,4.0,Ing0203-3
c0226,10.0,2.0,Ing0203-3
c0226,3.0,3.0,Ing0203-3
c0226,3.0,4.0,Ing0203-3
c0226,4.0,2.0,Ing0203-3
c0226,4.0,3.0,Ing0203-3
c0226,4.0,4.0,Ing0203-3
c0227,0.0,0.0,Ing0203-3
c0227,0.0,1.0,Ing0203-3
c0227,3.0,4.0,Ing0203-3
c0227,4.0,0.0,Ing0203-3
c0227,4.0,1.0,Ing0203-3
c0227,4.0,2.0,Ing0203-3
c0227,4.0,3.0,Ing0203-3
c0227,4.0,4.0,Ing0203-3
c0254,0.0,0.0,Ing0203-3
c0254,0.0,1.0,Ing0203-3
c0254,0.0,2.0,Ing0203-3
c0254,3.0,0.0,Ing0203-3
c0254,3.0,1.0,Ing0203-3
c0254,3.0,2.0,Ing0203-3
c0259,0.0,0.0,Ing0203-3
c0259,0.0,1.0,Ing0203-3
c0259,0.0,2.0,Ing0203-3
c0259,0.0,3.0,Ing0203-3
c0259,10.0,4.0,Ing0203-3
c0259,1.0,0.0,Ing0203-3
c0259,2.0,0.0,Ing0203-3
c0259,4.0,0.0,Ing0203-3
c0259,4.0,1.0,Ing0203-3
c0259,4.0,2.0,Ing0203-3
c0259,4.0,3.0,Ing0203-3
c0259,4.0,4.0,Ing0203-3
c0271,,0.0,Ing0203-3
c0271,1.0,,Ing0203-3
c0271,1.0,2.0,Ing0203-3
c0271,1.0,3.0,Ing0203-3
c0271,1.0,,Ing0203-3
c0271,3.0,3.0,Ing0203-3
c0271,3.0,4.0,Ing0203-3
c0271,10.0,2.0,Ing0203-3
c0271,4.0,3.0,Ing0203-3
c0271,,4.0,Ing0203-3
c0625,0.0,0.0,Ing0203-3
c0625,0.0,1.0,Ing0203-3
c0625,0.0,2.0,Ing0203-3
c0625,0.0,3.0,Ing0203-3
c0625,0.0,4.0,Ing0203-3
c0625,1.0,0.0,Ing0203-3
c0625,1.0,1.0,Ing0203-3
c8888,1.0,2.0,Ing0203-3
c0625,1.0,3.0,Ing0203-3
,1.0,4.0,Ing0203-3
c0624,2.0,4.0,Ing0203-3
c0624,3.0,4.0,Ing0203-3
c0624,4.0,0.0,Ing0203-3
c8888,4.0,1.0,Ing0203-3
c0624,4.0,2.0,Ing0203-3
c0624,4.0,3.0,Ing0203-3
c0624,4.0,4.0,Ing0203-3
c8888,2.0,2.0,Ing0203-3
c8888,2.0,3.0,Ing0203-3
c0063,2.0,4.0,Ing0203-3
c0063,3.0,2.0,Ing0203-3
c8888,-1.0,3.0,Ing0203-3
c0063,3.0,-1.0,Ing0203-3
c0063,4.0,3.0,Ing0203-3
c0063,4.0,4.0,Ing0203-3
c0309,0.0,0.0,Ing0203-3
c0309,0.0,1.0,Ing0203-3
c0309,0.0,2.0,Ing0203-3
c0309,0.0,3.0,Ing0203-3
c0309,,4.0,Ing0203-3
c0309,3.0,2.0,Ing0203-3
c0309,3.0,3.0,Ing0203-3
c0309,3.0,4.0,Ing0203-3
c0309,4.0,0.0,Ing0203-3
c0309,4.0,1.0,Ing0203-3
c8888,4.0,2.0,Ing0203-3
c0309,4.0,3.0,Ing0203-3
c8888,4.0,4.0,Ing0203-3
c0301,0.0,3.0,Ing0203-3
c0301,0.0,4.0,Ing0203-3
c8888,1.0,3.0,Ing0203-3
c0301,1.0,,Ing0203-3
c0301,2.0,2.0,Ing0203-3
c0301,3.0,3.0,Ing0203-3
c0301,4.0,3.0,Ing0203-3
c0301,4.0,4.0,Ing0203-3
c0317,0.0,0.0,Ing0203-3
c0317,0.0,1.0,Ing0203-3
c0317,0.0,2.0,Ing0203-3
c0317,0.0,3.0,Ing0203-3
c0317,0.0,4.0,Ing0203-3
c0317,1.0,10.0,Ing0203-3
c0317,1.0,1.0,Ing0203-3
c8888,-1.0,2.0,Ing0203-3
c8888,4.0,0.0,Ing0203-3
c0284,4.0,1.0,Ing0203-3
c0284,4.0,2.0,Ing0203-3
c0284,4.0,3.0,Ing0203-3
c0284,4.0,4.0,Ing0203-3
c0330,0.0,0.0,Ing0203-3
c0330,0.0,1.0,Ing0203-3
c0330,0.0,2.0,Ing0203-3
c0342,0.0,0.0,Ing0203-3
c0342,0.0,1.0,Ing0203-3
c0342,0.0,2.0,Ing0203-3
c8888,0.0,3.0,Ing0203-3
c0342,-1.0,4.0,Ing0203-3
c0342,1.0,0.0,Ing0203-3
c0342,1.0,1.0,Ing0203-3
c0342,1.0,2.0,Ing0203-3
c0342,1.0,3.0,Ing0203-3
c0342,1.0,4.0,Ing0203-3
c0343,0.0,0.0,Ing0203-3
c0343,0.0,1.0,Ing0203-3
c0343,0.0,2.0,Ing0203-3
c0343,0.0,-1.0,Ing0203-3
c8888,0.0,4.0,Ing0203-3
c0343,1.0,0.0,Ing0203-3
c0343,2.0,0.0,Ing0203-3
c0343,3.0,0.0,Ing0203-3
c0331,0.0,0.0,Ing0203-3
c0331,0.0,1.0,Ing0203-3
c0331,0.0,2.0,Ing0203-3
c0331,0.0,3.0,Ing0203-3
c0331,0.0,4.0,Ing0203-3
c0331,-1.0,2.0,Ing0203-3
c0331,4.0,3.0,Ing0203-3
c0331,4.0,4.0,Ing0203-3
c0344,0.0,-1.0,Ing0203-3
c0344,0.0,1.0,Ing0203-3
c8888,0.0,2.0,Ing0203-3
c0344,0.0,3.0,Ing0203-3
c0344,0.0,4.0,Ing0203-3
c0344,1.0,0.0,Ing0203-3
c8888,1.0,1.0,Ing0203-3
c0344,1.0,2.0,Ing0203-3
c0344,1.0,3.0,Ing0203-3
c0344,1.0,4.0,Ing0203-3
c0344,4.0,0.0,Ing0203-3
c0344,4.0,1.0,Ing0203-3
c0344,4.0,2.0,Ing0203-3
c0344,4.0,3.0,Ing0203-3
c0344,4.0,4.0,Ing0203-3
c0369,0.0,2.0,Ing0203-3
c0369,1.0,10.0,Ing0203-3
c0369,1.0,4.0,Ing0203-3
c0369,2.0,2.0,Ing0203-3
c0369,3.0,2.0,Ing0203-3
c0369,4.0,2.0,Ing0203-3
c0369,4.0,3.0,Ing0203-3
c8888,4.0,4.0,Ing0203-3
c0352,0.0,0.0,Ing0203-3
c0352,0.0,4.0,Ing0203-3
c0352,1.0,0.0,Ing0203-3
c0352,1.0,4.0,Ing0203-3
c0352,2.0,0.0,Ing0203-3
c0352,2.0,4.0,Ing0203-3
c0352,3.0,0.0,Ing0203-3
c0352,3.0,4.0,Ing0203-3
c0352,4.0,0.0,Ing0203-3
c8888,4.0,4.0,Ing0203-3
c0363,0.0,2.0,Ing0203-3
c0363,1.0,2.0,Ing0203-3
c0363,2.0,2.0,Ing0203-3
c0363,3.0,2.0,Ing0203-3
c0363,4.0,2.0,Ing0203-3
c0348,1.0,0.0,Ing0203-3
c0348,2.0,0.0,Ing0203-3
c8888,-1.0,1.0,Ing0203-3
c0348,2.0,2.0,Ing0203-3
c0348,2.0,3.0,Ing0203-3
c0348,2.0,4.0,Ing0203-3
c0348,4.0,4.0,Ing0203-3
c0353,1.0,2.0,Ing0203-3
c0353,1.0,3.0,Ing0203-3
c0353,1.0,4.0,Ing0203-3
c8888,3.0,0.0,Ing0203-3
c0353,3.0,1.0,Ing0203-3
c0353,4.0,0.0,Ing0203-3
c0353,4.0,1.0,Ing0203-3
c0353,4.0,2.0,Ing0203-3
c8888,2.0,1.0,Ing0203-3
c0381,2.0,2.0,Ing0203-3
c0381,2.0,3.0,Ing0203-3
c0381,2.0,4.0,Ing0203-3
c0381,3.0,0.0,Ing0203-3
c8888,3.0,1.0,Ing0203-3
c0381,3.0,2.0,Ing0203-3
c0381,3.0,3.0,Ing0203-3
c0381,,4.0,Ing0203-3
c0381,4.0,4.0,Ing0203-3
c0402,0.0,0.0,Ing0203-3
c0402,0.0,1.0,Ing0203-3
c0402,0.0,2.0,Ing0203-3
c0402,0.0,3.0,Ing0203-3
c8888,0.0,4.0,Ing0203-3
c0402,4.0,4.0,Ing0203-3
c0007,0.0,0.0,Ing0506-2
c0007,0.0,1.0,Ing0506-2
c0007,0.0,2.0,Ing0506-2
c0007,0.0,3.0,Ing0506-2
,0.0,4.0,Ing0506-2
c0007,1.0,2.0,Ing0506-2
c0007,2.0,2.0,Ing0506-2
c0007,4.0,2.0,Ing0506-2
c8888,0.0,2.0,Ing0506-2
c0015,1.0,2.0,Ing0506-2
c0015,1.0,3.0,Ing0506-2
c0015,2.0,2.0,Ing0506-2
c0015,3.0,2.0,Ing0506-2
c0015,3.0,3.0,Ing0506-2
c0015,4.0,2.0,Ing0506-2
c0015,4.0,3.0,Ing0506-2
c0020,0.0,0.0,Ing0506-2
c0020,,1.0,Ing0506-2
c0020,1.0,0.0,Ing0506-2
c0020,2.0,0.0,Ing0506-2
c0020,3.0,0.0,Ing0506-2
c0020,4.0,0.0,Ing0506-2
c0020,4.0,3.0,Ing0506-2
c0020,4.0,4.0,Ing0506-2
c0023,0.0,0.0,Ing0506-2
c8888,0.0,1.0,Ing0506-2
c0023,0.0,2.0,Ing0506-2
c0023,0.0,3.0,Ing0506-2
c0023,0.0,4.0,Ing0506-2
c0023,1.0,0.0,Ing0506-2
c0023,-1.0,2.0,Ing0506-2
c0023,2.0,3.0,Ing0506-2
c0023,2.0,4.0,Ing0506-2
c0023,4.0,0.0,Ing0506-2
c0023,4.0,1.0,Ing0506-2
c0023,4.0,2.0,Ing0506-2
c0023,4.0,3.0,Ing0506-2
c0023,4.0,4.0,Ing0506-2
c0024,0.0,,Ing0506-2
c0024,0.0,1.0,Ing0506-2
c0024,1.0,0.0,Ing0506-2
c0024,1.0,4.0,Ing0506-2
c8888,2.0,0.0,Ing0506-2
c0024,3.0,0.0,Ing0506-2
c0024,4.0,0.0,Ing0506-2
c0024,4.0,4.0,Ing0506-2
c0044,0.0,0.0,Ing0506-2
c0044,0.0,1.0,Ing0506-2
c0044,0.0,2.0,Ing0506-2
c0044,0.0,3.0,Ing0506-2
c0044,0.0,4.0,Ing0506-2
c0044,4.0,0.0,Ing0506-2
c0044,4.0,1.0,Ing0506-2
c0044,4.0,2.0,Ing0506-2
c0044,4.0,3.0,Ing0506-2
c0044,4.0,4.0,Ing0506-2
c0047,0.0,0.0,Ing0506-2
,0.0,1.0,Ing0506-2
c0047,-1.0,2.0,Ing0506-2
c0047,0.0,3.0,Ing0506-2
c0047,0.0,4.0,Ing0506-2
c0047,,0.0,Ing0506-2
c0047,1.0,1.0,Ing0506-2
c0047,1.0,2.0,Ing0506-2
c0049,0.0,0.0,Ing0506-2
c0049,0.0,1.0,Ing0506-2
c0049,0.0,2.0,Ing0506-2
c0049,-1.0,0.0,Ing0506-2
c0049,4.0,1.0,Ing0506-2
c8888,4.0,2.0,Ing0506-2
c0049,4.0,3.0,Ing0506-2
c0049,4.0,4.0,Ing0506-2
c0056,0.0,2.0,Ing0506-2
c0056,0.0,,Ing0506-2
c0056,0.0,4.0,Ing0506-2
c8888,1.0,2.0,Ing0506-2
c0056,1.0,3.0,Ing0506-2
c0056,1.0,4.0,Ing0506-2
c0056,2.0,2.0,Ing0506-2
c8888,2.0,3.0,Ing0506-2
c0056,2.0,4.0,Ing0506-2
c0056,3.0,2.0,Ing0506-2
c8888,3.0,3.0,Ing0506-2
c8888,3.0,4.0,Ing0506-2
c0056,4.0,2.0,Ing0506-2
c0056,4.0,10.0,Ing0506-2
c0056,4.0,4.0,Ing0506-2
c8888,0.0,0.0,Ing0506-2
c0058,1.0,0.0,Ing0506-2
c0058,2.0,0.0,Ing0506-2
c0058,2.0,1.0,Ing0506-2
c0058,2.0,2.0,Ing0506-2
c0058,2.0,3.0,Ing0506-2
c0058,2.0,4.0,Ing0506-2
c0058,3.0,0.0,Ing0506-2
c0058,3.0,1.0,Ing0506-2
c0058,3.0,2.0,Ing0506-2
c0058,3.0,3.0,Ing0506-2
c0058,3.0,4.0,Ing0506-2
c0061,0.0,0.0,Ing0506-2
c0061,1.0,0.0,Ing0506-2
c0061,2.0,0.0,Ing0506-2
c0061,4.0,0.0,Ing0506-2
c0061,4.0,1.0,Ing0506-2
c0061,4.0,2.0,Ing0506-2
c0061,4.0,3.0,Ing0506-2
c0061,4.0,4.0,Ing0506-2
c0062,0.0,10.0,Ing0506-2
c0062,0.0,1.0,Ing0506-2
c0062,1.0,0.0,Ing0506-2
c8888,4.0,0.0,Ing0506-2
c0062,4.0,1.0,Ing0506-2
c0062,4.0,2.0,Ing0506-2
c0062,4.0,3.0,Ing0506-2
c0062,4.0,,Ing0506-2
c0069,,0.0,Ing0506-2
c0069,0.0,1.0,Ing0506-2
c0069,0.0,2.0,Ing0506-2
c0069,0.0,-1.0,Ing0506-2
c0069,0.0,4.0,Ing0506-2
c0069,4.0,2.0,Ing0506-2
c0069,4.0,-1.0,Ing0506-2
c8888,4.0,4.0,Ing0506-2
c0072,0.0,0.0,Ing0506-2
c0072,0.0,1.0,Ing0506-2
c0072,1.0,,Ing0506-2
c0072,1.0,4.0,Ing0506-2
c0072,2.0,10.0,Ing0506-2
c0072,2.0,1.0,Ing0506-2
c0072,2.0,2.0,Ing0506-2
c0072,2.0,10.0,Ing0506-2
c0072,2.0,4.0,Ing0506-2
c0072,3.0,0.0,Ing0506-2
c0072,3.0,1.0,Ing0506-2
c0072,3.0,2.0,Ing0506-2
c0072,3.0,3.0,Ing0506-2
c0072,3.0,4.0,Ing0506-2
c0072,4.0,0.0,Ing0506-2
c0072,4.0,1.0,Ing0506-2
c0072,4.0,2.0,Ing0506-2
c0072,4.0,3.0,Ing0506-2
c0072,4.0,4.0,Ing0506-2
c0095,-1.0,0.0,Ing0506-2
c0095,-1.0,1.0,Ing0506-2
c0095,3.0,2.0,Ing0506-2
c0095,3.0,3.0,Ing0506-2
c0095,3.0,4.0,Ing0506-2
c0095,4.0,0.0,Ing0506-2
c0095,4.0,1.0,Ing0506-2
c0095,4.0,2.0,Ing0506-2
c0095,-1.0,3.0,Ing0506-2
,4.0,4.0,Ing0506-2
c0103,3.0,2.0,Ing0506-2
c0103,3.0,3.0,Ing0506-2
c0103,3.0,4.0,Ing0506-2
c0103,,0.0,Ing0506-2
c0103,4.0,1.0,Ing0506-2
c0103,4.0,2.0,Ing0506-2
c0103,4.0,3.0,Ing0506-2
c8888,4.0,4.0,Ing0506-2
c0108,0.0,0.0,Ing0506-2
c0108,1.0,0.0,Ing0506-2
c0108,2.0,0.0,Ing0506-2
c0108,2.0,1.0,Ing0506-2
c0108,2.0,2.0,Ing0506-2
c0108,2.0,3.0,Ing0506-2
c0108,,4.0,Ing0506-2
c0108,3.0,0.0,Ing0506-2
c0108,3.0,1.0,Ing0506-2
c0108,3.0,2.0,Ing0506-2
c0108,3.0,3.0,Ing0506-2
c0108,3.0,4.0,Ing0506-2
c0108,4.0,-1.0,Ing0506-2
c0108,4.0,4.0,Ing0506-2
c0110,0.0,-1.0,Ing0506-2
c0110,1.0,0.0,Ing0506-2
c0110,2.0,0.0,Ing0506-2
c0110,2.0,1.0,Ing0506-2
c0110,2.0,2.0,Ing0506-2
c0110,2.0,3.0,Ing0506-2
c0110,2.0,4.0,Ing0506-2
c0110,3.0,0.0,Ing0506-2
c0110,3.0,1.0,Ing0506-2
c0110,3.0,2.0,Ing0506-2
c0110,3.0,3.0,Ing0506-2
c0110,3.0,4.0,Ing0506-2
c0113,4.0,0.0,Ing0506-2
c0113,4.0,1.0,Ing0506-2
c0113,4.0,2.0,Ing0506-2
c0113,4.0,3.0,Ing0506-2
c0113,4.0,4.0,Ing0506-2
c8888,3.0,2.0,Ing0506-2
c0115,10.0,3.0,Ing0506-2
c0115,3.0,4.0,Ing0506-2
c0115,4.0,0.0,Ing0506-2
c0115,4.0,1.0,Ing0506-2
c0115,10.0,2.0,Ing0506-2
c0115,4.0,3.0,Ing0506-2
c0115,4.0,4.0,Ing0506-2
c0118,0.0,2.0,Ing0506-2
c0118,0.0,3.0,Ing0506-2
c0118,0.0,4.0,Ing0506-2
c0118,4.0,2.0,Ing0506-2
c0118,4.0,3.0,Ing0506-2
c0118,4.0,4.0,Ing0506-2
c0129,0.0,0.0,Ing0506-2
c0129,,1.0,Ing0506-2
c0129,0.0,2.0,Ing0506-2
c0129,0.0,3.0,Ing0506-2
c0129,0.0,4.0,Ing0506-2
c0129,1.0,0.0,Ing0506-2
c0129,1.0,1.0,Ing0506-2
c0129,1.0,2.0,Ing0506-2
c0129,3.0,2.0,Ing0506-2
c0129,4.0,2.0,Ing0506-2
c0129,4.0,4.0,Ing0506-2
c0131,2.0,0.0,Ing0506-2
c8888,,1.0,Ing0506-2
c0131,2.0,,Ing0506-2
c0131,2.0,3.0,Ing0506-2
c0131,2.0,4.0,Ing0506-2
c0131,3.0,2.0,Ing0506-2
c0131,4.0,2.0,Ing0506-2
c0131,4.0,4.0,Ing0506-2
c8888,0.0,2.0,Ing0506-2
c0132,1.0,2.0,Ing0506-2
c0132,1.0,4.0,Ing0506-2
c0132,3.0,2.0,Ing0506-2
c0132,3.0,3.0,Ing0506-2
c0132,3.0,4.0,Ing0506-2
c0132,4.0,0.0,Ing0506-2
c0132,4.0,1.0,Ing0506-2
c0132,4.0,10.0,Ing0506-2
c8888,4.0,3.0,Ing0506-2
c8888,10.0,4.0,Ing0506-2
c0133,0.0,2.0,Ing0506-2
c0133,1.0,2.0,Ing0506-2
c0133,1.0,4.0,Ing0506-2
c0152,3.0,2.0,Ing0506-2
c0152,4.0,2.0,Ing0506-2
c0152,4.0,4.0,Ing0506-2
c0153,0.0,0.0,Ing0506-2
c0153,0.0,1.0,Ing0506-2
c0153,0.0,2.0,Ing0506-2
c0153,0.0,3.0,Ing0506-2
c8888,0.0,,Ing0506-2
c0153,1.0,0.0,Ing0506-2
c0153,-1.0,1.0,Ing0506-2
c0153,1.0,2.0,Ing0506-2
c0153,1.0,3.0,Ing0506-2
c0153,1.0,4.0,Ing0506-2
c0153,2.0,0.0,Ing0506-2
c0153,2.0,1.0,Ing0506-2
c0153,3.0,4.0,Ing0506-2
c0153,4.0,1.0,Ing0506-2
c0153,4.0,2.0,Ing0506-2
c0153,4.0,3.0,Ing0506-2
c0153,4.0,4.0,Ing0506-2
c0178,0.0,0.0,Ing0506-2
c0178,0.0,1.0,Ing0506-2
c0178,0.0,2.0,Ing0506-2
c0178,-1.0,3.0,Ing0506-2
c0178,1.0,0.0,Ing0506-2
c0178,2.0,0.0,Ing0506-2
c0178,3.0,0.0,Ing0506-2
c8888,4.0,0.0,Ing0506-2
c0191,0.0,0.0,Ing0506-2
c0191,0.0,1.0,Ing0506-2
c0191,0.0,2.0,Ing0506-2
c0191,-1.0,0.0,Ing0506-2
c0191,4.0,1.0,Ing0506-2
c0191,4.0,2.0,Ing0506-2
c0191,4.0,3.0,Ing0506-2
c0191,4.0,4.0,Ing0506-2
c0193,0.0,0.0,Ing0506-2
c0193,0.0,1.0,Ing0506-2
c0193,0.0,2.0,Ing0506-2
c0193,0.0,3.0,Ing0506-2
c8888,0.0,4.0,Ing0506-2
c0193,2.0,-1.0,Ing0506-2
c0193,2.0,1.0,Ing0506-2
c0193,2.0,2.0,Ing0506-2
c0193,3.0,0.0,Ing0506-2
c0193,3.0,1.0,Ing0506-2
c0193,3.0,2.0,Ing0506-2
c0195,0.0,,Ing0506-2
c0195,0.0,3.0,Ing0506-2
c0195,0.0,4.0,Ing0506-2
c0195,1.0,2.0,Ing0506-2
c0195,10.0,3.0,Ing0506-2
c0195,1.0,4.0,Ing0506-2
c8888,2.0,2.0,Ing0506-2
c0195,2.0,3.0,Ing0506-2
c0195,2.0,4.0,Ing0506-2
c0195,3.0,2.0,Ing0506-2
c0195,3.0,10.0,Ing0506-2
c0195,3.0,4.0,Ing0506-2
c0195,4.0,2.0,Ing0506-2
c0195,4.0,10.0,Ing0506-2
c0195,4.0,4.0,Ing0506-2
c0201,0.0,0.0,Ing0506-2
c8888,0.0,3.0,Ing0506-2
c0201,0.0,4.0,Ing0506-2
c0201,4.0,0.0,Ing0506-2
c0201,4.0,1.0,Ing0506-2
c8888,4.0,2.0,Ing0506-2
c0206,3.0,0.0,Ing0506-2
c0206,3.0,1.0,Ing0506-2
c0206,3.0,2.0,Ing0506-2
c0206,3.0,-1.0,Ing0506-2
c0206,3.0,4.0,Ing0506-2
c0206,4.0,2.0,Ing0506-2
c0206,4.0,3.0,Ing0506-2
c0206,4.0,,Ing0506-2
c0211,0.0,0.0,Ing0506-2
c0211,1.0,0.0,Ing0506-2
c0211,,0.0,Ing0506-2
c0211,3.0,0.0,Ing0506-2
c0211,4.0,0.0,Ing0506-2
c0211,4.0,4.0,Ing0506-2
c0213,0.0,0.0,Ing0506-2
c8888,0.0,3.0,Ing0506-2
c0213,0.0,4.0,Ing0506-2
c0213,1.0,4.0,Ing0506-2
c0213,2.0,4.0,Ing0506-2
c0213,3.0,4.0,Ing0506-2
c0213,4.0,3.0,Ing0506-2
c0213,10.0,4.0,Ing0506-2
c0219,3.0,0.0,Ing0506-2
c0219,,1.0,Ing0506-2
c0219,-1.0,2.0,Ing0506-2
c0219,3.0,3.0,Ing0506-2
,3.0,4.0,Ing0506-2
c8888,4.0,0.0,Ing0506-2
c0219,4.0,1.0,Ing0506-2
c0219,4.0,2.0,Ing0506-2
c0230,0.0,0.0,Ing0506-2
c0230,0.0,2.0,Ing0506-2
c0230,1.0,2.0,Ing0506-2
c0230,2.0,2.0,Ing0506-2
c0230,3.0,2.0,Ing0506-2
c0230,4.0,2.0,Ing0506-2
c0230,4.0,3.0,Ing0506-2
c0230,4.0,4.0,Ing0506-2
c8888,10.0,2.0,Ing0506-2
c0232,1.0,2.0,Ing0506-2
c0232,2.0,2.0,Ing0506-2
c0232,3.0,2.0,Ing0506-2
c0232,4.0,2.0,Ing0506-2
c0238,0.0,3.0,Ing0506-2
c0238,-1.0,4.0,Ing0506-2
c0238,1.0,3.0,Ing0506-2
c0238,1.0,4.0,Ing0506-2
c0238,2.0,3.0,Ing0506-2
c0238,-1.0,4.0,Ing0506-2
c0238,3.0,3.0,Ing0506-2
c0238,3.0,4.0,Ing0506-2
c0238,4.0,3.0,Ing0506-2
c0238,4.0,4.0,Ing0506-2
c0252,0.0,0.0,Ing0506-2
c0252,1.0,0.0,Ing0506-2
c0252,2.0,0.0,Ing0506-2
c0252,2.0,2.0,Ing0506-2
c0252,2.0,3.0,Ing0506-2
c0252,-1.0,4.0,Ing0506-2
c0252,3.0,0.0,Ing0506-2
c0252,4.0,,Ing0506-2
c0253,4.0,0.0,Ing0506-2
c0253,4.0,1.0,Ing0506-2
c0253,4.0,2.0,Ing0506-2
c0253,4.0,3.0,Ing0506-2
c8888,4.0,4.0,Ing0506-2
c0257,0.0,0.0,Ing0506-2
c0257,10.0,1.0,Ing0506-2
c0257,0.0,2.0,Ing0506-2
c0257,0.0,3.0,Ing0506-2
c0257,0.0,4.0,Ing0506-2
c0257,4.0,0.0,Ing0506-2
c0257,4.0,1.0,Ing0506-2
c0257,4.0,2.0,Ing0506-2
c0257,4.0,3.0,Ing0506-2
c0257,4.0,4.0,Ing0506-2
c0279,0.0,3.0,Ing0506-2
c0279,0.0,4.0,Ing0506-2
c0279,1.0,3.0,Ing0506-2
c0279,1.0,4.0,Ing0506-2
c0279,2.0,3.0,Ing0506-2
c0279,2.0,10.0,Ing0506-2
c0279,-1.0,3.0,Ing0506-2
c0279,3.0,4.0,Ing0506-2
c0279,4.0,3.0,Ing0506-2
c0279,,4.0,Ing0506-2
c0411,0.0,0.0,Ing0506-2
c8888,0.0,1.0,Ing0506-2
c0411,0.0,2.0,Ing0506-2
c0411,0.0,3.0,Ing0506-2
c8888,0.0,4.0,Ing0506-2
c0411,1.0,0.0,Ing0506-2
c0411,1.0,1.0,Ing0506-2
c0411,1.0,2.0,Ing0506-2
c0423,1.0,2.0,Ing0506-2
c0423,2.0,2.0,Ing0506-2
c0423,3.0,2.0,Ing0506-2
c0423,4.0,0.0,Ing0506-2
c8888,4.0,1.0,Ing0506-2
c0423,4.0,2.0,Ing0506-2
c0423,4.0,3.0,Ing0506-2
c0423,4.0,,Ing0506-2
c0430,0.0,0.0,Ing0506-2
c0430,0.0,1.0,Ing0506-2
c0430,1.0,2.0,Ing0506-2
c8888,-1.0,2.0,Ing0506-2
c0430,3.0,2.0,Ing0506-2
c0430,4.0,2.0,Ing0506-2
c0430,4.0,3.0,Ing0506-2
c0430,4.0,4.0,Ing0506-2
c0432,0.0,10.0,Ing0506-2
c0432,2.0,1.0,Ing0506-2
c8888,3.0,0.0,Ing0506-2
c0432,3.0,1.0,Ing0506-2
c0432,3.0,2.0,Ing0506-2
c0432,3.0,3.0,Ing0506-2
c0432,3.0,4.0,Ing0506-2
c0432,4.0,1.0,Ing0506-2
c0443,0.0,0.0,Ing0506-2
c0443,0.0,1.0,Ing0506-2
c0443,0.0,2.0,Ing0506-2
c0443,0.0,3.0,Ing0506-2
c0443,0.0,4.0,Ing0506-2
c0443,1.0,0.0,Ing0506-2
c0443,1.0,1.0,Ing0506-2
c0443,4.0,4.0,Ing0506-2
c0449,4.0,0.0,Ing0506-2
c0449,10.0,1.0,Ing0506-2
c0449,-1.0,2.0,Ing0506-2
c0449,10.0,3.0,Ing0506-2
c0449,4.0,4.0,Ing0506-2
c0455,1.0,3.0,Ing0506-2
c0455,1.0,4.0,Ing0506-2
c0455,2.0,0.0,Ing0506-2
c0455,10.0,1.0,Ing0506-2
c0455,2.0,2.0,Ing0506-2
c0455,2.0,3.0,Ing0506-2
c0455,2.0,4.0,Ing0506-2
c0455,4.0,-1.0,Ing0506-2
c0478,0.0,2.0,Ing0506-2
c0478,0.0,,Ing0506-2
c0478,,4.0,Ing0506-2
c0478,2.0,2.0,Ing0506-2
c0478,2.0,3.0,Ing0506-2
c8888,2.0,4.0,Ing0506-2
c0479,0.0,0.0,Ing0506-2
c0479,0.0,1.0,Ing0506-2
c0479,0.0,2.0,Ing0506-2
c0479,4.0,0.0,Ing0506-2
c8888,4.0,1.0,Ing0506-2
c0479,4.0,2.0,Ing0506-2
c0479,4.0,3.0,Ing0506-2
c8888,4.0,4.0,Ing0506-2
c0487,0.0,0.0,Ing0506-2
c0487,0.0,1.0,Ing0506-2
c0487,4.0,0.0,Ing0506-2
c0487,4.0,1.0,Ing0506-2
c0487,,2.0,Ing0506-2
c0487,4.0,3.0,Ing0506-2
c0487,10.0,4.0,Ing0506-2
c8888,0.0,0.0,Ing0506-2
c0496,1.0,0.0,Ing0506-2
c0496,-1.0,0.0,Ing0506-2
c0496,3.0,0.0,Ing0506-2
c0496,4.0,0.0,Ing0506-2
c0503,0.0,0.0,Ing0506-2
c0503,0.0,1.0,Ing0506-2
c8888,0.0,2.0,Ing0506-2
c0503,3.0,2.0,Ing0506-2
c0503,3.0,3.0,Ing0506-2
c0503,-1.0,4.0,Ing0506-2
c0512,3.0,4.0,Ing0506-2
c8888,0.0,2.0,Ing0506-2
c0515,0.0,10.0,Ing0506-2
c0515,0.0,4.0,Ing0506-2
c0515,1.0,2.0,Ing0506-2
c0515,1.0,3.0,Ing0506-2
c0515,1.0,4.0,Ing0506-2
c0515,2.0,2.0,Ing0506-2
c0515,2.0,3.0,Ing0506-2
c0515,2.0,-1.0,Ing0506-2
c0515,3.0,2.0,Ing0506-2
c0515,3.0,3.0,Ing0506-2
c0515,3.0,4.0,Ing0506-2
c0515,4.0,2.0,Ing0506-2
c0515,4.0,3.0,Ing0506-2
c0515,4.0,4.0,Ing0506-2
c0526,4.0,0.0,Ing0506-2
c0526,4.0,1.0,Ing0506-2
c0526,4.0,2.0,Ing0506-2
c0526,4.0,3.0,Ing0506-2
c0526,4.0,4.0,Ing0506-2
c0530,3.0,4.0,Ing0506-2
c0532,0.0,2.0,Ing0506-2
c0532,1.0,2.0,Ing0506-2
c0532,1.0,3.0,Ing0506-2
c0532,1.0,4.0,Ing0506-2
c0532,2.0,3.0,Ing0506-2
,2.0,4.0,Ing0506-2
c0532,3.0,2.0,Ing0506-2
c0532,4.0,2.0,Ing0506-2
c0534,0.0,0.0,Ing0506-2
c0534,0.0,1.0,Ing0506-2
c0534,0.0,2.0,Ing0506-2
c0534,0.0,3.0,Ing0506-2
c0534,0.0,4.0,Ing0506-2
c0534,4.0,2.0,Ing0506-2
c0534,4.0,3.0,Ing0506-2
c0534,4.0,4.0,Ing0506-2
c0535,1.0,0.0,Ing0506-2
c0535,1.0,1.0,Ing0506-2
c0535,1.0,2.0,Ing0506-2
c0535,1.0,-1.0,Ing0506-2
c0535,1.0,4.0,Ing0506-2
c0535,3.0,0.0,Ing0506-2
c0535,3.0,1.0,Ing0506-2
c0535,3.0,2.0,Ing0506-2
c0539,0.0,2.0,Ing0506-2
c0539,1.0,2.0,Ing0506-2
c0539,2.0,2.0,Ing0506-2
c0539,3.0,2.0,Ing0506-2
c0539,4.0,10.0,Ing0506-2
c0554,0.0,0.0,Ing0506-2
c0554,0.0,1.0,Ing0506-2
c8888,1.0,0.0,Ing0506-2
c0554,10.0,0.0,Ing0506-2
c0554,,0.0,Ing0506-2
c0554,4.0,0.0,Ing0506-2
c0554,4.0,3.0,Ing0506-2
c0554,4.0,4.0,Ing0506-2
c0602,3.0,0.0,Ing0506-2
c0602,3.0,1.0,Ing0506-2
c0722,0.0,0.0,Ing0506-2
c8888,0.0,1.0,Ing0506-2
c0722,2.0,0.0,Ing0506-2
c0722,2.0,1.0,Ing0506-2
c0722,2.0,2.0,Ing0506-2
c0722,2.0,3.0,Ing0506-2
c0722,2.0,4.0,Ing0506-2
c0722,4.0,4.0,Ing0506-2
c0723,10.0,0.0,Ing0506-2
c0723,1.0,1.0,Ing0506-2
c0723,1.0,2.0,Ing0506-2
c0723,1.0,3.0,Ing0506-2
c0723,2.0,3.0,Ing0506-2
c0723,3.0,3.0,Ing0506-2
c0723,3.0,-1.0,Ing0506-2
c0723,4.0,4.0,Ing0506-2
c0725,0.0,2.0,Ing0506-2
c0725,1.0,2.0,Ing0506-2
c0725,,2.0,Ing0506-2
c0725,3.0,2.0,Ing0506-2
c0725,4.0,2.0,Ing0506-2
c0730,0.0,0.0,Ing0506-2
c0730,0.0,1.0,Ing0506-2
c8888,0.0,2.0,Ing0506-2
c0730,0.0,3.0,Ing0506-2
c0730,0.0,4.0,Ing0506-2
c0730,1.0,0.0,Ing0506-2
c0730,1.0,1.0,Ing0506-2
c0730,1.0,2.0,Ing0506-2
c0737,0.0,0.0,Ing0506-2
c0737,0.0,1.0,Ing0506-2
c0737,0.0,2.0,Ing0506-2
c0737,0.0,3.0,Ing0506-2
c0737,0.0,4.0,Ing0506-2
c0737,2.0,0.0,Ing0506-2
c8888,2.0,1.0,Ing0506-2
c0737,2.0,2.0,Ing0506-2
c0737,3.0,0.0,Ing0506-2
c0737,3.0,1.0,Ing0506-2
c0737,,2.0,Ing0506-2
c0742,0.0,0.0,Ing0506-2
c0742,0.0,1.0,Ing0506-2
c0742,0.0,2.0,Ing0506-2
c0742,0.0,3.0,Ing0506-2
c0742,4.0,1.0,Ing0506-2
c0742,4.0,2.0,Ing0506-2
c0742,4.0,3.0,Ing0506-2
c0742,,4.0,Ing0506-2
c8888,0.0,0.0,Ing0506-2
c0746,1.0,0.0,Ing0506-2
c0746,2.0,0.0,Ing0506-2
c0746,3.0,0.0,Ing0506-2
c0746,4.0,0.0,Ing0506-2
c0794,0.0,2.0,Ing0506-2
c0794,1.0,2.0,Ing0506-2
c0794,2.0,2.0,Ing0506-2
c0794,3.0,2.0,Ing0506-2
c0794,4.0,2.0,Ing0506-2
c0804,,0.0,Ing0506-2
c0804,4.0,1.0,Ing0506-2
c0804,4.0,2.0,Ing0506-2
c8888,4.0,3.0,Ing0506-2
c0804,4.0,4.0,Ing0506-2
c0807,0.0,0.0,Ing0506-2
c0807,0.0,4.0,Ing0506-2
c0807,1.0,0.0,Ing0506-2
c0807,1.0,4.0,Ing0506-2
c0807,2.0,4.0,Ing0506-2
c0807,3.0,4.0,Ing0506-2
c0807,4.0,4.0,Ing0506-2
c0808,0.0,0.0,Ing0506-2
c0808,0.0,2.0,Ing0506-2
c0808,-1.0,2.0,Ing0506-2
c0808,2.0,2.0,Ing0506-2
c8888,3.0,2.0,Ing0506-2
c0808,4.0,0.0,Ing0506-2
c0808,4.0,2.0,Ing0506-2
c8888,4.0,4.0,Ing0506-2
c0822,0.0,0.0,Ing0506-2
c0822,0.0,1.0,Ing0506-2
c0822,0.0,2.0,Ing0506-2
c0822,1.0,2.0,Ing0506-2
c0822,2.0,2.0,Ing0506-2
c0822,4.0,2.0,Ing0506-2
c0822,4.0,3.0,Ing0506-2
c8888,4.0,4.0,Ing0506-2
c0835,4.0,0.0,Ing0506-2
c0835,4.0,1.0,Ing0506-2
c0835,4.0,2.0,Ing0506-2
c0835,4.0,3.0,Ing0506-2
c0835,4.0,4.0,Ing0506-2
c0847,0.0,0.0,Ing0506-2
c0847,0.0,1.0,Ing0506-2
c0847,0.0,2.0,Ing0506-2
c0847,0.0,3.0,Ing0506-2
c0847,10.0,4.0,Ing0506-2
c0847,1.0,0.0,Ing0506-2
c0847,1.0,1.0,Ing0506-2
c0847,1.0,2.0,Ing0506-2
c0897,0.0,2.0,Ing0506-2
c0897,1.0,2.0,Ing0506-2
c0897,1.0,4.0,Ing0506-2
c0897,4.0,10.0,Ing0506-2
c0897,4.0,4.0,Ing0506-2
c0936,0.0,0.0,Ing0506-2
c0936,0.0,1.0,Ing0506-2
c0936,2.0,0.0,Ing0506-2
c0936,2.0,1.0,Ing0506-2
c0936,2.0,2.0,Ing0506-2
c0936,2.0,3.0,Ing0506-2
c0936,2.0,4.0,Ing0506-2
c0936,4.0,4.0,Ing0506-2
c0998,0.0,0.0,Ing0506-2
c8888,0.0,,Ing0506-2
c0998,0.0,2.0,Ing0506-2
c0998,0.0,3.0,Ing0506-2
c0998,0.0,4.0,Ing0506-2
c0998,4.0,2.0,Ing0506-2
c0998,4.0,3.0,Ing0506-2
c0998,4.0,10.0,Ing0506-2
c8888,0.0,0.0,Ing0506-2
c1053,0.0,1.0,Ing0506-2
c1053,0.0,2.0,Ing0506-2
c1053,0.0,3.0,Ing0506-2
c1053,0.0,4.0,Ing0506-2
c1053,1.0,0.0,Ing0506-2
c1053,1.0,1.0,Ing0506-2
c8888,3.0,0.0,Ing0506-2
c1053,3.0,1.0,Ing0506-2
c1053,3.0,10.0,Ing0506-2
c1053,3.0,3.0,Ing0506-2
c1053,3.0,4.0,Ing0506-2
c1053,4.0,0.0,Ing0506-2
c1053,4.0,1.0,Ing0506-2
c1053,4.0,2.0,Ing0506-2
c1053,4.0,3.0,Ing0506-2
c1053,4.0,4.0,Ing0506-2
c1074,0.0,3.0,Ing0506-2
c1074,0.0,4.0,Ing0506-2
c1074,1.0,4.0,Ing0506-2
c1074,2.0,3.0,Ing0506-2
c1074,2.0,4.0,Ing0506-2
c1074,3.0,4.0,Ing0506-2
c1074,4.0,3.0,Ing0506-2
c1074,4.0,4.0,Ing0506-2
c1077,1.0,0.0,Ing0506-2
c1077,1.0,1.0,Ing0506-2
c1077,1.0,2.0,Ing0506-2
c1077,1.0,3.0,Ing0506-2
c1077,1.0,4.0,Ing0506-2
c1077,3.0,0.0,Ing0506-2
c1077,3.0,1.0,Ing0506-2
c1077,3.0,2.0,Ing0506-2
c0006,4.0,0.0,Ing0304-2
c0006,4.0,1.0,Ing0304-2
c0006,4.0,2.0,Ing0304-2
c0006,4.0,3.0,Ing0304-2
c0006,4.0,,Ing0304-2
c0011,1.0,0.0,Ing0304-2
c0011,1.0,1.0,Ing0304-2
c0011,-1.0,2.0,Ing0304-2
c0011,1.0,3.0,Ing0304-2
c0011,1.0,4.0,Ing0304-2
c0011,4.0,3.0,Ing0304-2
c8888,4.0,4.0,Ing0304-2
c0018,0.0,0.0,Ing0304-2
c0018,0.0,1.0,Ing0304-2
c0018,0.0,2.0,Ing0304-2
c0018,0.0,3.0,Ing0304-2
c0018,0.0,4.0,Ing0304-2
c0018,4.0,2.0,Ing0304-2
c0018,4.0,3.0,Ing0304-2
c0018,4.0,4.0,Ing0304-2
c0026,0.0,2.0,Ing0304-2
c0026,1.0,2.0,Ing0304-2
c0026,2.0,2.0,Ing0304-2
c0026,3.0,2.0,Ing0304-2
c0026,4.0,2.0,Ing0304-2
c8888,0.0,0.0,Ing0304-2
c0027,0.0,1.0,Ing0304-2
c0027,3.0,0.0,Ing0304-2
c0027,3.0,1.0,Ing0304-2
c0027,3.0,2.0,Ing0304-2
c0027,3.0,3.0,Ing0304-2
c0027,,4.0,Ing0304-2
c0027,4.0,0.0,Ing0304-2
c0027,4.0,1.0,Ing0304-2
c0027,4.0,2.0,Ing0304-2
c0027,4.0,3.0,Ing0304-2
c8888,4.0,4.0,Ing0304-2
c0028,0.0,10.0,Ing0304-2
c0028,0.0,1.0,Ing0304-2
c0028,0.0,2.0,Ing0304-2
c0028,0.0,3.0,Ing0304-2
c0028,0.0,4.0,Ing0304-2
c0028,4.0,2.0,Ing0304-2
c0028,4.0,3.0,Ing0304-2
c0028,4.0,4.0,Ing0304-2
c0049,0.0,0.0,Ing0304-2
c0049,0.0,1.0,Ing0304-2
c0049,0.0,2.0,Ing0304-2
c0049,0.0,3.0,Ing0304-2
c0049,0.0,4.0,Ing0304-2
c0049,4.0,2.0,Ing0304-2
c0049,4.0,3.0,Ing0304-2
c0049,4.0,4.0,Ing0304-2
c0051,2.0,2.0,Ing0304-2
c0051,2.0,3.0,Ing0304-2
c0051,2.0,4.0,Ing0304-2
c0051,3.0,10.0,Ing0304-2
c0051,3.0,3.0,Ing0304-2
c0051,3.0,4.0,Ing0304-2
c0051,10.0,3.0,Ing0304-2
c0051,4.0,4.0,Ing0304-2
c0059,2.0,2.0,Ing0304-2
c0059,2.0,-1.0,Ing0304-2
c0059,2.0,4.0,Ing0304-2
c0059,4.0,0.0,Ing0304-2
c0059,4.0,1.0,Ing0304-2
c0059,10.0,2.0,Ing0304-2
c0059,4.0,3.0,Ing0304-2
c0059,4.0,4.0,Ing0304-2
c8888,4.0,0.0,Ing0304-2
c0064,4.0,1.0,Ing0304-2
c0064,4.0,-1.0,Ing0304-2
c0064,4.0,3.0,Ing0304-2
c0064,4.0,4.0,Ing0304-2
c0065,0.0,2.0,Ing0304-2
c0065,0.0,3.0,Ing0304-2
c0065,0.0,4.0,Ing0304-2
c0065,2.0,-1.0,Ing0304-2
c0065,2.0,3.0,Ing0304-2
c0065,2.0,4.0,Ing0304-2
c0073,0.0,0.0,Ing0304-2
c0073,0.0,1.0,Ing0304-2
c0073,0.0,2.0,Ing0304-2
c0073,0.0,3.0,Ing0304-2
c0073,0.0,4.0,Ing0304-2
c0073,4.0,0.0,Ing0304-2
c0073,4.0,1.0,Ing0304-2
c0073,4.0,2.0,Ing0304-2
c0073,4.0,3.0,Ing0304-2
c0073,4.0,4.0,Ing0304-2
c0085,0.0,0.0,Ing0304-2
c0085,0.0,-1.0,Ing0304-2
c0085,4.0,0.0,Ing0304-2
c0085,4.0,-1.0,Ing0304-2
c0085,4.0,2.0,Ing0304-2
c0085,4.0,3.0,Ing0304-2
c0085,4.0,4.0,Ing0304-2
c0097,0.0,0.0,Ing0304-2
c8888,0.0,,Ing0304-2
c0097,0.0,2.0,Ing0304-2
c8888,0.0,3.0,Ing0304-2
c0097,0.0,4.0,Ing0304-2
c0097,1.0,0.0,Ing0304-2
c0097,1.0,1.0,Ing0304-2
c0097,4.0,0.0,Ing0304-2
c0097,4.0,1.0,Ing0304-2
c0097,4.0,2.0,Ing0304-2
c0097,4.0,3.0,Ing0304-2
c0097,4.0,4.0,Ing0304-2
c0099,2.0,2.0,Ing0304-2
c0099,2.0,3.0,Ing0304-2
c0099,2.0,4.0,Ing0304-2
c0099,3.0,2.0,Ing0304-2
c0099,3.0,3.0,Ing0304-2
c0099,3.0,4.0,Ing0304-2
c0099,4.0,3.0,Ing0304-2
c0099,4.0,4.0,Ing0304-2
c0101,3.0,0.0,Ing0304-2
c0101,3.0,-1.0,Ing0304-2
c0101,3.0,2.0,Ing0304-2
c0101,3.0,3.0,Ing0304-2
c0101,3.0,4.0,Ing0304-2
c0101,4.0,0.0,Ing0304-2
c0101,4.0,1.0,Ing0304-2
c0101,4.0,2.0,Ing0304-2
c0101,,3.0,Ing0304-2
c0101,4.0,4.0,Ing0304-2
c0105,2.0,2.0,Ing0304-2
c0105,2.0,3.0,Ing0304-2
c0105,2.0,4.0,Ing0304-2
c0105,3.0,0.0,Ing0304-2
c0105,3.0,1.0,Ing0304-2
c0105,3.0,2.0,Ing0304-2
,3.0,10.0,Ing0304-2
c0105,3.0,4.0,Ing0304-2
c8888,4.0,0.0,Ing0304-2
c0105,4.0,1.0,Ing0304-2
c0105,4.0,2.0,Ing0304-2
c0105,4.0,3.0,Ing0304-2
c0105,4.0,4.0,Ing0304-2
c0128,0.0,2.0,Ing0304-2
c0128,1.0,2.0,Ing0304-2
c0128,1.0,4.0,Ing0304-2
c0128,2.0,2.0,Ing0304-2
c0128,3.0,2.0,Ing0304-2
c0128,4.0,2.0,Ing0304-2
c0142,1.0,4.0,Ing0304-2
c0180,4.0,0.0,Ing0304-2
c0180,4.0,1.0,Ing0304-2
c0180,4.0,2.0,Ing0304-2
c0180,4.0,3.0,Ing0304-2
c0180,4.0,4.0,Ing0304-2
c0184,2.0,0.0,Ing0304-2
c0184,2.0,1.0,Ing0304-2
c0184,2.0,2.0,Ing0304-2
c0184,2.0,3.0,Ing0304-2
c8888,2.0,4.0,Ing0304-2
c0184,4.0,0.0,Ing0304-2
c0184,4.0,1.0,Ing0304-2
c0184,4.0,2.0,Ing0304-2
c8888,4.0,3.0,Ing0304-2
c0184,4.0,4.0,Ing0304-2
c0185,2.0,0.0,Ing0304-2
c0185,2.0,1.0,Ing0304-2
c0185,4.0,0.0,Ing0304-2
c0185,4.0,1.0,Ing0304-2
c0185,4.0,2.0,Ing0304-2
c0185,4.0,3.0,Ing0304-2
c0185,4.0,4.0,Ing0304-2
c0189,0.0,0.0,Ing0304-2
c0189,0.0,1.0,Ing0304-2
c0189,0.0,2.0,Ing0304-2
c0189,0.0,3.0,Ing0304-2
c0189,0.0,4.0,Ing0304-2
c0189,4.0,0.0,Ing0304-2
c0189,4.0,1.0,Ing0304-2
c0189,4.0,2.0,Ing0304-2
c0189,4.0,3.0,Ing0304-2
c0189,4.0,4.0,Ing0304-2
c0199,,3.0,Ing0304-2
c0199,2.0,4.0,Ing0304-2
c8888,3.0,0.0,Ing0304-2
c0199,3.0,1.0,Ing0304-2
c0199,3.0,2.0,Ing0304-2
c0199,3.0,3.0,Ing0304-2
c0199,10.0,4.0,Ing0304-2
c0199,4.0,0.0,Ing0304-2
c0199,4.0,1.0,Ing0304-2
c0199,4.0,2.0,Ing0304-2
c0199,4.0,3.0,Ing0304-2
c0199,4.0,4.0,Ing0304-2
c0202,3.0,0.0,Ing0304-2
c0202,3.0,1.0,Ing0304-2
c0202,3.0,2.0,Ing0304-2
c0202,3.0,3.0,Ing0304-2
c0202,3.0,4.0,Ing0304-2
c0202,4.0,0.0,Ing0304-2
c0202,4.0,1.0,Ing0304-2
c0202,4.0,-1.0,Ing0304-2
c0202,4.0,3.0,Ing0304-2
c0202,4.0,4.0,Ing0304-2
,0.0,2.0,Ing0304-2
c0212,1.0,2.0,Ing0304-2
c0212,2.0,2.0,Ing0304-2
c0212,3.0,2.0,Ing0304-2
c0212,4.0,2.0,Ing0304-2
c0220,4.0,2.0,Ing0304-2
c0220,4.0,4.0,Ing0304-2
c0228,0.0,0.0,Ing0304-2
c0228,1.0,0.0,Ing0304-2
c0228,2.0,0.0,Ing0304-2
c0228,2.0,4.0,Ing0304-2
c8888,3.0,0.0,Ing0304-2
c0228,3.0,4.0,Ing0304-2
c0228,4.0,0.0,Ing0304-2
c0228,4.0,4.0,Ing0304-2
c0231,0.0,0.0,Ing0304-2
c0231,2.0,0.0,Ing0304-2
c0231,4.0,0.0,Ing0304-2
c0261,2.0,3.0,Ing0304-2
c0261,2.0,4.0,Ing0304-2
c0261,3.0,0.0,Ing0304-2
c0261,3.0,1.0,Ing0304-2
c0261,3.0,2.0,Ing0304-2
c0261,3.0,3.0,Ing0304-2
c0261,3.0,4.0,Ing0304-2
c0261,4.0,4.0,Ing0304-2
c0281,0.0,4.0,Ing0304-2
c0281,1.0,2.0,Ing0304-2
c0281,1.0,3.0,Ing0304-2
c0281,1.0,4.0,Ing0304-2
c0281,2.0,4.0,Ing0304-2
c0281,3.0,4.0,Ing0304-2
c0281,4.0,0.0,Ing0304-2
c0281,4.0,1.0,Ing0304-2
c0281,4.0,2.0,Ing0304-2
c8888,4.0,3.0,Ing0304-2
c0281,4.0,4.0,Ing0304-2
c0324,0.0,0.0,Ing0304-2
c0324,0.0,1.0,Ing0304-2
c0324,0.0,2.0,Ing0304-2
c0324,3.0,0.0,Ing0304-2
c0324,3.0,1.0,Ing0304-2
c0324,3.0,2.0,Ing0304-2
c0324,3.0,3.0,Ing0304-2
c0324,3.0,4.0,Ing0304-2
c0324,4.0,0.0,Ing0304-2
c0324,4.0,1.0,Ing0304-2
c0324,4.0,2.0,Ing0304-2
c0324,4.0,3.0,Ing0304-2
c0324,4.0,4.0,Ing0304-2
c0420,0.0,0.0,Ing0304-2
c0420,0.0,1.0,Ing0304-2
c0420,0.0,2.0,Ing0304-2
c0420,0.0,3.0,Ing0304-2
c0420,0.0,4.0,Ing0304-2
c0420,1.0,0.0,Ing0304-2
c0420,10.0,1.0,Ing0304-2
c0420,1.0,,Ing0304-2
c0427,-1.0,4.0,Ing0304-2
c0427,2.0,4.0,Ing0304-2
c0427,3.0,4.0,Ing0304-2
c0427,4.0,0.0,Ing0304-2
c0427,4.0,1.0,Ing0304-2
c0427,4.0,2.0,Ing0304-2
c0427,4.0,3.0,Ing0304-2
c0427,4.0,4.0,Ing0304-2
c0429,1.0,0.0,Ing0304-2
c0429,1.0,1.0,Ing0304-2
c0429,1.0,2.0,Ing0304-2
c0429,2.0,2.0,Ing0304-2
c0429,3.0,10.0,Ing0304-2
c0429,4.0,2.0,Ing0304-2
c0429,4.0,3.0,Ing0304-2
c8888,4.0,4.0,Ing0304-2
c0433,0.0,0.0,Ing0304-2
c0433,0.0,1.0,Ing0304-2
c0433,4.0,0.0,Ing0304-2
c0433,4.0,10.0,Ing0304-2
c0433,4.0,2.0,Ing0304-2
c0433,4.0,3.0,Ing0304-2
c0433,4.0,4.0,Ing0304-2
c0440,0.0,0.0,Ing0304-2
c0440,0.0,1.0,Ing0304-2
c0440,0.0,2.0,Ing0304-2
c0440,0.0,3.0,Ing0304-2
c0440,0.0,4.0,Ing0304-2
c8888,1.0,0.0,Ing0304-2
c0440,,1.0,Ing0304-2
c0440,1.0,2.0,Ing0304-2
c0442,0.0,0.0,Ing0304-2
c0442,0.0,1.0,Ing0304-2
c0442,0.0,2.0,Ing0304-2
c0442,0.0,3.0,Ing0304-2
c0442,0.0,4.0,Ing0304-2
c0442,4.0,2.0,Ing0304-2
c0442,4.0,3.0,Ing0304-2
c0442,4.0,4.0,Ing0304-2
c0450,2.0,0.0,Ing0304-2
c0450,2.0,1.0,Ing0304-2
c0450,2.0,2.0,Ing0304-2
c0450,2.0,3.0,Ing0304-2
c0450,2.0,4.0,Ing0304-2
c0450,4.0,0.0,Ing0304-2
c8888,4.0,1.0,Ing0304-2
c8888,4.0,2.0,Ing0304-2
c0450,4.0,3.0,Ing0304-2
c0450,4.0,4.0,Ing0304-2
c0452,0.0,0.0,Ing0304-2
c8888,0.0,1.0,Ing0304-2
c0452,0.0,2.0,Ing0304-2
c8888,0.0,3.0,Ing0304-2
c8888,0.0,4.0,Ing0304-2
c0452,1.0,0.0,Ing0304-2
c0452,1.0,2.0,Ing0304-2
c0452,2.0,2.0,Ing0304-2
c0452,2.0,3.0,Ing0304-2
c0452,2.0,4.0,Ing0304-2
c0452,3.0,2.0,Ing0304-2
c0452,3.0,3.0,Ing0304-2
c0452,3.0,4.0,Ing0304-2
c0452,4.0,0.0,Ing0304-2
c0452,4.0,1.0,Ing0304-2
c0452,4.0,2.0,Ing0304-2
c0452,4.0,3.0,Ing0304-2
c0452,4.0,4.0,Ing0304-2
c8888,0.0,0.0,Ing0304-2
c0474,0.0,1.0,Ing0304-2
c0474,0.0,2.0,Ing0304-2
c0474,0.0,3.0,Ing0304-2
c0474,0.0,4.0,Ing0304-2
c0474,1.0,0.0,Ing0304-2
c0474,1.0,1.0,Ing0304-2
c0474,,2.0,Ing0304-2
c0485,10.0,0.0,Ing0304-2
c0485,0.0,1.0,Ing0304-2
c0485,0.0,2.0,Ing0304-2
c0485,0.0,3.0,Ing0304-2
c0485,0.0,4.0,Ing0304-2
c0485,4.0,2.0,Ing0304-2
c0485,4.0,3.0,Ing0304-2
c0485,4.0,4.0,Ing0304-2
c0495,0.0,0.0,Ing0304-2
c0495,0.0,1.0,Ing0304-2
c0495,4.0,4.0,Ing0304-2
c8888,-1.0,0.0,Ing0304-2
c0742,1.0,0.0,Ing0304-2
c0742,2.0,0.0,Ing0304-2
c0742,10.0,0.0,Ing0304-2
c0742,4.0,1.0,Ing0304-2
c0742,4.0,2.0,Ing0304-2
c0742,4.0,3.0,Ing0304-2
c0742,10.0,4.0,Ing0304-2
c0767,0.0,10.0,Ing0304-2
c0767,0.0,1.0,Ing0304-2
c0767,4.0,0.0,Ing0304-2
c0767,4.0,,Ing0304-2
c0767,4.0,10.0,Ing0304-2
c0767,4.0,-1.0,Ing0304-2
c0767,4.0,4.0,Ing0304-2
c0792,0.0,2.0,Ing0304-2
c0792,1.0,2.0,Ing0304-2
c0792,2.0,2.0,Ing0304-2
c0792,-1.0,2.0,Ing0304-2
c0792,4.0,2.0,Ing0304-2
c0806,0.0,0.0,Ing0304-2
c0806,0.0,1.0,Ing0304-2
c0806,0.0,2.0,Ing0304-2
c0806,10.0,3.0,Ing0304-2
c0806,1.0,0.0,Ing0304-2
c0806,1.0,1.0,Ing0304-2
c0806,1.0,2.0,Ing0304-2
c0806,1.0,3.0,Ing0304-2
c8888,2.0,0.0,Ing0304-2
c0806,2.0,1.0,Ing0304-2
c0806,2.0,2.0,Ing0304-2
c0806,2.0,10.0,Ing0304-2
c0806,3.0,0.0,Ing0304-2
c0806,3.0,1.0,Ing0304-2
c0806,3.0,2.0,Ing0304-2
c0806,3.0,3.0,Ing0304-2
c0806,4.0,10.0,Ing0304-2
c0806,4.0,1.0,Ing0304-2
c0806,4.0,2.0,Ing0304-2
c0806,4.0,3.0,Ing0304-2
c0816,0.0,0.0,Ing0304-2
c0816,0.0,1.0,Ing0304-2
c0816,0.0,2.0,Ing0304-2
c0816,-1.0,3.0,Ing0304-2
c0816,0.0,,Ing0304-2
c0816,1.0,,Ing0304-2
c0816,1.0,1.0,Ing0304-2
c0816,1.0,2.0,Ing0304-2
c0816,1.0,3.0,Ing0304-2
c8888,1.0,4.0,Ing0304-2
c0830,10.0,0.0,Ing0304-2
c0830,0.0,-1.0,Ing0304-2
c0830,0.0,10.0,Ing0304-2
c0830,0.0,3.0,Ing0304-2
c0830,0.0,4.0,Ing0304-2
c0830,4.0,0.0,Ing0304-2
c8888,4.0,1.0,Ing0304-2
c0830,4.0,2.0,Ing0304-2
c0881,0.0,0.0,Ing0304-2
c0881,0.0,1.0,Ing0304-2
c0881,0.0,2.0,Ing0304-2
c0881,1.0,2.0,Ing0304-2
c0881,1.0,4.0,Ing0304-2
c0881,3.0,2.0,Ing0304-2
c0881,4.0,2.0,Ing0304-2
c0881,4.0,3.0,Ing0304-2
c0881,4.0,4.0,Ing0304-2
c0896,3.0,0.0,Ing0304-2
c0896,-1.0,1.0,Ing0304-2
c0896,-1.0,,Ing0304-2
c0896,3.0,3.0,Ing0304-2
c0896,3.0,4.0,Ing0304-2
c0896,4.0,0.0,Ing0304-2
c0896,4.0,10.0,Ing0304-2
c0896,4.0,2.0,Ing0304-2
c8888,4.0,3.0,Ing0304-2
c0896,4.0,4.0,Ing0304-2
c0935,0.0,0.0,Ing0304-2
c0935,4.0,1.0,Ing0304-2
c0935,4.0,2.0,Ing0304-2
c0935,4.0,3.0,Ing0304-2
c0935,4.0,4.0,Ing0304-2
,0.0,0.0,Ing0304-2
c0943,0.0,1.0,Ing0304-2
c0943,,2.0,Ing0304-2
c0943,0.0,3.0,Ing0304-2
c0943,0.0,4.0,Ing0304-2
c0943,4.0,-1.0,Ing0304-2
c0943,4.0,1.0,Ing0304-2
c0943,,-1.0,Ing0304-2
c0943,4.0,3.0,Ing0304-2
c0943,4.0,4.0,Ing0304-2
c0306,0.0,0.0,Ing0304-2
c0306,0.0,2.0,Ing0304-2
c0306,10.0,3.0,Ing0304-2
c0306,2.0,2.0,Ing0304-2
c0306,2.0,-1.0,Ing0304-2
c0519,0.0,2.0,Ing0304-2
c0519,1.0,2.0,Ing0304-2
c0519,2.0,2.0,Ing0304-2
c0519,3.0,2.0,Ing0304-2
c0519,4.0,2.0,Ing0304-2
c0513,0.0,0.0,Ing0304-2
c0513,0.0,1.0,Ing0304-2
c8888,0.0,2.0,Ing0304-2
c0513,1.0,0.0,Ing0304-2
c0513,2.0,0.0,Ing0304-2
,3.0,0.0,Ing0304-2
c0513,4.0,0.0,Ing0304-2
c0513,4.0,4.0,Ing0304-2
c0815,0.0,0.0,Ing0304-2
c0815,0.0,1.0,Ing0304-2
c0815,0.0,2.0,Ing0304-2
c0815,0.0,3.0,Ing0304-2
c0815,0.0,4.0,Ing0304-2
c0821,4.0,2.0,Ing0304-2
c0821,4.0,3.0,Ing0304-2
c0821,4.0,4.0,Ing0304-2
c0001,4.0,5.0,Fis0506-1
c0033,4.0,2.0,Fis0506-1
,3.0,1.0,Fis0506-1
c0024,3.0,10.0,Fis0506-1
c0071,1.0,1.0,Fis0506-1
c0025,3.0,4.0,Fis0506-1
c0033,3.0,2.0,Fis0506-1
c0071,3.0,1.0,Fis0506-1
c0033,3.0,5.0,Fis0506-1
c8888,10.0,0.0,Fis0506-1
c0024,3.0,1.0,Fis0506-1
c0024,3.0,2.0,Fis0506-1
c0025,3.0,2.0,Fis0506-1
c8888,4.0,3.0,Fis0506-1
c0024,3.0,5.0,Fis0506-1
c0071,2.0,2.0,Fis0506-1
c0025,3.0,3.0,Fis0506-1
c0025,2.0,3.0,Fis0506-1
c0001,4.0,1.0,Fis0506-1
c8888,4.0,3.0,Fis0506-1
c0004,0.0,10.0,Fis0506-1
c0033,-1.0,4.0,Fis0506-1
c0004,0.0,-1.0,Fis0506-1
c0071,3.0,2.0,Fis0506-1
c0025,2.0,4.0,Fis0506-1
c0033,4.0,1.0,Fis0506-1
c0001,4.0,0.0,Fis0506-1
c8888,4.0,0.0,Fis0506-1
c0001,4.0,4.0,Fis0506-1
c0071,0.0,1.0,Fis0506-1
c0025,3.0,-1.0,Fis0506-1
c0001,4.0,2.0,Fis0506-1
c0004,0.0,1.0,Fis0506-1
c0071,2.0,1.0,Fis0506-1
c0024,3.0,4.0,Fis0506-1
c0071,0.0,0.0,Fis0506-1
c0004,0.0,3.0,Fis0506-1
c0071,1.0,2.0,Fis0506-1
c0033,3.0,,Fis0506-1
,2.0,2.0,Fis0506-1
c0025,2.0,5.0,Fis0506-1
c0033,3.0,3.0,Fis0506-1
c0033,4.0,5.0,Fis0506-1
c0024,3.0,3.0,Fis0506-1
c0004,0.0,5.0,Fis0506-1
c0025,3.0,5.0,Fis0506-1
c0071,1.0,0.0,Fis0506-1
c0071,0.0,2.0,Fis0506-1
c0071,2.0,0.0,Fis0506-1
c0004,0.0,4.0,Fis0506-1
