curriculum_id,course_id,instance
q000,c0001,Fis0506-1
q000,c0002,Fis0506-1
q000,c0004,Fis0506-1
q000,c0005,Fis0506-1
q001,c0014,Fis0506-1
q001,c0015,Fis0506-1
nan,c0016,Fis0506-1
q001,c0017,Fis0506-1
q002,c0024,Fis0506-1
q002,c0025,Fis0506-1
q002,c0001,Fis0506-1
q002,nan,Fis0506-1
q003,c0030,Fis0506-1
q003,c0032,Fis0506-1
q003,c0033,Fis0506-1
q004,c0031,Fis0506-1
q004,c0032,Fis0506-1
q004,c0033,Fis0506-1
q005,c0070,Fis0506-1
q005,c0066,Fis0506-1
q005,c0072,Fis0506-1
q006,c0057,Fis0506-1
q006,c0059,Fis0506-1
q007,c0061,Fis0506-1
q007,c0062,Fis0506-1
q008,c0065,Fis0506-1
q008,c0059,Fis0506-1
q008,c0072,Fis0506-1
q009,c0063,Fis0506-1
q009,c0064,Fis0506-1
q009,c0066,Fis0506-1
nan,c0071,Fis0506-1
q010,c0058,Fis0506-1
q010,c0063,Fis0506-1
q010,c0068,Fis0506-1
q011,c0069,Fis0506-1
q011,c0067,Fis0506-1
q011,c0068,Fis0506-1
q012,c0004,Fis0506-1
q013,c0062,Fis0506-1
q013,c0066,Fis0506-1
q013,c0071,Fis0506-1
q000,c0129,Ing0203-2
q000,c0131,Ing0203-2
q000,c0157,Ing0203-2
q001,c0129,Ing0203-2
q001,c0131,Ing0203-2
q001,nan,Ing0203-2
q001,c0155,Ing0203-2
q002,c0129,Ing0203-2
q002,c0131,Ing0203-2
q002,c0152,Ing0203-2
q002,c0156,Ing0203-2
q003,c0213,Ing0203-2
q003,c0238,Ing0203-2
q004,c0230,Ing0203-2
q004,c0023,Ing0203-2
q004,c0217,Ing0203-2
q005,c0007,Ing0203-2
q005,c0009,Ing0203-2
q005,c0230,Ing0203-2
q005,c0023,Ing0203-2
q006,c0019,Ing0203-2
q006,c0310,Ing0203-2
q006,c0088,Ing0203-2
q007,c0015,Ing0203-2
q007,c0019,Ing0203-2
q007,c0020,Ing0203-2
q007,c0368,Ing0203-2
q009,c0217,Ing0203-2
q009,c0219,Ing0203-2
q009,c0023,Ing0203-2
q009,c0230,Ing0203-2
q010,nan,Ing0203-2
q010,c0633,Ing0203-2
q010,c0302,Ing0203-2
q010,c0088,Ing0203-2
q011,c0310,Ing0203-2
q011,c0633,Ing0203-2
q011,c0298,Ing0203-2
q012,c0044,Ing0203-2
q012,c0056,Ing0203-2
q012,c0069,Ing0203-2
q013,c0266,Ing0203-2
q013,c0054,Ing0203-2
q013,c0058,Ing0203-2
q014,c0323,Ing0203-2
q014,c0061,Ing0203-2
q014,c0327,Ing0203-2
q014,c0066,Ing0203-2
q015,c0323,Ing0203-2
nan,c0061,Ing0203-2
q015,c0327,Ing0203-2
q015,c0074,Ing0203-2
q016,c0323,Ing0203-2
q016,c0061,Ing0203-2
q016,c0327,Ing0203-2
q017,c0061,Ing0203-2
q017,c0327,Ing0203-2
q017,c0326,Ing0203-2
q018,c0178,Ing0203-2
q018,c0195,Ing0203-2
q018,c0206,Ing0203-2
q019,c0252,Ing0203-2
q019,c0346,Ing0203-2
q019,c0110,Ing0203-2
q020,c0186,Ing0203-2
q020,c0638,Ing0203-2
q020,c0201,Ing0203-2
q021,c0186,Ing0203-2
q021,c0638,Ing0203-2
q021,c0201,Ing0203-2
q021,c0467,Ing0203-2
q022,c0186,Ing0203-2
q022,c0638,Ing0203-2
q022,c0201,Ing0203-2
q022,c0386,Ing0203-2
q024,c0252,Ing0203-2
q024,c0058,Ing0203-2
q024,c0266,Ing0203-2
q024,c0054,Ing0203-2
q025,c0186,Ing0203-2
q025,c0201,Ing0203-2
q025,c0326,Ing0203-2
q026,c0186,Ing0203-2
q026,c0201,Ing0203-2
q026,c0326,Ing0203-2
q026,c0470,Ing0203-2
q027,c0186,Ing0203-2
nan,c0201,Ing0203-2
q027,c0279,Ing0203-2
q028,c0095,Ing0203-2
q028,c0127,Ing0203-2
q029,c0103,Ing0203-2
q029,c0110,Ing0203-2
q029,c0111,Ing0203-2
q029,c0113,Ing0203-2
q030,c0386,Ing0203-2
q030,c0115,Ing0203-2
q030,c0391,Ing0203-2
q031,c0386,Ing0203-2
q031,c0115,Ing0203-2
q031,c0119,Ing0203-2
q033,c0304,Ing0203-2
q033,c0310,Ing0203-2
q033,c0633,Ing0203-2
q034,c0307,Ing0203-2
q034,c0310,Ing0203-2
q035,c0310,Ing0203-2
q035,c0311,Ing0203-2
q035,c0633,Ing0203-2
q036,c0088,Ing0203-2
q037,c0088,Ing0203-2
q037,c0288,Ing0203-2
q037,c0313,Ing0203-2
q037,c0316,Ing0203-2
q038,c0088,Ing0203-2
q038,c0288,Ing0203-2
q038,c0315,Ing0203-2
q039,c0288,Ing0203-2
q039,c0297,Ing0203-2
q040,c0088,Ing0203-2
q040,c0288,Ing0203-2
q040,c0316,Ing0203-2
q041,c0088,Ing0203-2
q041,c0315,Ing0203-2
q041,c0295,Ing0203-2
q042,c0088,Ing0203-2
q042,c0288,Ing0203-2
q042,c0315,Ing0203-2
q042,c0297,Ing0203-2
q043,c0088,Ing0203-2
q043,c0315,Ing0203-2
q043,c0313,Ing0203-2
q044,c0088,Ing0203-2
q044,c0288,Ing0203-2
q044,c0315,Ing0203-2
q044,c0314,Ing0203-2
q045,c0322,Ing0203-2
q045,c0061,Ing0203-2
q045,c0336,Ing0203-2
q045,c0337,Ing0203-2
q046,c0323,Ing0203-2
q046,c0326,Ing0203-2
nan,c0327,Ing0203-2
q046,c0074,Ing0203-2
q047,c0323,Ing0203-2
q047,c0279,Ing0203-2
q047,c0074,Ing0203-2
q047,c0480,Ing0203-2
q048,c0076,Ing0203-2
q048,c0279,Ing0203-2
q048,c0074,Ing0203-2
q048,c0480,Ing0203-2
q049,c0346,Ing0203-2
q049,c0115,Ing0203-2
q050,c0061,Ing0203-2
q051,nan,Ing0203-2
q051,c0115,Ing0203-2
q052,c0386,Ing0203-2
q052,c0279,Ing0203-2
q052,c0379,Ing0203-2
q052,c0638,Ing0203-2
q053,c0386,Ing0203-2
q053,c0279,Ing0203-2
q053,c0379,Ing0203-2
q053,c0638,Ing0203-2
q053,c0054,Ing0203-2
q054,c0386,Ing0203-2
q054,c0279,Ing0203-2
q054,c0379,Ing0203-2
q054,c0638,Ing0203-2
q054,c0368,Ing0203-2
q055,c0386,Ing0203-2
q055,c0279,Ing0203-2
q055,c0638,Ing0203-2
q055,c0316,Ing0203-2
q056,c0386,Ing0203-2
q056,c0279,Ing0203-2
q056,c0379,Ing0203-2
q056,c0638,Ing0203-2
q056,c0366,Ing0203-2
q057,c0346,Ing0203-2
q057,c0266,Ing0203-2
q057,c0115,Ing0203-2
q060,c0388,Ing0203-2
q060,c0638,Ing0203-2
q061,c0386,Ing0203-2
nan,c0388,Ing0203-2
q061,c0316,Ing0203-2
q061,c0638,Ing0203-2
q062,c0336,Ing0203-2
q062,c0337,Ing0203-2
q062,c0054,Ing0203-2
q062,c0326,Ing0203-2
q062,c0066,Ing0203-2
q063,c0336,Ing0203-2
q063,c0337,Ing0203-2
q063,c0480,Ing0203-2
q063,c0066,Ing0203-2
q064,c0336,Ing0203-2
q064,c0337,Ing0203-2
q064,c0054,Ing0203-2
q064,c0076,Ing0203-2
q064,c0066,Ing0203-2
q065,c0346,Ing0203-2
q065,c0366,Ing0203-2
q065,c0388,Ing0203-2
q065,c0193,Ing0203-2
q065,c0638,Ing0203-2
q066,nan,Ing0203-2
nan,c0366,Ing0203-2
q066,c0388,Ing0203-2
q066,c0316,Ing0203-2
q067,c0346,Ing0203-2
q067,c0366,Ing0203-2
q067,c0388,Ing0203-2
q068,c0304,Ing0203-2
q069,c0552,Ing0203-2
q069,c0307,Ing0203-2
nan,c0467,Ing0203-2
q069,c0559,Ing0203-2
q070,c0307,Ing0203-2
q070,c0288,Ing0203-2
q070,c0304,Ing0203-2
q071,c0115,Ing0203-2
q071,c0279,Ing0203-2
q071,c0455,Ing0203-2
q071,c0386,Ing0203-2
q072,c0115,Ing0203-2
q072,c0279,Ing0203-2
q072,c0467,Ing0203-2
q073,c0455,Ing0203-2
q073,c0336,Ing0203-2
q073,c0602,Ing0203-2
q073,c0470,Ing0203-2
q074,c0279,Ing0203-2
q074,nan,Ing0203-2
q074,c0336,Ing0203-2
q074,c0602,Ing0203-2
q000,Mat1Ar,Ing0304-1
q000,FonInfAr,Ing0304-1
q000,LabEle1Ar,Ing0304-1
q001,nan,Ing0304-1
q001,FonInfAr,Ing0304-1
q001,LabEle2Ar,Ing0304-1
q002,Mat1Ar,Ing0304-1
q002,FonInfAr,Ing0304-1
q002,LabEle3Ar,Ing0304-1
q003,Mat1Cn,Ing0304-1
q004,ChiGenAn,Ing0304-1
q004,DisCn,Ing0304-1
q004,GeoAn,Ing0304-1
q004,MecRazCn,Ing0304-1
q005,TecCosAn,Ing0304-1
q005,FonChiAn,Ing0304-1
q005,StrIndAn,Ing0304-1
q005,ChiInd1Gv,Ing0304-1
q005,CamEleAn,Ing0304-1
q006,TecCos1Cv,Ing0304-1
q006,Idr2Cn,Ing0304-1
q006,IngConAn,Ing0304-1
q008,ChiGenAn,Ing0304-1
q008,MecRazCn,Ing0304-1
q008,DisCn,Ing0304-1
q008,TecMatCn,Ing0304-1
q009,TecCos1Cv,Ing0304-1
q009,ArcTecCn,Ing0304-1
q009,Idr2Cn,Ing0304-1
q009,GeoAn,Ing0304-1
q010,TecCos1Cv,Ing0304-1
q010,nan,Ing0304-1
q010,DisEdiCn,Ing0304-1
q010,ArcComCv,Ing0304-1
q011,Mat1En,Ing0304-1
q012,ChiStaEn,Ing0304-1
q012,nan,Ing0304-1
q012,TeoRetEn,Ing0304-1
q012,ConAutEn,Ing0304-1
q013,ComEleEn,Ing0304-1
q013,EleSis1En,Ing0304-1
q013,EleIndEv,Ing0304-1
q014,CamEle1Ev,Ing0304-1
q014,ComEleEn,Ing0304-1
q014,EleSis1En,Ing0304-1
q014,RetCal1G1n,Ing0304-1
q015,CamEle1Ev,Ing0304-1
q015,ComEleEn,Ing0304-1
q015,EleSis1En,Ing0304-1
q015,MetMatEn,Ing0304-1
q016,Mat1G2n,Ing0304-1
q017,TeoRetEn,Ing0304-1
q017,ChiStaEn,Ing0304-1
q017,ConAutEn,Ing0304-1
q018,GesAziGv,Ing0304-1
q018,OrgPro1Gv,Ing0304-1
q018,CalEle1Ev,Ing0304-1
q019,GesAziGv,Ing0304-1
q019,RetCal1G1n,Ing0304-1
q019,OrgPro1Gv,Ing0304-1
q019,EleTel1Ens,Ing0304-1
q020,GesAziGv,Ing0304-1
q020,RetCal1G1n,Ing0304-1
q020,OrgPro1Gv,Ing0304-1
q020,CalProG2n,Ing0304-1
q022,ChiG2n,Ing0304-1
q022,DisIndMn,Ing0304-1
q022,DisComEsG2n,Ing0304-1
q022,FonMecG2n,Ing0304-1
q022,TerAppG2n,Ing0304-1
q023,GesAziGv,Ing0304-1
q023,OrgPro1Gv,Ing0304-1
q023,FonChiAn,Ing0304-1
q024,GesAziGv,Ing0304-1
q024,TecMec1Mn,Ing0304-1
q024,ImpTec1Cv,Ing0304-1
q025,GesAziGv,Ing0304-1
q025,TecMec1Mn,Ing0304-1
q025,nan,Ing0304-1
q025,CalProG2n,Ing0304-1
q026,Mat1Mn,Ing0304-1
q027,ChiG2n,Ing0304-1
q027,FonMecG2n,Ing0304-1
q027,DisIndMn,Ing0304-1
q027,DisIndEsMn,Ing0304-1
q028,ComMecMn,Ing0304-1
q028,CosMacMn,Ing0304-1
q028,TecMec1Mn,Ing0304-1
q028,AppIndGns,Ing0304-1
q029,GeoAppAns,Ing0304-1
q029,IdrNumAns,Ing0304-1
q029,StaAns,Ing0304-1
q029,StaPenAns,Ing0304-1
q030,MecSuoAns,Ing0304-1
q030,IdrNumAns,Ing0304-1
q030,StaPenAns,Ing0304-1
q031,IdrNumAns,Ing0304-1
q031,PriIngAns,Ing0304-1
q031,StaAns,Ing0304-1
q031,CamEleAn,Ing0304-1
q031,StrIndAn,Ing0304-1
q031,ChiInd1Gv,Ing0304-1
q031,nan,Ing0304-1
q032,MecCom1Cv,Ing0304-1
q032,TeoStr1Cv,Ing0304-1
q032,DisEdiCn,Ing0304-1
q033,MecCom1Cv,Ing0304-1
q033,TeoStr1Cv,Ing0304-1
q033,CalAut1Cv,Ing0304-1
q034,ArcTecCns,Ing0304-1
q034,CalAut1Cv,Ing0304-1
q034,Idr2Cn,Ing0304-1
q035,ArcTecCns,Ing0304-1
q035,CalAut1Cv,Ing0304-1
q035,MecCom1Cv,Ing0304-1
q036,ArcTecCns,Ing0304-1
q036,CalAut1Cv,Ing0304-1
q036,nan,Ing0304-1
q038,EleTel1Ens,Ing0304-1
q038,CalEle1Ev,Ing0304-1
q038,EleIndEv,Ing0304-1
q039,EleTel1Ens,Ing0304-1
q039,CalEle1Ev,Ing0304-1
q039,MetMatEn,Ing0304-1
q040,EleTel1Ens,Ing0304-1
q040,CalEle1Ev,Ing0304-1
q040,EleIndEv,Ing0304-1
q040,MetMatEn,Ing0304-1
q041,EleTel1Ens,Ing0304-1
q041,CalEle1Ev,Ing0304-1
nan,EleIndEv,Ing0304-1
q041,RetCal1G1n,Ing0304-1
q042,EleTel1Ens,Ing0304-1
q042,SisTel1Ens,Ing0304-1
q042,RetCal1G1n,Ing0304-1
q043,EleTel1Ens,Ing0304-1
q043,CalEle1Ev,Ing0304-1
q043,SisTel1Ens,Ing0304-1
q043,MetMatEn,Ing0304-1
q044,GesAziGv,Ing0304-1
q044,RetLogEn,Ing0304-1
q044,RetCal2Gns,Ing0304-1
q044,EleTel1Ens,Ing0304-1
nan,GesAziGv,Ing0304-1
q045,RetLogEn,Ing0304-1
q045,RetCal2Gns,Ing0304-1
q045,CalEle1Ev,Ing0304-1
q046,GesAziGv,Ing0304-1
q046,RetLogEn,Ing0304-1
q046,RetCal2Gns,Ing0304-1
q046,CalProG2n,Ing0304-1
q047,AppIndGns,Ing0304-1
q047,GesAziGv,Ing0304-1
q047,RetCal1G1n,Ing0304-1
q047,ImpTec1Cv,Ing0304-1
q048,AppIndGns,Ing0304-1
q048,GesAziGv,Ing0304-1
q048,RetCal1G1n,Ing0304-1
q048,FonChiAn,Ing0304-1
q049,AppIndGns,Ing0304-1
q049,GesAziGv,Ing0304-1
q049,RetCal1G1n,Ing0304-1
q049,CalProG2n,Ing0304-1
q050,TerAppMv,Ing0304-1
q050,ImpTec1Cv,Ing0304-1
q051,TecCos1Cv,Ing0304-1
q051,GeoAn,Ing0304-1
q051,IngConAn,Ing0304-1
q051,StoArcCv,Ing0304-1
q051,TeoStr1Cv,Ing0304-1
q051,MecCom1Cv,Ing0304-1
q052,TecCos1Cv,Ing0304-1
q052,GeoAn,Ing0304-1
q052,IngConAn,Ing0304-1
q052,StoArcCv,Ing0304-1
q053,TecCos1Cv,Ing0304-1
q053,GeoAn,Ing0304-1
q053,IngConAn,Ing0304-1
q054,CalAut1Cv,Ing0304-1
q054,CosZonCv,Ing0304-1
q055,ArcComCv,Ing0304-1
q055,ImpTec1Cv,Ing0304-1
q056,RivSpeCv,Ing0304-1
q056,CosZonCv,Ing0304-1
q057,IdrAppCv,Ing0304-1
q057,RivSpeCv,Ing0304-1
q057,ImpTec1Cv,Ing0304-1
q058,CalEle1Ev,Ing0304-1
q058,ComEleEn,Ing0304-1
q059,EleSis1En,Ing0304-1
q059,EleIndEv,Ing0304-1
q060,EleSis1En,Ing0304-1
q060,EleIndEv,Ing0304-1
q060,EleTel1Ens,Ing0304-1
q060,RetCal1G1n,Ing0304-1
q061,EleSis1En,Ing0304-1
q061,EleTel1Ens,Ing0304-1
q061,SisTel1Ens,Ing0304-1
q061,RetCal1G1n,Ing0304-1
q062,GesAziGv,Ing0304-1
q062,TecMec1Mn,Ing0304-1
q062,Mac1Mv,Ing0304-1
q062,ChiInd1Gv,Ing0304-1
q063,GesAziGv,Ing0304-1
q063,TecMec1Mn,Ing0304-1
q063,Mac1Mv,Ing0304-1
q064,TecMec1Mn,Ing0304-1
q065,OrgPro1Gv,Ing0304-1
q065,RetCal1G1n,Ing0304-1
q066,OrgPro1Gv,Ing0304-1
q066,RetCal1G1n,Ing0304-1
q066,ImpTec1Cv,Ing0304-1
q067,OrgPro1Gv,Ing0304-1
q067,RetCal1G1n,Ing0304-1
q067,EleIndEv,Ing0304-1
nan,Mac1Mv,Ing0304-1
q068,TerAppMv,Ing0304-1
q069,DisAssMv,Ing0304-1
q069,MecVibMn,Ing0304-1
q070,DisAssMv,Ing0304-1
q070,MecVibMn,Ing0304-1
q070,ImpTec1Cv,Ing0304-1
q000,c0107,Ing0405-3
q000,c0112,Ing0405-3
q001,c0098,Ing0405-3
q001,nan,Ing0405-3
q002,c0116,Ing0405-3
q002,c0117,Ing0405-3
q003,c0210,Ing0405-3
q003,c0226,Ing0405-3
q004,c0210,Ing0405-3
q004,c0163,Ing0405-3
q005,c0224,Ing0405-3
q005,c0012,Ing0405-3
q005,c0013,Ing0405-3
q005,c0014,Ing0405-3
q006,c0224,Ing0405-3
q006,c0012,Ing0405-3
q006,c0223,Ing0405-3
q006,c0218,Ing0405-3
q007,c0224,Ing0405-3
q007,c0013,Ing0405-3
q007,c0014,Ing0405-3
q008,nan,Ing0405-3
q008,c0036,Ing0405-3
q009,c0441,Ing0405-3
q009,c0014,Ing0405-3
q010,c0045,Ing0405-3
q010,c0057,Ing0405-3
q010,c1007,Ing0405-3
q011,c0052,Ing0405-3
q011,c0053,Ing0405-3
q011,c0055,Ing0405-3
q011,c0060,Ing0405-3
q012,c0741,Ing0405-3
q015,c0218,Ing0405-3
q015,c0223,Ing0405-3
q015,c0224,Ing0405-3
q016,c0224,Ing0405-3
q016,c0899,Ing0405-3
q017,c0227,Ing0405-3
nan,c0233,Ing0405-3
q018,c0227,Ing0405-3
q019,c0177,Ing0405-3
q019,c0179,Ing0405-3
q020,c0254,Ing0405-3
q020,c0271,Ing0405-3
q020,c0198,Ing0405-3
q021,c0196,Ing0405-3
q022,c0130,Ing0405-3
q022,c0901,Ing0405-3
q022,c0972,Ing0405-3
q023,c0130,Ing0405-3
q023,c0901,Ing0405-3
q023,c0953,Ing0405-3
q024,c0901,Ing0405-3
q024,c0978,Ing0405-3
q025,c0149,Ing0405-3
q025,nan,Ing0405-3
nan,c0882,Ing0405-3
q026,c0148,Ing0405-3
q026,c0149,Ing0405-3
q026,c0969,Ing0405-3
q027,c0148,Ing0405-3
q027,c0149,Ing0405-3
q027,c0150,Ing0405-3
q027,c0899,Ing0405-3
q028,c0148,Ing0405-3
q028,c0149,Ing0405-3
q028,c0150,Ing0405-3
q028,c0884,Ing0405-3
q029,c0162,Ing0405-3
q029,c0163,Ing0405-3
q029,c0947,Ing0405-3
q029,c1041,Ing0405-3
q030,c0162,Ing0405-3
q030,c0163,Ing0405-3
q030,c0985,Ing0405-3
q030,c1041,Ing0405-3
q031,c0162,Ing0405-3
q031,c0163,Ing0405-3
q031,c1041,Ing0405-3
q031,c1044,Ing0405-3
q033,c0254,Ing0405-3
nan,c0060,Ing0405-3
q033,c0052,Ing0405-3
q033,c0271,Ing0405-3
q035,c0745,Ing0405-3
q036,c0456,Ing0405-3
q036,c0745,Ing0405-3
q037,c0456,Ing0405-3
q037,c0741,Ing0405-3
q038,c0456,Ing0405-3
q038,c0465,Ing0405-3
q038,c0498,Ing0405-3
q039,c0456,Ing0405-3
q039,c0196,Ing0405-3
q040,c0465,Ing0405-3
q041,c0465,Ing0405-3
q041,c0498,Ing0405-3
q043,c0670,Ing0405-3
q043,c0420,Ing0405-3
q043,c0249,Ing0405-3
q044,c0409,Ing0405-3
q044,c0670,Ing0405-3
q044,c0233,Ing0405-3
q045,c0420,Ing0405-3
q045,c0933,Ing0405-3
q045,c0233,Ing0405-3
q045,c0441,Ing0405-3
q046,c0420,Ing0405-3
q046,c0933,Ing0405-3
q046,c0227,Ing0405-3
q047,c0447,Ing0405-3
nan,c0738,Ing0405-3
q048,c0745,Ing0405-3
q048,c0741,Ing0405-3
q049,c0745,Ing0405-3
q049,c0741,Ing0405-3
q050,c0486,Ing0405-3
q050,c0506,Ing0405-3
q050,c0745,Ing0405-3
q050,c0741,Ing0405-3
q051,c0491,Ing0405-3
q051,c0457,Ing0405-3
q052,c0498,Ing0405-3
q052,c0738,Ing0405-3
q053,c0501,Ing0405-3
q053,c0457,Ing0405-3
q054,c0052,Ing0405-3
q054,c0117,Ing0405-3
q054,c0116,Ing0405-3
q055,c0052,Ing0405-3
q055,c0510,Ing0405-3
q055,c0527,Ing0405-3
q055,c0117,Ing0405-3
q056,c0798,Ing0405-3
q056,c0036,Ing0405-3
q056,c0035,Ing0405-3
q057,c0814,Ing0405-3
q057,c0441,Ing0405-3
q057,c0014,Ing0405-3
q058,c0447,Ing0405-3
q058,c0991,Ing0405-3
q058,c0441,Ing0405-3
q058,c0014,Ing0405-3
q059,c0527,Ing0405-3
q060,c0991,Ing0405-3
q061,c0825,Ing0405-3
q061,c0416,Ing0405-3
q000,LetIta1,Let0405-1
q000,LinLatA,Let0405-1
q001,LinLetLat1,Let0405-1
q001,StoMod1,Let0405-1
q001,StoArtMod1,Let0405-1
q002,LinLetLat1,Let0405-1
q002,StoMod1,Let0405-1
q002,StoArtMod1,Let0405-1
q002,Bibeco,Let0405-1
q003,LinLetLat1,Let0405-1
q003,nan,Let0405-1
q003,StoArtMod1,Let0405-1
q003,Bibgra,Let0405-1
q004,StoCon,Let0405-1
q004,StoArtCon1,Let0405-1
q004,LinTed1,Let0405-1
q004,AlfInf,Let0405-1
q005,LetIta1,Let0405-1
q005,LinGreA,Let0405-1
q005,LinLatA,Let0405-1
q005,StoFil1,Let0405-1
q006,LinLetGre1,Let0405-1
q006,LinLetLat1,Let0405-1
q006,ArcCla1,Let0405-1
q007,LinLetLat1,Let0405-1
q007,LetCriAnt,Let0405-1
q007,Papiro,Let0405-1
q009,ArcCla1,Let0405-1
q009,StoVicOriAnt,Let0405-1
q010,LinLetLat1,Let0405-1
q010,EpiGre,Let0405-1
q010,Papiro,Let0405-1
q011,EpiGre,Let0405-1
q011,Papiro,Let0405-1
q011,LetCriAnt,Let0405-1
q012,EpiGre,Let0405-1
q012,Papiro,Let0405-1
q012,Numism,Let0405-1
q013,LinLetLat1,Let0405-1
q013,EpiGre,Let0405-1
q013,Papiro,Let0405-1
q013,StoCriChi,Let0405-1
q015,LinLetLat1,Let0405-1
q015,StoMod1,Let0405-1
q015,StoArtMod1,Let0405-1
q015,FonSocAntCulI,Let0405-1
q015,AntCul1,Let0405-1
q016,StoCon,Let0405-1
q016,StoCriChi,Let0405-1
q016,StoArtCon1,Let0405-1
q016,StoSci,Let0405-1
q017,LetIta1,Let0405-1
q017,LinLatA,Let0405-1
q017,StoFil1,Let0405-1
q017,FonSocAntCulI,Let0405-1
q017,AntCul1,Let0405-1
q018,LinLetLat1,Let0405-1
q018,StoMod1,Let0405-1
q018,Geo2,Let0405-1
q018,AntCul1,Let0405-1
q019,StoCon,Let0405-1
q019,PsiArt,Let0405-1
q020,StoCon,Let0405-1
q020,StoSci,Let0405-1
q020,PsiArt,Let0405-1
q020,Geo2,Let0405-1
q021,StoCon,Let0405-1
q021,StoSci,Let0405-1
q021,PsiArt,Let0405-1
q021,AntCul1,Let0405-1
q022,LetIta1,Let0405-1
q022,LinLatA,Let0405-1
q022,StoFil1,Let0405-1
q023,StoMod1,Let0405-1
q023,StoSci,Let0405-1
q023,LetCriAnt,Let0405-1
nan,FonSocAntCulI,Let0405-1
q023,AntCul1,Let0405-1
q024,FonSocAntCulI,Let0405-1
q024,AntCul1,Let0405-1
q024,StoArtMed1,Let0405-1
q025,AntCul1,Let0405-1
q025,StoArtMod1,Let0405-1
q025,StoMod1,Let0405-1
q026,FonSocAntCulI,Let0405-1
q026,StoArtMed1,Let0405-1
q026,StoCon,Let0405-1
q027,FonSocAntCulI,Let0405-1
q027,AntCul1,Let0405-1
q027,StoCon,Let0405-1
q028,LetIta1,Let0405-1
q028,ArcCla1,Let0405-1
q028,LinLatB,Let0405-1
q029,Numism,Let0405-1
q029,LinGreA,Let0405-1
q030,Numism,Let0405-1
q030,LinGreA,Let0405-1
q030,PrePro,Let0405-1
q031,LinGreA,Let0405-1
q031,StoVicOriAnt,Let0405-1
q032,ArcPae,Let0405-1
q033,ArcPae,Let0405-1
q033,LegBenCul1,Let0405-1
q033,StoCriChi,Let0405-1
q033,FilSem,Let0405-1
q034,ArcPae,Let0405-1
q034,LegBenCul1,Let0405-1
q034,StoCriChi,Let0405-1
q034,ArcEge,Let0405-1
q034,FilSem,Let0405-1
q035,nan,Let0405-1
q035,LegBenCul1,Let0405-1
q035,AntCul1,Let0405-1
q035,FilSem,Let0405-1
q036,ArcPae,Let0405-1
q036,LegBenCul1,Let0405-1
q036,AntCul1,Let0405-1
q036,ArcEge,Let0405-1
q036,FilSem,Let0405-1
q037,Bibeco,Let0405-1
q037,ConBenArcLib,Let0405-1
q037,Papiro,Let0405-1
q037,StoMod1,Let0405-1
q037,LegBenCul1,Let0405-1
q038,LetIta1,Let0405-1
q039,Bibgra,Let0405-1
q039,LetIta1,Let0405-1
q039,StoMod1,Let0405-1
q039,StoCon,Let0405-1
q039,StoArtMed1,Let0405-1
q040,Bibgra,Let0405-1
nan,LetIta1,Let0405-1
q040,StoMod1,Let0405-1
q040,StoCon,Let0405-1
q040,StoArtMod1,Let0405-1
q041,Bibgra,Let0405-1
q041,LetIta1,Let0405-1
q041,StoMod1,Let0405-1
q041,StoCon,Let0405-1
q042,Bibgra,Let0405-1
q042,LetIta1,Let0405-1
q042,StoMod1,Let0405-1
q042,ResBenArcLib,Let0405-1
q042,StoArtMed1,Let0405-1
q043,Bibgra,Let0405-1
q043,LetIta1,Let0405-1
q043,StoMod1,Let0405-1
q043,ResBenArcLib,Let0405-1
q043,StoArtMod1,Let0405-1
q044,Bibgra,Let0405-1
q044,LetIta1,Let0405-1
q044,StoMod1,Let0405-1
q044,ResBenArcLib,Let0405-1
q044,StoArtCon1,Let0405-1
q045,Bibgra,Let0405-1
q045,LetIta1,Let0405-1
q045,StoMod1,Let0405-1
q045,LinLetGre1,Let0405-1
q045,StoArtMed1,Let0405-1
q046,Bibgra,Let0405-1
q046,LetIta1,Let0405-1
q046,StoMod1,Let0405-1
q046,LinLetGre1,Let0405-1
q046,nan,Let0405-1
q047,Bibgra,Let0405-1
q047,LetIta1,Let0405-1
q047,StoMod1,Let0405-1
q047,LinLetGre1,Let0405-1
q047,StoArtCon1,Let0405-1
q048,Bibgra,Let0405-1
q048,LetIta1,Let0405-1
q048,StoMod1,Let0405-1
q048,LinLetLat1,Let0405-1
q048,StoArtMed1,Let0405-1
q049,Bibgra,Let0405-1
q049,LetIta1,Let0405-1
q049,StoMod1,Let0405-1
q049,LinLetLat1,Let0405-1
q049,StoArtMod1,Let0405-1
q050,Bibgra,Let0405-1
q050,LetIta1,Let0405-1
q050,StoMod1,Let0405-1
q050,LinLetLat1,Let0405-1
q050,StoArtCon1,Let0405-1
q051,Bibgra,Let0405-1
q051,LetIta1,Let0405-1
q051,StoCon,Let0405-1
q051,ResBenArcLib,Let0405-1
q052,Bibgra,Let0405-1
q052,StoCon,Let0405-1
q052,StoArtMod1,Let0405-1
q053,Bibgra,Let0405-1
q053,StoCon,Let0405-1
q053,StoArtCon1,Let0405-1
q054,Bibgra,Let0405-1
q054,LetIta1,Let0405-1
q054,StoCon,Let0405-1
q054,LinLetGre1,Let0405-1
q054,StoArtMed1,Let0405-1
q055,Bibgra,Let0405-1
q055,LetIta1,Let0405-1
q055,StoCon,Let0405-1
q055,nan,Let0405-1
q055,StoArtMod1,Let0405-1
q056,LetIta1,Let0405-1
q056,StoCon,Let0405-1
q056,LinLetGre1,Let0405-1
q056,StoArtCon1,Let0405-1
q057,Bibgra,Let0405-1
q057,LetIta1,Let0405-1
q057,StoCon,Let0405-1
q057,LinLetLat1,Let0405-1
q057,StoArtMed1,Let0405-1
q058,Bibgra,Let0405-1
q058,LetIta1,Let0405-1
q058,StoCon,Let0405-1
q058,LinLetLat1,Let0405-1
q058,StoArtMod1,Let0405-1
q059,LetIta1,Let0405-1
q059,StoCon,Let0405-1
q059,LinLetLat1,Let0405-1
q059,StoArtCon1,Let0405-1
q060,ArcPae,Let0405-1
q060,StoCon,Let0405-1
q060,StoMod1,Let0405-1
q060,InfArcBib,Let0405-1
q061,ArcPae,Let0405-1
q061,StoCon,Let0405-1
q061,LinLetGre1,Let0405-1
q062,ArcPae,Let0405-1
q062,StoCon,Let0405-1
q062,StoMod1,Let0405-1
q062,LinLetLat1,Let0405-1
q063,ArcPae,Let0405-1
q063,StoMod1,Let0405-1
q063,ResBenArcLib,Let0405-1
q064,ArcPae,Let0405-1
q064,StoCon,Let0405-1
q064,StoMod1,Let0405-1
q064,TeoTecCatCla,Let0405-1
q065,ArcPae,Let0405-1
q065,StoCon,Let0405-1
q065,nan,Let0405-1
q066,StoCon,Let0405-1
q066,InfArcBib,Let0405-1
q066,LinLetLat1,Let0405-1
q067,InfArcBib,Let0405-1
q067,ResBenArcLib,Let0405-1
q068,ArcPae,Let0405-1
q068,InfArcBib,Let0405-1
q068,TeoTecCatCla,Let0405-1
q069,ArcPae,Let0405-1
q069,StoCon,Let0405-1
q069,LinLetLat1,Let0405-1
q070,ArcPae,Let0405-1
q070,StoCon,Let0405-1
q070,LinLetGre1,Let0405-1
q070,ResBenArcLib,Let0405-1
q071,ArcPae,Let0405-1
q071,StoCon,Let0405-1
q071,LinLetGre1,Let0405-1
q071,TeoTecCatCla,Let0405-1
q072,LinLetLat1,Let0405-1
q072,ResBenArcLib,Let0405-1
q073,ArcPae,Let0405-1
q073,LinLetLat1,Let0405-1
q073,TeoTecCatCla,Let0405-1
q074,ArcPae,Let0405-1
q074,StoCon,Let0405-1
q074,ResBenArcLib,Let0405-1
q074,TeoTecCatCla,Let0405-1
q075,ArcPae,Let0405-1
q075,StoMod1,Let0405-1
q075,LinLetGre1,Let0405-1
nan,ArcPae,Let0405-1
q076,StoMod1,Let0405-1
q076,InfArcBib,Let0405-1
q076,LinLetLat1,Let0405-1
q077,ArcPae,Let0405-1
q077,StoMod1,Let0405-1
q077,InfArcBib,Let0405-1
q077,ResBenArcLib,Let0405-1
q078,ArcPae,Let0405-1
nan,StoMod1,Let0405-1
q078,InfArcBib,Let0405-1
q078,TeoTecCatCla,Let0405-1
q079,ArcPae,Let0405-1
q079,StoMod1,Let0405-1
q079,LinLetGre1,Let0405-1
q079,LinLetLat1,Let0405-1
q080,ArcPae,Let0405-1
q080,StoMod1,Let0405-1
q080,LinLetGre1,Let0405-1
q080,ResBenArcLib,Let0405-1
q081,ArcPae,Let0405-1
q081,StoMod1,Let0405-1
q081,LinLetGre1,Let0405-1
q081,TeoTecCatCla,Let0405-1
q082,ArcPae,Let0405-1
q082,StoMod1,Let0405-1
q082,LinLetLat1,Let0405-1
q083,ArcPae,Let0405-1
q083,LinLetLat1,Let0405-1
q083,TeoTecCatCla,Let0405-1
q084,ArcPae,Let0405-1
q084,StoMod1,Let0405-1
q084,ResBenArcLib,Let0405-1
q084,TeoTecCatCla,Let0405-1
q085,LetIta1,Let0405-1
q085,StoArtMed1,Let0405-1
q085,LinLatB,Let0405-1
q085,IcoIcoA,Let0405-1
q086,StoMod1,Let0405-1
q086,StoArtMod1,Let0405-1
q086,LegBenCul1,Let0405-1
q087,StoMod1,Let0405-1
q087,StoArtMod1,Let0405-1
q087,LegBenCul1,Let0405-1
q087,IcoIcoA,Let0405-1
q088,StoMod1,Let0405-1
q088,LegBenCul1,Let0405-1
q088,MetRicStoArt,Let0405-1
q089,StoArtLatAmeA,Let0405-1
q090,StoCon,Let0405-1
q090,StoArtCon1,Let0405-1
q090,ArcPae,Let0405-1
q091,StoArtCon1,Let0405-1
q091,StoArtLatAmeA,Let0405-1
q091,ArcPae,Let0405-1
q091,StoFil1,Let0405-1
q092,StoCon,Let0405-1
q092,StoArtLatAmeA,Let0405-1
q092,ArcPae,Let0405-1
q092,PsiArt,Let0405-1
q093,StoArc,Let0405-1
q093,LegBenCul1,Let0405-1
q093,AntCul1,Let0405-1
q094,LegBenCul1,Let0405-1
q094,AntCul1,Let0405-1
q095,StoArt,Let0405-1
q095,LegBenCul1,Let0405-1
q095,AntCul1,Let0405-1
q095,StoMod1,Let0405-1
q096,StoArt,Let0405-1
q096,LegBenCul1,Let0405-1
q096,AntCul1,Let0405-1
q096,StoCon,Let0405-1
q100,StoVicOriAnt,Let0405-1
q100,ArcEge,Let0405-1
q100,BioArcCS,Let0405-1
q100,StoGreCS,Let0405-1
q101,StoVicOriAnt,Let0405-1
q101,Papiro,Let0405-1
q101,BioArcCS,Let0405-1
q101,StoGreCS,Let0405-1
q102,PrePro,Let0405-1
q102,ArcEge,Let0405-1
q102,BioArcCS,Let0405-1
q102,Papiro,Let0405-1
q103,PrePro,Let0405-1
q103,Papiro,Let0405-1
q103,BioArcCS,Let0405-1
q103,StoGreCS,Let0405-1
q104,Antrop,Let0405-1
nan,BibgraCS,Let0405-1
q105,LegBenCul2,Let0405-1
q105,StoMod1,Let0405-1
q106,BibgraCS,Let0405-1
q106,LegBenCul2,Let0405-1
q106,StoCon,Let0405-1
q108,Papiro,Let0405-1
q108,LinLetLat1,Let0405-1
q109,Papiro,Let0405-1
q109,LetIta4CS,Let0405-1
q110,Papiro,Let0405-1
q110,BibgraCS,Let0405-1
q111,BibgraCS,Let0405-1
q111,LinLetLat1,Let0405-1
q112,BibgraCS,Let0405-1
q112,LetIta4CS,Let0405-1
q113,LegBenCul2,Let0405-1
q113,AntCul1,Let0405-1
q114,LegBenCul2,Let0405-1
q114,AntCul1,Let0405-1
q114,StoArtMed2CS,Let0405-1
q114,ArcCla1,Let0405-1
q114,IcoIcoB,Let0405-1
q114,MetRicStoArt,Let0405-1
q115,LegBenCul2,Let0405-1
q115,StoArtMed2CS,Let0405-1
q115,ArcCla1,Let0405-1
q115,IcoIcoB,Let0405-1
q120,LegBenCul2,Let0405-1
q120,StoArtMed2CS,Let0405-1
q120,IcoIcoA,Let0405-1
q120,MetRicStoArt,Let0405-1
q120,StoArtLatAmeA,Let0405-1
q121,LegBenCul2,Let0405-1
q121,AntCul1,Let0405-1
q121,StoArtMed2CS,Let0405-1
q121,ArcCla1,Let0405-1
q121,IcoIcoB,Let0405-1
q121,MetRicStoArt,Let0405-1
q121,StoArtLatAmeA,Let0405-1
q122,LegBenCul2,Let0405-1
q122,StoArtMed2CS,Let0405-1
q122,ArcCla1,Let0405-1
q122,IcoIcoA,Let0405-1
q122,StoArtLatAmeA,Let0405-1
q123,LegBenCul2,Let0405-1
q123,AntCul1,Let0405-1
q123,StoArtMed2CS,Let0405-1
q123,ArcCla1,Let0405-1
q123,MetRicStoArt,Let0405-1
q123,StoArtLatAmeA,Let0405-1
q124,ChiAppBenCul,Let0405-1
q124,StoFil1,Let0405-1
q125,ChiAppBenCul,Let0405-1
q125,PsiArt,Let0405-1
q126,AntCul1,Let0405-1
q127,FilTesItaCS,Let0405-1
q127,Bibeco,Let0405-1
q127,StoArtMed1,Let0405-1
q128,FilTesItaCS,Let0405-1
q128,Bibeco,Let0405-1
q128,nan,Let0405-1
q128,StoArtMod1,Let0405-1
q129,FilTesItaCS,Let0405-1
q129,Bibeco,Let0405-1
q129,StoArtCon1,Let0405-1
q130,FilTesItaCS,Let0405-1
nan,Bibeco,Let0405-1
nan,StoMedCS,Let0405-1
q130,nan,Let0405-1
q131,FilTesItaCS,Let0405-1
q131,Bibeco,Let0405-1
q131,StoMedCS,Let0405-1
q131,IcoIcoB,Let0405-1
q132,FilTesItaCS,Let0405-1
q132,StoMedCS,Let0405-1
q132,StoArtMed1,Let0405-1
q133,FilTesItaCS,Let0405-1
q133,Bibgra,Let0405-1
q133,StoMedCS,Let0405-1
q133,StoArtMod1,Let0405-1
q134,FilTesItaCS,Let0405-1
q134,StoMedCS,Let0405-1
q135,FilTesItaCS,Let0405-1
q135,Bibgra,Let0405-1
q135,StoMedCS,Let0405-1
q135,IcoIcoA,Let0405-1
q136,FilTesItaCS,Let0405-1
q136,StoMedCS,Let0405-1
q136,IcoIcoB,Let0405-1
q137,LetIta4CS,Let0405-1
q137,LinLetLat1,Let0405-1
q139,Papiro,Let0405-1
q139,LinLetLat1,Let0405-1
q139,EpiGre,Let0405-1
q139,LetCriAnt,Let0405-1
q139,StoGreCS,Let0405-1
q140,LetCriAnt,Let0405-1
q140,FilSem,Let0405-1
q142,LinLetLat1,Let0405-1
q142,Papiro,Let0405-1
q142,EpiGre,Let0405-1
q142,PrePro,Let0405-1
q142,ArcEge,Let0405-1
q142,Numism,Let0405-1
q143,StoGreCS,Let0405-1
q143,Papiro,Let0405-1
q144,StoCriChi,Let0405-1
q144,Numism,Let0405-1
q144,StoMedCS,Let0405-1
q145,AntCul1,Let0405-1
q145,StoArtMed1,Let0405-1
q146,StoArtMod1,Let0405-1
q147,AntCul1,Let0405-1
q147,StoArtCon1,Let0405-1
q148,AntCul1,Let0405-1
q149,AntCul1,Let0405-1
q149,IcoIcoB,Let0405-1
q150,AntCul1,Let0405-1
q150,StoArtLatAmeA,Let0405-1
q000,c1034,Ing0506-1
q001,c0180,Ing0506-1
q001,c0097,Ing0506-1
q001,c0101,Ing0506-1
q002,c0099,Ing0506-1
q002,c0105,Ing0506-1
q002,c0935,Ing0506-1
q003,c1023,Ing0506-1
q003,c1089,Ing0506-1
q004,c0006,Ing0506-1
q004,c0212,Ing0506-1
q005,nan,Ing0506-1
q005,c0212,Ing0506-1
q005,c0085,Ing0506-1
q006,c0006,Ing0506-1
q006,c0216,Ing0506-1
q006,c0427,Ing0506-1
q007,c0011,Ing0506-1
q007,c0018,Ing0506-1
q007,c0026,Ing0506-1
q007,c0027,Ing0506-1
q007,c1020,Ing0506-1
q008,c0231,Ing0506-1
q008,c0220,Ing0506-1
q008,c0427,Ing0506-1
q008,c0080,Ing0506-1
q009,c0823,Ing0506-1
q009,nan,Ing0506-1
q009,c0826,Ing0506-1
q009,c0898,Ing0506-1
q009,c0830,Ing0506-1
q010,c1028,Ing0506-1
q011,c0051,Ing0506-1
q011,c0059,Ing0506-1
q011,c1009,Ing0506-1
q011,c1013,Ing0506-1
q012,c0050,Ing0506-1
q012,c0064,Ing0506-1
q012,c1058,Ing0506-1
q012,c0046,Ing0506-1
q013,c0050,Ing0506-1
q013,c0064,Ing0506-1
q013,c0073,Ing0506-1
q013,c1058,Ing0506-1
q014,c0050,Ing0506-1
q014,nan,Ing0506-1
q014,c1058,Ing0506-1
q017,c0212,Ing0506-1
q017,c0006,Ing0506-1
q017,c0216,Ing0506-1
q017,c0228,Ing0506-1
q019,c0220,Ing0506-1
q019,c0231,Ing0506-1
q019,c0085,Ing0506-1
q020,c0220,Ing0506-1
q020,c0243,Ing0506-1
q020,c0247,Ing0506-1
q020,c0137,Ing0506-1
q021,c0220,Ing0506-1
q021,c0137,Ing0506-1
q021,c0247,Ing0506-1
q022,c1031,Ing0506-1
q022,c1032,Ing0506-1
q023,c0180,Ing0506-1
q023,c0189,Ing0506-1
q023,c0199,Ing0506-1
q023,c0200,Ing0506-1
q024,c0184,Ing0506-1
q024,c0185,Ing0506-1
q024,c0202,Ing0506-1
q025,c0184,Ing0506-1
q025,c0185,Ing0506-1
q025,c0105,Ing0506-1
q025,c0018,Ing0506-1
q026,c0184,Ing0506-1
q026,c0185,Ing0506-1
q026,c0105,Ing0506-1
q026,c0429,Ing0506-1
q027,c0154,Ing0506-1
q027,c0896,Ing0506-1
q027,c0961,Ing0506-1
q028,c0154,Ing0506-1
nan,c0896,Ing0506-1
q028,c0957,Ing0506-1
q029,c0154,Ing0506-1
q029,c0896,Ing0506-1
q029,c0959,Ing0506-1
q030,c0142,Ing0506-1
q030,c0951,Ing0506-1
q031,c0142,Ing0506-1
q031,c0881,Ing0506-1
q031,c0965,Ing0506-1
q032,c0128,Ing0506-1
nan,c0142,Ing0506-1
q032,c0898,Ing0506-1
q033,c0128,Ing0506-1
q033,c0881,Ing0506-1
q033,c0949,Ing0506-1
q034,c0137,Ing0506-1
q034,c0143,Ing0506-1
q034,c1042,Ing0506-1
q035,c0137,Ing0506-1
q035,c0143,Ing0506-1
q038,c0046,Ing0506-1
q038,c0051,Ing0506-1
q038,c0059,Ing0506-1
q039,c0184,Ing0506-1
q039,c0185,Ing0506-1
q039,c0261,Ing0506-1
q039,c0202,Ing0506-1
q040,c0184,Ing0506-1
q040,c0185,Ing0506-1
q040,c0261,Ing0506-1
q040,c0474,Ing0506-1
q041,c0184,Ing0506-1
q041,c0185,Ing0506-1
q041,c0261,Ing0506-1
q042,c0450,Ing0506-1
q042,c1009,Ing0506-1
q042,c0600,Ing0506-1
q042,c0202,Ing0506-1
q042,c0474,Ing0506-1
nan,c0450,Ing0506-1
q043,c1009,Ing0506-1
q043,c0600,Ing0506-1
q043,c0281,Ing0506-1
q044,c0450,Ing0506-1
q044,c0452,Ing0506-1
q044,c0429,Ing0506-1
q044,c0202,Ing0506-1
q045,c0452,Ing0506-1
q045,nan,Ing0506-1
q045,c0202,Ing0506-1
q046,c0462,Ing0506-1
q046,c0463,Ing0506-1
q046,nan,Ing0506-1
q047,c0462,Ing0506-1
q047,c0463,Ing0506-1
q047,c0489,Ing0506-1
q047,c0474,Ing0506-1
q048,c0462,Ing0506-1
q048,c0463,Ing0506-1
q048,c0099,Ing0506-1
q049,c0462,Ing0506-1
q049,nan,Ing0506-1
q049,c0027,Ing0506-1
q049,c0803,Ing0506-1
q049,c0026,Ing0506-1
q050,c0439,Ing0506-1
q050,c0836,Ing0506-1
q050,c0243,Ing0506-1
q051,c0433,Ing0506-1
q051,c0836,Ing0506-1
q051,c0231,Ing0506-1
q051,c0440,Ing0506-1
q051,c0442,Ing0506-1
q052,c0422,Ing0506-1
q052,c0816,Ing0506-1
q052,c0247,Ing0506-1
q052,c0427,Ing0506-1
q052,c0429,Ing0506-1
q053,c0422,Ing0506-1
nan,c0429,Ing0506-1
q053,c0085,Ing0506-1
q053,c0446,Ing0506-1
q054,c0422,Ing0506-1
q054,c0429,Ing0506-1
q054,c0085,Ing0506-1
q054,c0816,Ing0506-1
nan,c0422,Ing0506-1
q055,c0429,Ing0506-1
q055,c0085,Ing0506-1
q055,c0718,Ing0506-1
q056,c0422,Ing0506-1
q056,c0429,Ing0506-1
q056,nan,Ing0506-1
q056,c0427,Ing0506-1
q057,c0474,Ing0506-1
q057,c0281,Ing0506-1
q057,c0073,Ing0506-1
q057,nan,Ing0506-1
q057,c1013,Ing0506-1
q058,c0474,Ing0506-1
q058,c0281,Ing0506-1
q058,c0261,Ing0506-1
q058,c0495,Ing0506-1
q058,c1013,Ing0506-1
q059,c0474,Ing0506-1
q059,c0281,Ing0506-1
q059,c0073,Ing0506-1
q059,c1013,Ing0506-1
q060,c0484,Ing0506-1
q060,c1068,Ing0506-1
q061,c1068,Ing0506-1
q061,c0600,Ing0506-1
q061,c1067,Ing0506-1
q062,c0484,Ing0506-1
q063,c0513,Ing0506-1
q063,c0724,Ing0506-1
nan,c0516,Ing0506-1
q064,c0513,Ing0506-1
q064,c0724,Ing0506-1
q064,c0429,Ing0506-1
q065,c0519,Ing0506-1
q065,c0521,Ing0506-1
q065,c0524,Ing0506-1
q066,c0519,Ing0506-1
q066,c0521,Ing0506-1
q066,c0533,Ing0506-1
q066,c1057,Ing0506-1
q067,c0519,Ing0506-1
q067,c0521,Ing0506-1
q067,c0536,Ing0506-1
q068,c0793,Ing0506-1
q068,c0830,Ing0506-1
q068,c0026,Ing0506-1
q068,c0027,Ing0506-1
q069,c0816,Ing0506-1
q069,c0427,Ing0506-1
q069,c0820,Ing0506-1
q069,c0830,Ing0506-1
nan,c0836,Ing0506-1
q070,c0830,Ing0506-1
q070,c0427,Ing0506-1
q070,c0820,Ing0506-1
q071,c0803,Ing0506-1
q071,c0533,Ing0506-1
q071,c0806,Ing0506-1
q071,c0080,Ing0506-1
q072,c0821,Ing0506-1
q072,c0823,Ing0506-1
q072,c0826,Ing0506-1
q072,c0080,Ing0506-1
q072,c0824,Ing0506-1
q073,c0823,Ing0506-1
q073,c0824,Ing0506-1
q073,c0826,Ing0506-1
q074,c0840,Ing0506-1
q074,c0846,Ing0506-1
q074,c0852,Ing0506-1
q074,c0855,Ing0506-1
q000,c0095,Ing0607-2
q000,c0108,Ing0607-2
q000,nan,Ing0607-2
q001,c0103,Ing0607-2
q001,c0110,Ing0607-2
q001,c0113,Ing0607-2
q001,c0722,Ing0607-2
q002,c0106,Ing0607-2
q002,c0115,Ing0607-2
q002,c0118,Ing0607-2
q002,c0998,Ing0607-2
q003,c0106,Ing0607-2
q003,c0998,Ing0607-2
q003,c1077,Ing0607-2
q005,c0106,Ing0607-2
q005,c0115,Ing0607-2
q005,c0723,Ing0607-2
q005,c0998,Ing0607-2
q006,c0211,Ing0607-2
q006,c0213,Ing0607-2
q006,c0238,Ing0607-2
q007,c0007,Ing0607-2
q007,c0009,Ing0607-2
q007,c0230,Ing0607-2
q008,c0230,Ing0607-2
q008,c0023,Ing0607-2
q008,c0217,Ing0607-2
q009,c0009,Ing0607-2
q009,c0023,Ing0607-2
q009,c0019,Ing0607-2
q010,c0015,Ing0607-2
nan,c0019,Ing0607-2
q010,c0024,Ing0607-2
q011,c0019,Ing0607-2
q011,c0088,Ing0607-2
q011,c0221,Ing0607-2
q012,c0015,Ing0607-2
q012,c0795,Ing0607-2
q012,c0897,Ing0607-2
q012,c0230,Ing0607-2
q013,c0044,Ing0607-2
q013,c0056,Ing0607-2
q013,c0069,Ing0607-2
q014,c0047,Ing0607-2
q014,c0053,Ing0607-2
q014,c0058,Ing0607-2
q014,c0746,Ing0607-2
q015,c0049,Ing0607-2
q015,c0061,Ing0607-2
q015,c0062,Ing0607-2
q015,c0742,Ing0607-2
q016,c0049,Ing0607-2
q016,c0062,Ing0607-2
q016,c0074,Ing0607-2
q017,c0049,Ing0607-2
q017,c0061,Ing0607-2
q017,c0062,Ing0607-2
q018,c0049,Ing0607-2
q018,c0062,Ing0607-2
q018,c0072,Ing0607-2
q020,c0217,Ing0607-2
q020,c0219,Ing0607-2
q020,c0023,Ing0607-2
q020,c0230,Ing0607-2
q021,c0217,Ing0607-2
q021,c0219,Ing0607-2
q021,c0230,Ing0607-2
q021,c0897,Ing0607-2
q022,c0221,Ing0607-2
q022,c0225,Ing0607-2
q022,c0232,Ing0607-2
nan,c0088,Ing0607-2
q023,c0221,Ing0607-2
q023,c0225,Ing0607-2
q023,c0253,Ing0607-2
q023,c0932,Ing0607-2
q024,c0225,Ing0607-2
q024,c0221,Ing0607-2
q025,c0178,Ing0607-2
q025,c0195,Ing0607-2
q025,c0206,Ing0607-2
q026,c0252,Ing0607-2
q026,c0191,Ing0607-2
q026,c0110,Ing0607-2
q027,c0257,Ing0607-2
q027,c0201,Ing0607-2
nan,c0203,Ing0607-2
q028,c0257,Ing0607-2
q028,c0515,Ing0607-2
q028,c0201,Ing0607-2
q028,c0467,Ing0607-2
q029,c0257,Ing0607-2
q029,c0515,Ing0607-2
q029,c0201,Ing0607-2
q029,c0106,Ing0607-2
q030,c0129,Ing0607-2
q030,c0131,Ing0607-2
q030,c0975,Ing0607-2
q031,c0129,Ing0607-2
q031,c0131,Ing0607-2
q031,nan,Ing0607-2
q032,c0129,Ing0607-2
q032,c0131,Ing0607-2
q032,c0152,Ing0607-2
q032,c0983,Ing0607-2
q033,c0132,Ing0607-2
q033,c0133,Ing0607-2
q033,c0883,Ing0607-2
q034,c0153,Ing0607-2
nan,c0980,Ing0607-2
q035,c0132,Ing0607-2
q035,c0153,Ing0607-2
q035,c0897,Ing0607-2
q035,c0963,Ing0607-2
q036,c0132,Ing0607-2
q036,c0133,Ing0607-2
q036,c0153,Ing0607-2
q036,c0963,Ing0607-2
q037,c0162,Ing0607-2
q037,c1041,Ing0607-2
q038,c0162,Ing0607-2
q041,c0252,Ing0607-2
q041,c0058,Ing0607-2
q041,c0047,Ing0607-2
nan,c0746,Ing0607-2
q042,c0257,Ing0607-2
q042,c0201,Ing0607-2
q042,c0072,Ing0607-2
q042,c0203,Ing0607-2
q043,c0257,Ing0607-2
q043,c0201,Ing0607-2
q043,c0072,Ing0607-2
q044,c0201,Ing0607-2
q044,c0072,Ing0607-2
q044,nan,Ing0607-2
q045,c0455,Ing0607-2
q045,c0478,Ing0607-2
q045,c0503,Ing0607-2
q046,c0455,Ing0607-2
q046,c0478,Ing0607-2
q046,c0602,Ing0607-2
q046,c0503,Ing0607-2
q046,c0279,Ing0607-2
q047,c0115,Ing0607-2
q047,c0279,Ing0607-2
q047,c0455,Ing0607-2
q047,c0106,Ing0607-2
q048,c0115,Ing0607-2
q048,c0279,Ing0607-2
q048,c0455,Ing0607-2
q048,c0467,Ing0607-2
q049,c0464,Ing0607-2
q049,c0496,Ing0607-2
q049,c0279,Ing0607-2
q050,c0464,Ing0607-2
q050,c0489,Ing0607-2
q050,c0496,Ing0607-2
q051,c0464,Ing0607-2
q051,c0072,Ing0607-2
q051,c0520,Ing0607-2
q051,c0113,Ing0607-2
q052,c0464,Ing0607-2
q052,c0554,Ing0607-2
q053,c0411,Ing0607-2
q053,c0412,Ing0607-2
nan,c0932,Ing0607-2
q053,c1074,Ing0607-2
q054,c0411,Ing0607-2
q054,c0932,Ing0607-2
q054,c0232,Ing0607-2
q054,c0088,Ing0607-2
q054,c0443,Ing0607-2
q055,c0423,Ing0607-2
q055,c0428,Ing0607-2
q055,c0430,Ing0607-2
q056,c0444,Ing0607-2
q056,c0423,Ing0607-2
q056,c0430,Ing0607-2
q056,c0449,Ing0607-2
q057,c0478,Ing0607-2
q057,c0479,Ing0607-2
q057,c0074,Ing0607-2
q058,c0478,Ing0607-2
q058,c0479,Ing0607-2
q058,c0497,Ing0607-2
q058,c1069,Ing0607-2
q059,c0479,Ing0607-2
q059,c0072,Ing0607-2
q059,c0737,Ing0607-2
q060,c0487,Ing0607-2
q060,c0737,Ing0607-2
q060,c0489,Ing0607-2
q060,c0730,Ing0607-2
q060,c1053,Ing0607-2
q061,c0487,Ing0607-2
q061,c0737,Ing0607-2
q061,c0496,Ing0607-2
q061,c1053,Ing0607-2
q061,c0279,Ing0607-2
q062,c0487,Ing0607-2
q062,nan,Ing0607-2
q062,c0503,Ing0607-2
q062,c0279,Ing0607-2
q063,c0512,Ing0607-2
q063,c0193,Ing0607-2
q063,c0515,Ing0607-2
q063,c0936,Ing0607-2
q064,c0512,Ing0607-2
q064,c0725,Ing0607-2
q064,c0430,Ing0607-2
q064,c0530,Ing0607-2
q065,c0512,Ing0607-2
q065,c0725,Ing0607-2
q065,c0535,Ing0607-2
q065,c0539,Ing0607-2
nan,c0936,Ing0607-2
q066,c0520,Ing0607-2
q066,c1005,Ing0607-2
q066,c0072,Ing0607-2
q066,c0257,Ing0607-2
q067,c0520,Ing0607-2
q067,c1005,Ing0607-2
q067,c0257,Ing0607-2
q067,c0024,Ing0607-2
q067,c0532,Ing0607-2
q068,c1005,Ing0607-2
q068,c0534,Ing0607-2
q068,c0537,Ing0607-2
q068,c0538,Ing0607-2
q069,c0602,Ing0607-2
q069,c0794,Ing0607-2
q069,c0795,Ing0607-2
q069,c0467,Ing0607-2
q069,c0835,Ing0607-2
q070,c0602,Ing0607-2
q070,c0812,Ing0607-2
q070,c0813,Ing0607-2
q070,c0411,Ing0607-2
q070,c0835,Ing0607-2
q071,c0795,Ing0607-2
q071,c0411,Ing0607-2
q071,c0812,Ing0607-2
q071,c0813,Ing0607-2
q071,c0835,Ing0607-2
q072,c0804,Ing0607-2
q072,c0807,Ing0607-2
q072,c0808,Ing0607-2
q073,c0808,Ing0607-2
q073,c0822,Ing0607-2
q074,c0789,Ing0607-2
q075,c0847,Ing0607-2
q075,c0980,Ing0607-2
q075,c0897,Ing0607-2
q075,c1072,Ing0607-2
q075,c1041,Ing0607-2
q076,c0847,Ing0607-2
q076,c1062,Ing0607-2
q076,c0897,Ing0607-2
q076,nan,Ing0607-2
q076,c1041,Ing0607-2
q077,c0847,Ing0607-2
q077,c1062,Ing0607-2
q077,c1066,Ing0607-2
q077,c1072,Ing0607-2
q078,c0849,Ing0607-2
q078,c0862,Ing0607-2
q078,c1065,Ing0607-2
q079,c0860,Ing0607-2
q079,c1065,Ing0607-2
q080,c0849,Ing0607-2
q080,c1064,Ing0607-2
q080,c1065,Ing0607-2
q000,c0094,Ing0607-3
q000,c0107,Ing0607-3
q000,c0112,Ing0607-3
q001,c0098,Ing0607-3
q001,c0104,Ing0607-3
q002,c0116,Ing0607-3
q002,nan,Ing0607-3
q003,c0210,Ing0607-3
q003,c0214,Ing0607-3
q003,c0226,Ing0607-3
q004,c0210,Ing0607-3
q004,c0214,Ing0607-3
q004,c0163,Ing0607-3
q005,c0224,Ing0607-3
q005,c0012,Ing0607-3
q005,c0013,Ing0607-3
q005,nan,Ing0607-3
q006,c0224,Ing0607-3
q006,c0012,Ing0607-3
q006,c0223,Ing0607-3
q006,c0218,Ing0607-3
q007,c0224,Ing0607-3
q007,c0013,Ing0607-3
q007,c0014,Ing0607-3
q008,c0035,Ing0607-3
q008,c0036,Ing0607-3
q009,c0441,Ing0607-3
q009,c0014,Ing0607-3
q010,c0898,Ing0607-3
q010,c0036,Ing0607-3
q011,c0045,Ing0607-3
q011,c0057,Ing0607-3
q011,c1007,Ing0607-3
q012,c0052,Ing0607-3
q012,c0055,Ing0607-3
q012,c0060,Ing0607-3
q013,c0741,Ing0607-3
nan,c0218,Ing0607-3
q016,c0223,Ing0607-3
q016,c0224,Ing0607-3
q017,c0224,Ing0607-3
q017,c0773,Ing0607-3
q018,c0227,Ing0607-3
q018,c0233,Ing0607-3
q019,c0227,Ing0607-3
q019,c0249,Ing0607-3
q020,c0177,Ing0607-3
q020,c0179,Ing0607-3
q020,c0181,Ing0607-3
q021,c0254,Ing0607-3
q021,c0198,Ing0607-3
q022,c0196,Ing0607-3
nan,c0130,Ing0607-3
q023,c0901,Ing0607-3
q023,c0972,Ing0607-3
q024,c0130,Ing0607-3
q024,c0901,Ing0607-3
q024,c0953,Ing0607-3
q025,c0130,Ing0607-3
q025,c0901,Ing0607-3
q025,c0978,Ing0607-3
nan,c0148,Ing0607-3
q026,c0149,Ing0607-3
q026,c0150,Ing0607-3
nan,c0882,Ing0607-3
q027,c0148,Ing0607-3
q027,c0149,Ing0607-3
nan,c0150,Ing0607-3
q027,c0969,Ing0607-3
q028,c0148,Ing0607-3
q028,c0149,Ing0607-3
q028,c0150,Ing0607-3
q028,c0898,Ing0607-3
q029,c0148,Ing0607-3
q029,c0149,Ing0607-3
q029,c0150,Ing0607-3
q030,c0163,Ing0607-3
q030,c0947,Ing0607-3
q031,c0163,Ing0607-3
q031,c0985,Ing0607-3
q032,c0163,Ing0607-3
q032,c1044,Ing0607-3
q034,c1007,Ing0607-3
q034,c0181,Ing0607-3
q035,c0254,Ing0607-3
q035,c0060,Ing0607-3
q035,c0052,Ing0607-3
q035,c0271,Ing0607-3
q037,c0745,Ing0607-3
q038,c0456,Ing0607-3
q038,c0741,Ing0607-3
q038,c0745,Ing0607-3
q039,c0456,Ing0607-3
nan,c0741,Ing0607-3
q040,nan,Ing0607-3
q040,c0457,Ing0607-3
q040,c0196,Ing0607-3
q041,c0465,Ing0607-3
q042,c0465,Ing0607-3
q042,c0498,Ing0607-3
q044,c0420,Ing0607-3
q045,c0420,Ing0607-3
q045,c0933,Ing0607-3
q045,c0441,Ing0607-3
nan,c0447,Ing0607-3
nan,c0486,Ing0607-3
q047,c0745,Ing0607-3
q047,c0741,Ing0607-3
q048,c0486,Ing0607-3
q048,c0741,Ing0607-3
q049,c0486,Ing0607-3
q049,c0506,Ing0607-3
q049,c0745,Ing0607-3
q050,c0491,Ing0607-3
q050,c0457,Ing0607-3
q051,c0738,Ing0607-3
q052,c0501,Ing0607-3
q052,c0457,Ing0607-3
q053,c0052,Ing0607-3
q053,c0510,Ing0607-3
q053,c0117,Ing0607-3
q054,nan,Ing0607-3
q054,c0510,Ing0607-3
q054,c0527,Ing0607-3
q054,c0117,Ing0607-3
q054,c0116,Ing0607-3
q056,c0798,Ing0607-3
q056,c0035,Ing0607-3
q056,c0012,Ing0607-3
q056,c0036,Ing0607-3
q057,c0814,Ing0607-3
q057,c0815,Ing0607-3
q057,c0218,Ing0607-3
q057,c0441,Ing0607-3
q057,c0014,Ing0607-3
q058,c0447,Ing0607-3
q058,c0828,Ing0607-3
q058,c0012,Ing0607-3
q058,c0218,Ing0607-3
q058,c0441,Ing0607-3
q058,c0014,Ing0607-3
q058,c1148,Ing0607-3
q060,c0233,Ing0607-3
q060,c0828,Ing0607-3
q061,c0233,Ing0607-3
q061,c0416,Ing0607-3
q062,c0845,Ing0607-3
q062,c0856,Ing0607-3
q063,c0845,Ing0607-3
q063,c0850,Ing0607-3
q064,c0845,Ing0607-3
q064,c0850,Ing0607-3
q064,c0869,Ing0607-3
q065,c0844,Ing0607-3
q065,c0851,Ing0607-3
q065,c0854,Ing0607-3
q066,c0851,Ing0607-3
q066,c0864,Ing0607-3
q000,c0177,Ing0304-3
q000,c0214,Ing0304-3
q000,c0226,Ing0304-3
q001,c0177,Ing0304-3
q001,c0214,Ing0304-3
q002,c0224,Ing0304-3
q002,c0012,Ing0304-3
q002,c0013,Ing0304-3
q003,c0224,Ing0304-3
q003,c0012,Ing0304-3
q003,c0223,Ing0304-3
q003,c0218,Ing0304-3
q004,c0035,Ing0304-3
q004,c0036,Ing0304-3
q005,c0441,Ing0304-3
q006,c0798,Ing0304-3
q006,c0036,Ing0304-3
q006,c0035,Ing0304-3
q007,c0411,Ing0304-3
q007,c0441,Ing0304-3
q007,c0014,Ing0304-3
q008,c0411,Ing0304-3
q008,c0828,Ing0304-3
q009,c0411,Ing0304-3
q009,c0828,Ing0304-3
q009,c0441,Ing0304-3
q010,c0527,Ing0304-3
q011,c0828,Ing0304-3
q013,c0130,Ing0304-3
q013,c0901,Ing0304-3
q013,c0972,Ing0304-3
q014,c0130,Ing0304-3
q014,c0901,Ing0304-3
q014,c0953,Ing0304-3
q015,c0901,Ing0304-3
q016,c0148,Ing0304-3
q016,c0150,Ing0304-3
q016,c0883,Ing0304-3
q017,c0149,Ing0304-3
q017,nan,Ing0304-3
q017,c0969,Ing0304-3
q018,c0148,Ing0304-3
q018,c0149,Ing0304-3
q018,c0150,Ing0304-3
q018,c0884,Ing0304-3
q019,c0214,Ing0304-3
q019,c0226,Ing0304-3
q020,c0210,Ing0304-3
q020,c0214,Ing0304-3
q020,c0771,Ing0304-3
q021,c0218,Ing0304-3
q021,c0223,Ing0304-3
q021,c0224,Ing0304-3
q022,c0227,Ing0304-3
q022,c0233,Ing0304-3
q023,c0227,Ing0304-3
q023,c0249,Ing0304-3
q024,c0409,Ing0304-3
q024,c0411,Ing0304-3
q024,c0249,Ing0304-3
q025,c0409,Ing0304-3
q025,c0411,Ing0304-3
q026,c0409,Ing0304-3
q026,c0411,Ing0304-3
q026,c0227,Ing0304-3
q027,c0249,Ing0304-3
q028,nan,Ing0304-3
q028,c0933,Ing0304-3
q028,c0233,Ing0304-3
q029,c0411,Ing0304-3
q029,c0933,Ing0304-3
q030,c0411,Ing0304-3
q030,nan,Ing0304-3
q030,c0227,Ing0304-3
q031,c0441,Ing0304-3
q032,c0045,Ing0304-3
q032,c0057,Ing0304-3
q032,c1007,Ing0304-3
q033,c0052,Ing0304-3
q033,c0055,Ing0304-3
q033,c0060,Ing0304-3
q034,c0741,Ing0304-3
q035,c0737,Ing0304-3
q035,c0741,Ing0304-3
q036,c0497,Ing0304-3
q036,c0737,Ing0304-3
q036,c0741,Ing0304-3
q037,c0506,Ing0304-3
q037,c0737,Ing0304-3
q037,c0741,Ing0304-3
q038,c0917,Ing0304-3
q038,c0344,Ing0304-3
q038,c0457,Ing0304-3
q038,c0918,Ing0304-3
q039,c0917,Ing0304-3
q039,c0344,Ing0304-3
q039,c0995,Ing0304-3
nan,c0917,Ing0304-3
q040,nan,Ing0304-3
q040,c0457,Ing0304-3
q040,c0343,Ing0304-3
q040,c0503,Ing0304-3
q041,c0177,Ing0304-3
q041,c0179,Ing0304-3
q041,c0181,Ing0304-3
q042,c0254,Ing0304-3
q042,c0271,Ing0304-3
q042,c0198,Ing0304-3
q043,c0196,Ing0304-3
q044,c1007,Ing0304-3
q044,c0179,Ing0304-3
q044,c0181,Ing0304-3
q045,c0254,Ing0304-3
q045,c0060,Ing0304-3
q045,c0052,Ing0304-3
q047,c0456,Ing0304-3
q047,c0503,Ing0304-3
q047,c0741,Ing0304-3
q048,c0456,Ing0304-3
q048,c0457,Ing0304-3
q048,c0196,Ing0304-3
q049,c0465,Ing0304-3
q050,c0094,Ing0304-3
q050,c0107,Ing0304-3
q050,c0112,Ing0304-3
q051,c0098,Ing0304-3
q051,c0104,Ing0304-3
q051,c0114,Ing0304-3
q052,c0116,Ing0304-3
q052,nan,Ing0304-3
q053,c0052,Ing0304-3
q053,c0510,Ing0304-3
q053,c0117,Ing0304-3
q054,c0052,Ing0304-3
q054,c0510,Ing0304-3
q054,c0527,Ing0304-3
q054,c0117,Ing0304-3
q055,c0052,Ing0304-3
nan,c0510,Ing0304-3
q055,c0535,Ing0304-3
q055,c0117,Ing0304-3
q055,c0116,Ing0304-3
q057,c0532,Ing0304-3
q058,c0534,Ing0304-3
q059,c0411,Ing0304-3
q059,c0233,Ing0304-3
q061,c0441,Ing0304-3
q061,nan,Ing0304-3
q061,c0233,Ing0304-3
q062,c0828,Ing0304-3
q062,c0411,Ing0304-3
q062,c0233,Ing0304-3
q062,c0014,Ing0304-3
q063,c0343,Ing0304-3
q063,c0344,Ing0304-3
q063,c0503,Ing0304-3
q064,c0344,Ing0304-3
q064,c0917,Ing0304-3
q064,c0918,Ing0304-3
q065,c0343,Ing0304-3
q065,c0344,Ing0304-3
q066,c0378,Ing0304-3
q066,c0798,Ing0304-3
q066,c0465,Ing0304-3
q067,c0378,Ing0304-3
q067,c0798,Ing0304-3
q067,nan,Ing0304-3
q068,c0378,Ing0304-3
q068,c0923,Ing0304-3
nan,c0535,Ing0304-3
q068,c0465,Ing0304-3
q069,c0378,Ing0304-3
q069,c0923,Ing0304-3
q069,c0535,Ing0304-3
q069,c0456,Ing0304-3
q071,c0378,Ing0304-3
q071,c0456,Ing0304-3
q072,c0378,Ing0304-3
q072,c0532,Ing0304-3
q072,c0909,Ing0304-3
q072,c0465,Ing0304-3
q073,nan,Ing0304-3
nan,c0532,Ing0304-3
q073,c0909,Ing0304-3
q073,c0456,Ing0304-3
q074,c0741,Ing0304-3
q074,c0503,Ing0304-3
q075,c0510,Ing0304-3
q076,nan,Ing0304-3
q077,c0534,Ing0304-3
q077,c0938,Ing0304-3
q077,c0535,Ing0304-3
q000,c0108,Ing0405-2
q000,c0127,Ing0405-2
q001,c0103,Ing0405-2
q001,c0110,Ing0405-2
q001,c0113,Ing0405-2
q001,c0785,Ing0405-2
q002,c0106,Ing0405-2
q002,c0115,Ing0405-2
q002,c0998,Ing0405-2
q003,c0106,Ing0405-2
q003,c0115,Ing0405-2
q003,c0119,Ing0405-2
q005,c0106,Ing0405-2
q005,c0115,Ing0405-2
q005,c0723,Ing0405-2
q005,nan,Ing0405-2
q006,c0211,Ing0405-2
q006,c0213,Ing0405-2
q006,c0238,Ing0405-2
q007,c0007,Ing0405-2
q007,c0009,Ing0405-2
q007,c0230,Ing0405-2
nan,c0023,Ing0405-2
q008,c0230,Ing0405-2
q008,c0023,Ing0405-2
q008,c0217,Ing0405-2
q009,c0009,Ing0405-2
q009,c0023,Ing0405-2
q009,c0019,Ing0405-2
q010,c015a,Ing0405-2
q010,c088b,Ing0405-2
q010,c0019,Ing0405-2
q010,c0020,Ing0405-2
q010,c0024,Ing0405-2
q011,c0019,Ing0405-2
q011,c088a,Ing0405-2
q011,c088b,Ing0405-2
q011,c0221,Ing0405-2
q011,c0253,Ing0405-2
q012,c0044,Ing0405-2
q012,c0056,Ing0405-2
q012,c0069,Ing0405-2
q013,c0047,Ing0405-2
q013,c0058,Ing0405-2
q014,c0049,Ing0405-2
q014,c0061,Ing0405-2
q014,c0062,Ing0405-2
q014,c0742,Ing0405-2
q015,c0049,Ing0405-2
q015,c0061,Ing0405-2
q015,c0062,Ing0405-2
q015,c0074,Ing0405-2
q016,c0049,Ing0405-2
q016,c0061,Ing0405-2
q016,c0062,Ing0405-2
q017,c0049,Ing0405-2
q017,c0061,Ing0405-2
q017,c0062,Ing0405-2
q017,c0072,Ing0405-2
q019,c0217,Ing0405-2
q019,c0219,Ing0405-2
q019,c0230,Ing0405-2
q020,c0217,Ing0405-2
q020,c0219,Ing0405-2
q020,c0230,Ing0405-2
q020,c0897,Ing0405-2
q021,c0225,Ing0405-2
q021,c0232,Ing0405-2
q021,c088a,Ing0405-2
q021,c088b,Ing0405-2
q022,c0221,Ing0405-2
q022,c0225,Ing0405-2
q022,c0253,Ing0405-2
q022,c0932,Ing0405-2
q023,c0044,Ing0405-2
q023,c0195,Ing0405-2
q023,nan,Ing0405-2
q024,c0252,Ing0405-2
q024,c0191,Ing0405-2
q024,c0110,Ing0405-2
q024,c0193,Ing0405-2
q025,c0257,Ing0405-2
q025,c0515,Ing0405-2
q025,c0201,Ing0405-2
q025,c0203,Ing0405-2
q026,c0257,Ing0405-2
q026,c0515,Ing0405-2
q026,c0201,Ing0405-2
q026,c0467,Ing0405-2
q027,c0257,Ing0405-2
q027,c0515,Ing0405-2
q027,c0201,Ing0405-2
q027,c0106,Ing0405-2
q028,c0129,Ing0405-2
q028,c0131,Ing0405-2
q028,c0152,Ing0405-2
q028,c0975,Ing0405-2
q029,c0129,Ing0405-2
q029,c0152,Ing0405-2
q029,c0955,Ing0405-2
q030,c0129,Ing0405-2
q030,c0131,Ing0405-2
q030,c0152,Ing0405-2
q030,c0983,Ing0405-2
q031,c0133,Ing0405-2
q031,c0153,Ing0405-2
q031,c0883,Ing0405-2
q032,c0132,Ing0405-2
q032,c0133,Ing0405-2
q032,c0153,Ing0405-2
q032,c0980,Ing0405-2
q033,c0132,Ing0405-2
q033,c0133,Ing0405-2
q033,c0153,Ing0405-2
q033,c0897,Ing0405-2
q034,c0132,Ing0405-2
q034,c0153,Ing0405-2
q034,c0963,Ing0405-2
q036,c0252,Ing0405-2
q036,c0058,Ing0405-2
q036,c0746,Ing0405-2
q037,c0257,Ing0405-2
q037,nan,Ing0405-2
q037,c0072,Ing0405-2
q038,c0257,Ing0405-2
q038,c0072,Ing0405-2
q039,c0257,Ing0405-2
q039,c0201,Ing0405-2
q039,nan,Ing0405-2
q039,c0279,Ing0405-2
q040,c0455,Ing0405-2
q040,c0478,Ing0405-2
q040,c0602,Ing0405-2
q040,c0503,Ing0405-2
q040,c0203,Ing0405-2
q041,c0455,Ing0405-2
q041,c0478,Ing0405-2
q041,c0602,Ing0405-2
q041,c0503,Ing0405-2
q041,c0279,Ing0405-2
q041,nan,Ing0405-2
q042,c0115,Ing0405-2
q042,c0279,Ing0405-2
q042,c0455,Ing0405-2
q042,c0106,Ing0405-2
q043,c0115,Ing0405-2
q043,c0279,Ing0405-2
q043,c0455,Ing0405-2
q043,nan,Ing0405-2
q043,c0203,Ing0405-2
q044,c0076,Ing0405-2
q044,c0279,Ing0405-2
q045,c0464,Ing0405-2
q045,c0076,Ing0405-2
q046,c0464,Ing0405-2
q046,c0072,Ing0405-2
q046,c0520,Ing0405-2
q046,c0113,Ing0405-2
q047,c0464,Ing0405-2
q048,c0411,Ing0405-2
q048,c0412,Ing0405-2
q048,c088a,Ing0405-2
q048,c088b,Ing0405-2
q048,c0932,Ing0405-2
q049,c0411,Ing0405-2
q049,c0432,Ing0405-2
q049,c088a,Ing0405-2
q049,c088b,Ing0405-2
q049,c0443,Ing0405-2
q050,c0423,Ing0405-2
q050,c0428,Ing0405-2
q050,c0430,Ing0405-2
q050,c0253,Ing0405-2
q050,c0432,Ing0405-2
q051,c0444,Ing0405-2
q051,c0423,Ing0405-2
q051,c0430,Ing0405-2
q051,c0449,Ing0405-2
q052,c0478,Ing0405-2
q052,c0479,Ing0405-2
q052,c0074,Ing0405-2
q052,c0742,Ing0405-2
q053,c0478,Ing0405-2
q053,c0479,Ing0405-2
q053,c0076,Ing0405-2
q053,c0497,Ing0405-2
q053,c0742,Ing0405-2
q054,c0478,Ing0405-2
q054,c0479,Ing0405-2
q054,c0072,Ing0405-2
q054,c0504,Ing0405-2
q054,c0742,Ing0405-2
q055,c0487,Ing0405-2
q055,c0737,Ing0405-2
q055,c0730,Ing0405-2
q055,c1053,Ing0405-2
q056,c0487,Ing0405-2
q056,c0737,Ing0405-2
q056,nan,Ing0405-2
q056,c0279,Ing0405-2
q057,c0737,Ing0405-2
q057,c0503,Ing0405-2
q058,c0512,Ing0405-2
q058,c0785,Ing0405-2
q058,c0193,Ing0405-2
q058,c0515,Ing0405-2
q058,c0936,Ing0405-2
q059,c0512,Ing0405-2
q059,c0785,Ing0405-2
q059,c0430,Ing0405-2
q059,c0530,Ing0405-2
q060,c0512,Ing0405-2
q060,c0785,Ing0405-2
q060,c0535,Ing0405-2
q060,c0539,Ing0405-2
q060,c0936,Ing0405-2
q061,c1001,Ing0405-2
q061,c0072,Ing0405-2
q061,c0257,Ing0405-2
q061,c0526,Ing0405-2
q062,c0520,Ing0405-2
q062,c1001,Ing0405-2
q062,c0257,Ing0405-2
q062,c0024,Ing0405-2
q063,c0520,Ing0405-2
q063,c1001,Ing0405-2
q063,c0534,Ing0405-2
q063,c0537,Ing0405-2
q063,c0538,Ing0405-2
q064,c0602,Ing0405-2
q064,c0794,Ing0405-2
q064,c0795,Ing0405-2
q064,c0467,Ing0405-2
q064,c0835,Ing0405-2
q064,c1022,Ing0405-2
q065,c0812,Ing0405-2
nan,c0411,Ing0405-2
q066,c0602,Ing0405-2
q066,c0795,Ing0405-2
q066,c0411,Ing0405-2
q066,c0835,Ing0405-2
q066,c0812,Ing0405-2
q067,c0804,Ing0405-2
q067,c0808,Ing0405-2
q068,c0808,Ing0405-2
q068,c0822,Ing0405-2
q069,c0808,Ing0405-2
q000,c0006,Fis0506-2
q000,nan,Fis0506-2
q000,c0008,Fis0506-2
q000,c0009,Fis0506-2
q001,c0017,Fis0506-2
q001,c0019,Fis0506-2
q002,c0026,Fis0506-2
q002,c0027,Fis0506-2
q002,c0028,Fis0506-2
q002,c0079,Fis0506-2
q003,c0026,Fis0506-2
q003,c0027,Fis0506-2
q003,c0028,Fis0506-2
q003,c0085,Fis0506-2
q004,c0026,Fis0506-2
q004,c0027,Fis0506-2
q004,c0028,Fis0506-2
q004,c0083,Fis0506-2
q005,c0026,Fis0506-2
q005,c0027,Fis0506-2
q005,c0028,Fis0506-2
q005,c0081,Fis0506-2
q006,c0026,Fis0506-2
q006,c0027,Fis0506-2
q006,c0082,Fis0506-2
q007,c0038,Fis0506-2
q007,c0045,Fis0506-2
q007,c0044,Fis0506-2
q008,c0045,Fis0506-2
q008,c0040,Fis0506-2
q008,c0034,Fis0506-2
q008,c0042,Fis0506-2
q009,c0038,Fis0506-2
q009,c0045,Fis0506-2
q009,c0040,Fis0506-2
q009,c0036,Fis0506-2
q010,c0107,Fis0506-2
q010,c0108,Fis0506-2
q011,c0109,Fis0506-2
q011,c0116,Fis0506-2
q012,c0110,Fis0506-2
q012,c0111,Fis0506-2
q012,c0113,Fis0506-2
q000,Geo1,Let0506-2
q001,LinIta,Let0506-2
q001,ItaScr,Let0506-2
q001,Archiv,Let0506-2
q002,LinIta,Let0506-2
q002,ItaScr,Let0506-2
q002,Codico,Let0506-2
q003,LinIta,Let0506-2
q003,ItaScr,Let0506-2
q003,PalLat,Let0506-2
q004,LinIta,Let0506-2
q004,ItaScr,Let0506-2
q004,StoLibSta,Let0506-2
q005,Esteti,Let0506-2
q005,StoMus,Let0506-2
q005,Cartog,Let0506-2
q005,LabScr,Let0506-2
q006,LinGreA,Let0506-2
q006,LinLatA,Let0506-2
q006,Geo1,Let0506-2
q007,Glotto,Let0506-2
q007,LinLetGre1,Let0506-2
q007,StoGre,Let0506-2
q007,ArcCla1,Let0506-2
q008,FilCla2,Let0506-2
q008,LinLetLat2,Let0506-2
q008,LetCriAnt,Let0506-2
q008,StoRom,Let0506-2
q010,LinLetGre1,Let0506-2
q010,StoGre,Let0506-2
q010,StoRom,Let0506-2
q010,ArcCla1,Let0506-2
q010,ItaScr,Let0506-2
q011,Glotto,Let0506-2
q011,EpiLat,Let0506-2
q011,LetCriAnt,Let0506-2
q012,Glotto,Let0506-2
q012,EpiLat,Let0506-2
q012,TopRilMonAnt,Let0506-2
q014,FilCla2,Let0506-2
q014,EpiLat,Let0506-2
q014,LetCriAnt,Let0506-2
nan,FilCla2,Let0506-2
nan,EpiLat,Let0506-2
q015,TopRilMonAnt,Let0506-2
q017,LinLatA,Let0506-2
q017,Geo1,Let0506-2
q017,FonSoc,Let0506-2
q017,AntCul,Let0506-2
q018,ItaScr,Let0506-2
q018,Sociol1,Let0506-2
q018,AntCul,Let0506-2
q019,nan,Let0506-2
q019,LinIta,Let0506-2
q019,Sociol1,Let0506-2
q020,StoMus,Let0506-2
q020,AntCul,Let0506-2
q021,Sociol1,Let0506-2
q022,StoCriCin,Let0506-2
q022,LinIta,Let0506-2
q024,ItaScr,Let0506-2
q024,Archiv,Let0506-2
q024,PalLat,Let0506-2
q025,StoMed2,Let0506-2
q025,StoMod2,Let0506-2
q025,StoRom,Let0506-2
q026,StoMed2,Let0506-2
q026,StoMod2,Let0506-2
q026,LetCriAnt,Let0506-2
q027,LetCriAnt,Let0506-2
q027,AntCul,Let0506-2
q028,ItaScr,Let0506-2
q028,Esteti,Let0506-2
nan,ArcCriMed,Let0506-2
q029,ItaScr,Let0506-2
q029,FonSoc,Let0506-2
q029,AntCul,Let0506-2
q029,ArcCriMed,Let0506-2
q030,Geo1,Let0506-2
q030,LinLatB,Let0506-2
q030,StoTecArtM12,Let0506-2
q031,Geo1,Let0506-2
q031,LinLatB,Let0506-2
q031,StoArcMed,Let0506-2
q031,StoTecArtM3,Let0506-2
q032,Geo1,Let0506-2
q032,LinLatB,Let0506-2
q032,StoProArtCulMatMed,Let0506-2
q034,Geo1,Let0506-2
q034,LinLatB,Let0506-2
q034,ArcStoArtMus,Let0506-2
q034,StoTecArtM12,Let0506-2
q035,Geo1,Let0506-2
q035,LinLatB,Let0506-2
q036,MetRicStoArt,Let0506-2
q036,nan,Let0506-2
q036,StoRes,Let0506-2
q036,EleInfSciCatBenCulM2,Let0506-2
q037,MetRicStoArt,Let0506-2
q037,StoCriArt,Let0506-2
q037,StoRes,Let0506-2
q037,EleInfSciCatBenCulM3,Let0506-2
nan,StoColIstMus,Let0506-2
q038,StoCriArt,Let0506-2
q038,StoRes,Let0506-2
q039,StoColIstMus,Let0506-2
q039,StoCriArt,Let0506-2
q039,EleInfSciCatBenCulM3,Let0506-2
q040,StoDisGra,Let0506-2
q040,StoCriArt,Let0506-2
q040,StoRes,Let0506-2
nan,EleInfSciCatBenCulM2,Let0506-2
q041,StoDisGra,Let0506-2
q041,StoCriArt,Let0506-2
nan,StoRes,Let0506-2
q042,ArcStoArtMus,Let0506-2
q042,StoCriArt,Let0506-2
q042,StoRes,Let0506-2
q042,EleInfSciCatBenCulM2,Let0506-2
q043,StoCriArt,Let0506-2
q043,StoRes,Let0506-2
q043,EleInfSciCatBenCulM3,Let0506-2
q044,StoArcCon,Let0506-2
q044,MatCarCosResEdiSto,Let0506-2
q044,StoCriCin,Let0506-2
q044,SocArt,Let0506-2
q045,StoArcCon,Let0506-2
q045,MatCarCosResEdiSto,Let0506-2
q045,SocArt,Let0506-2
q046,StoArcCon,Let0506-2
q046,MatCarCosResEdiSto,Let0506-2
q046,StoMus,Let0506-2
q046,nan,Let0506-2
q047,StoArcCon,Let0506-2
q047,MatCarCosResEdiSto,Let0506-2
q047,StoCriCin,Let0506-2
q047,Esteti,Let0506-2
q048,StoArcCon,Let0506-2
q048,MatCarCosResEdiSto,Let0506-2
q048,StoTecFot,Let0506-2
q048,Esteti,Let0506-2
q049,StoArcCon,Let0506-2
q049,MatCarCosResEdiSto,Let0506-2
q049,nan,Let0506-2
q049,Esteti,Let0506-2
q050,StoGre,Let0506-2
q050,ArcCla1,Let0506-2
q050,Geo1,Let0506-2
q050,nan,Let0506-2
q050,Paleoa,Let0506-2
q051,StoRom,Let0506-2
q051,ArcCla2,Let0506-2
q051,TopRilMonAnt,Let0506-2
q052,StoRom,Let0506-2
q052,ArcCriMed,Let0506-2
q052,TopRilMonAnt,Let0506-2
q052,LinGreA,Let0506-2
q053,StoRom,Let0506-2
q053,ArcVicOriAnt,Let0506-2
q053,TopRilMonAnt,Let0506-2
q053,LinGreA,Let0506-2
q054,EtrAntIta,Let0506-2
q054,LetCriAnt,Let0506-2
q054,Glotto,Let0506-2
q054,MatCarCosResEdiSto,Let0506-2
q055,nan,Let0506-2
q055,AntCul,Let0506-2
q055,Glotto,Let0506-2
q056,EtrAntIta,Let0506-2
q056,LetCriAnt,Let0506-2
q056,InfDoc,Let0506-2
q056,MatCarCosResEdiSto,Let0506-2
q057,EtrAntIta,Let0506-2
q057,AntCul,Let0506-2
q057,InfDoc,Let0506-2
q057,MatCarCosResEdiSto,Let0506-2
q058,EtrAntIta,Let0506-2
q058,LetCriAnt,Let0506-2
q058,Glotto,Let0506-2
q058,MatTecAppArcM3,Let0506-2
q059,EtrAntIta,Let0506-2
q059,Glotto,Let0506-2
q059,MatTecAppArcM3,Let0506-2
q060,EtrAntIta,Let0506-2
q060,LetCriAnt,Let0506-2
q060,InfDoc,Let0506-2
q060,MatTecAppArcM3,Let0506-2
q061,EtrAntIta,Let0506-2
q061,AntCul,Let0506-2
q061,InfDoc,Let0506-2
q062,Archiv,Let0506-2
q062,Geo1,Let0506-2
q062,LinLatB,Let0506-2
nan,PalLat,Let0506-2
q063,InfDoc,Let0506-2
q063,StoMus,Let0506-2
q064,PalLat,Let0506-2
q064,InfDoc,Let0506-2
q064,StoCriCin,Let0506-2
q065,PalLat,Let0506-2
q065,InfDoc,Let0506-2
q065,StoTecFot,Let0506-2
q066,PalLat,Let0506-2
q066,LinLetGre1,Let0506-2
q066,StoMus,Let0506-2
q067,LinLetGre1,Let0506-2
q068,PalLat,Let0506-2
q068,StoTecFot,Let0506-2
q069,PalLat,Let0506-2
q069,StoLibSta,Let0506-2
q070,PalLat,Let0506-2
q070,nan,Let0506-2
q070,StoCriCin,Let0506-2
q071,PalLat,Let0506-2
q071,StoLibSta,Let0506-2
q072,InfDoc,Let0506-2
q072,Codico,Let0506-2
q072,LinLetGre1,Let0506-2
q073,InfDoc,Let0506-2
q073,Codico,Let0506-2
q073,StoLibSta,Let0506-2
q074,InfDoc,Let0506-2
q074,Codico,Let0506-2
q075,InfDoc,Let0506-2
q075,LinLetGre1,Let0506-2
q075,StoLibSta,Let0506-2
q077,InfDoc,Let0506-2
q077,StoLibSta,Let0506-2
q077,StoBib,Let0506-2
q078,StoLibSta,Let0506-2
q078,Codico,Let0506-2
q078,LinLetGre1,Let0506-2
q079,StoLibSta,Let0506-2
q079,Codico,Let0506-2
q079,StoBib,Let0506-2
q080,StoLibSta,Let0506-2
q080,LinLetGre1,Let0506-2
q080,StoBib,Let0506-2
q081,Sociol1,Let0506-2
q081,InfDoc,Let0506-2
q081,PsiTur,Let0506-2
q081,AntCul,Let0506-2
q081,StoRom,Let0506-2
q081,StoArc,Let0506-2
q082,LegBenCul2,Let0506-2
q082,EcoAzi,Let0506-2
q082,GeoTur,Let0506-2
q082,StoColIstMus,Let0506-2
q082,StoTecFot,Let0506-2
q083,Sociol1,Let0506-2
q083,InfDoc,Let0506-2
q083,PsiTur,Let0506-2
q083,AntCul,Let0506-2
q083,StoMed2,Let0506-2
q084,Sociol1,Let0506-2
q084,InfDoc,Let0506-2
q084,PsiTur,Let0506-2
q084,AntCul,Let0506-2
q084,StoMod2,Let0506-2
q084,StoArt,Let0506-2
q085,LegBenCul2,Let0506-2
q085,GeoTur,Let0506-2
q085,StoTecFot,Let0506-2
q085,StoMed2,Let0506-2
q086,LegBenCul2,Let0506-2
q086,EcoAzi,Let0506-2
q086,GeoTur,Let0506-2
q086,StoColIstMus,Let0506-2
q086,StoTecFot,Let0506-2
q086,StoMod2,Let0506-2
q091,StoGre,Let0506-2
q091,FilTeo,Let0506-2
q091,Esteti,Let0506-2
q092,StoRom,Let0506-2
q092,FilTeo,Let0506-2
q092,Esteti,Let0506-2
q093,StoMed2,Let0506-2
q093,FilTeo,Let0506-2
q093,LogFilMat,Let0506-2
q093,Esteti,Let0506-2
q094,StoLinItaCS,Let0506-2
q094,Archiv,Let0506-2
q094,StoModCS,Let0506-2
q094,StoFilMedCS,Let0506-2
nan,StoCriCin,Let0506-2
q095,Archiv,Let0506-2
q095,StoFriCS,Let0506-2
q095,StoFilMedCS,Let0506-2
q095,StoCriCin,Let0506-2
q096,StoLinItaCS,Let0506-2
q096,Archiv,Let0506-2
q096,StoConCS,Let0506-2
q096,StoFilMedCS,Let0506-2
q096,StoCriCin,Let0506-2
q097,StoLinItaCS,Let0506-2
q097,Archiv,Let0506-2
q097,StoAntStaItaCS,Let0506-2
q097,StoFilMedCS,Let0506-2
q097,StoCriCin,Let0506-2
q098,StoLinItaCS,Let0506-2
q098,PalLat,Let0506-2
q098,StoModCS,Let0506-2
q098,StoFilMedCS,Let0506-2
q098,StoCriCin,Let0506-2
q099,StoLinItaCS,Let0506-2
q099,PalLat,Let0506-2
q099,StoFriCS,Let0506-2
q099,StoFilMedCS,Let0506-2
q100,StoLinItaCS,Let0506-2
q100,PalLat,Let0506-2
q100,StoConCS,Let0506-2
q100,StoFilMedCS,Let0506-2
q100,StoCriCin,Let0506-2
q101,StoLinItaCS,Let0506-2
q101,PalLat,Let0506-2
q101,StoAntStaItaCS,Let0506-2
q101,StoFilMedCS,Let0506-2
q102,StoLinItaCS,Let0506-2
q102,StoLibSta,Let0506-2
q102,StoModCS,Let0506-2
q102,StoFilMedCS,Let0506-2
q102,StoCriCin,Let0506-2
q103,StoLinItaCS,Let0506-2
q103,StoLibSta,Let0506-2
q103,StoFriCS,Let0506-2
q103,StoFilMedCS,Let0506-2
q103,StoCriCin,Let0506-2
q104,StoLinItaCS,Let0506-2
q104,StoLibSta,Let0506-2
q104,StoConCS,Let0506-2
q104,StoCriCin,Let0506-2
q105,StoLinItaCS,Let0506-2
q105,StoAntStaItaCS,Let0506-2
q105,StoFilMedCS,Let0506-2
q105,StoCriCin,Let0506-2
q106,StoLinItaCS,Let0506-2
q106,Archiv,Let0506-2
q106,StoModCS,Let0506-2
q106,StoFilCS,Let0506-2
q106,StoCriCin,Let0506-2
q107,nan,Let0506-2
q107,Archiv,Let0506-2
q107,StoFriCS,Let0506-2
q107,StoFilCS,Let0506-2
q107,StoCriCin,Let0506-2
q108,Archiv,Let0506-2
q108,StoConCS,Let0506-2
q108,StoFilCS,Let0506-2
q108,StoCriCin,Let0506-2
q109,StoLinItaCS,Let0506-2
q109,Archiv,Let0506-2
q109,StoAntStaItaCS,Let0506-2
q109,StoFilCS,Let0506-2
q109,StoCriCin,Let0506-2
q110,PalLat,Let0506-2
q110,StoModCS,Let0506-2
q110,StoFilCS,Let0506-2
q110,StoCriCin,Let0506-2
q111,StoLinItaCS,Let0506-2
q111,PalLat,Let0506-2
q111,StoFriCS,Let0506-2
q111,StoFilCS,Let0506-2
q111,StoCriCin,Let0506-2
q112,StoLinItaCS,Let0506-2
q112,PalLat,Let0506-2
q112,StoConCS,Let0506-2
q112,StoFilCS,Let0506-2
q112,StoCriCin,Let0506-2
q113,StoLinItaCS,Let0506-2
q113,PalLat,Let0506-2
q113,StoAntStaItaCS,Let0506-2
q113,nan,Let0506-2
q113,StoCriCin,Let0506-2
q114,StoLinItaCS,Let0506-2
q114,StoLibSta,Let0506-2
q114,StoModCS,Let0506-2
q114,StoFilCS,Let0506-2
q114,StoCriCin,Let0506-2
q115,StoLinItaCS,Let0506-2
q115,StoLibSta,Let0506-2
q115,StoFriCS,Let0506-2
q115,StoFilCS,Let0506-2
q115,StoCriCin,Let0506-2
q116,StoLinItaCS,Let0506-2
q116,StoLibSta,Let0506-2
q116,StoConCS,Let0506-2
q116,StoFilCS,Let0506-2
q116,StoCriCin,Let0506-2
q117,StoLinItaCS,Let0506-2
q117,StoLibSta,Let0506-2
q117,StoAntStaItaCS,Let0506-2
q117,StoFilCS,Let0506-2
q117,StoCriCin,Let0506-2
q118,LinLetLat2,Let0506-2
q119,nan,Let0506-2
q119,StoRomCS,Let0506-2
q119,EpiLat,Let0506-2
q119,FilCla2,Let0506-2
q120,LinLetLat2,Let0506-2
q120,StoRomCS,Let0506-2
q120,PalLat,Let0506-2
q120,EpiLat,Let0506-2
q120,LetCriAnt,Let0506-2
q121,LinLetLat2,Let0506-2
q121,StoRomCS,Let0506-2
q121,PalLat,Let0506-2
q121,EpiLat,Let0506-2
q121,LinLetLatCS,Let0506-2
q123,LinLetLat2,Let0506-2
q123,StoRomCS,Let0506-2
q123,PalLat,Let0506-2
q123,EpiLat,Let0506-2
q123,FilCla2,Let0506-2
q123,LetCriAnt,Let0506-2
nan,LinLetLat2,Let0506-2
q124,StoRomCS,Let0506-2
q124,PalLat,Let0506-2
q124,FilCla2,Let0506-2
q124,LinLetLatCS,Let0506-2
q126,PalLat,Let0506-2
q126,EpiLat,Let0506-2
q126,LetCriAnt,Let0506-2
q126,LinLetLatCS,Let0506-2
q129,LinLetLatCS,Let0506-2
q130,PapiroCS,Let0506-2
q131,LetCriAnt,Let0506-2
q131,PapiroCS,Let0506-2
q131,StoFilMedCS,Let0506-2
q132,LetCriAnt,Let0506-2
q132,PapiroCS,Let0506-2
q132,TedUma,Let0506-2
q133,FilCla2,Let0506-2
q133,StoRom,Let0506-2
q133,ArcCla2,Let0506-2
q133,ArcVicOriAnt,Let0506-2
q133,EtrAntIta,Let0506-2
q134,LinLetLat2,Let0506-2
q134,FilCla2,Let0506-2
q134,StoRom,Let0506-2
q134,ArcCla2,Let0506-2
q134,ArcVicOriAnt,Let0506-2
q134,TopRilMonAnt,Let0506-2
q135,LinLetLat2,Let0506-2
q135,FilCla2,Let0506-2
q135,StoRom,Let0506-2
q135,ArcCla2,Let0506-2
q135,TopRilMonAnt,Let0506-2
q135,EtrAntIta,Let0506-2
q136,LinLetLat2,Let0506-2
q136,FilCla2,Let0506-2
q136,StoRom,Let0506-2
q136,ArcVicOriAnt,Let0506-2
q136,EtrAntIta,Let0506-2
q136,TopRilMonAnt,Let0506-2
q137,LinLetLat2,Let0506-2
q137,Glotto,Let0506-2
q137,StoRom,Let0506-2
q137,ArcCla2,Let0506-2
q137,ArcVicOriAnt,Let0506-2
q137,EtrAntIta,Let0506-2
q138,LinLetLat2,Let0506-2
q138,Glotto,Let0506-2
q138,StoRom,Let0506-2
q138,ArcCla2,Let0506-2
q138,ArcVicOriAnt,Let0506-2
q139,LinLetLat2,Let0506-2
q139,Glotto,Let0506-2
q139,StoRom,Let0506-2
q139,ArcCla2,Let0506-2
q139,TopRilMonAnt,Let0506-2
q139,EtrAntIta,Let0506-2
q140,LinLetLat2,Let0506-2
q140,Glotto,Let0506-2
q140,StoRom,Let0506-2
q140,ArcVicOriAnt,Let0506-2
q140,EtrAntIta,Let0506-2
q140,TopRilMonAnt,Let0506-2
q141,StoRomCS,Let0506-2
q141,PapiroCS,Let0506-2
q141,TedUma,Let0506-2
q142,StoRom,Let0506-2
q142,ArcStoArtMus,Let0506-2
q142,StoFriCS,Let0506-2
q142,StoAntStaItaCS,Let0506-2
q142,StoMus,Let0506-2
q142,StoCriCin,Let0506-2
q142,StoConCS,Let0506-2
q142,StoFilMedCS,Let0506-2
q142,StoFilCS,Let0506-2
q143,Sociol1,Let0506-2
q143,AntCul,Let0506-2
q143,StoModCS,Let0506-2
q143,StoFriCS,Let0506-2
q143,StoAntStaItaCS,Let0506-2
q143,StoArcMed,Let0506-2
q143,StoProArtCulMatMed,Let0506-2
q143,StoColIstMus,Let0506-2
q143,StoArcCon,Let0506-2
q144A,StoArtMod2CS,Let0506-2
q144A,StoArtCon2CS,Let0506-2
q144A,ArcCla1,Let0506-2
q144A,ArcCla2,Let0506-2
q144A,ArcCriMed,Let0506-2
q144A,LegBenCul2,Let0506-2
q144A,AntCul,Let0506-2
q144A,StoCriArt,Let0506-2
q144B,StoTecArtCS,Let0506-2
q144B,StoArcMed,Let0506-2
q144B,StoProArtCulMatMed,Let0506-2
q144B,ArcStoArtMus,Let0506-2
q144B,MetRicStoArt,Let0506-2
q144B,StoColIstMus,Let0506-2
q144B,StoDisGra,Let0506-2
q145A,StoCriCin,Let0506-2
q145A,nan,Let0506-2
q145A,StoMus,Let0506-2
q145A,StoArtMod2CS,Let0506-2
q145A,StoArtCon2CS,Let0506-2
q145A,StoCriArt,Let0506-2
q145A,StoTecArtCS,Let0506-2
q145A,StoArcMed,Let0506-2
q145B,StoArcMed,Let0506-2
q145B,StoProArtCulMatMed,Let0506-2
q145B,ArcStoArtMus,Let0506-2
nan,MetRicStoArt,Let0506-2
q145B,StoDisGra,Let0506-2
q145B,StoArcCon,Let0506-2
q146,EtrAntIta,Let0506-2
q146,ArcClaCS,Let0506-2
q146,ProMedCS,Let0506-2
q146,ArcMedCS,Let0506-2
q146,NumismCS,Let0506-2
q146,OrientCS,Let0506-2
q146,PapiroCS,Let0506-2
nan,StoRomCS,Let0506-2
q146,BioarcCS,Let0506-2
q147,BioarcCS,Let0506-2
q148,ArchivCS,Let0506-2
q148,StoLibStaCSM1,Let0506-2
q148,StoLibStaCSM2,Let0506-2
nan,ArchivCS,Let0506-2
q149,CodicoCS,Let0506-2
q149,LegBenCul2,Let0506-2
q150,StoLibStaCSM1,Let0506-2
q150,StoLibStaCSM2,Let0506-2
q150,CodicoCS,Let0506-2
q150,LegBenCul2,Let0506-2
q151,ArchivCS,Let0506-2
q151,StoLibStaCSM1,Let0506-2
q151,StoLibStaCSM2,Let0506-2
q152,ArchivCS,Let0506-2
q152,PapiroCS,Let0506-2
q153,ArchivCS,Let0506-2
q153,ChiResCS,Let0506-2
q154,CodicoCS,Let0506-2
q154,ArchivCS,Let0506-2
q155,StoLibStaCSM1,Let0506-2
q155,StoLibStaCSM2,Let0506-2
q156,CodicoCS,Let0506-2
q156,PapiroCS,Let0506-2
q157,CodicoCS,Let0506-2
q157,ChiResCS,Let0506-2
q158,StoLibStaCSM1,Let0506-2
q158,StoLibStaCSM2,Let0506-2
q158,PapiroCS,Let0506-2
q159,StoLibStaCSM1,Let0506-2
q159,StoLibStaCSM2,Let0506-2
q159,ChiResCS,Let0506-2
q160,PapiroCS,Let0506-2
q160,ChiResCS,Let0506-2
q000,c0094,Ing0506-3
q000,c0107,Ing0506-3
q000,c0112,Ing0506-3
q001,c0098,Ing0506-3
q001,c0104,Ing0506-3
q001,c0114,Ing0506-3
q002,c0116,Ing0506-3
q002,c0117,Ing0506-3
q003,c0210,Ing0506-3
q003,c0214,Ing0506-3
q003,c0226,Ing0506-3
q004,c0214,Ing0506-3
q004,c0163,Ing0506-3
q005,c0224,Ing0506-3
q005,c0012,Ing0506-3
nan,c0013,Ing0506-3
q005,c0014,Ing0506-3
q006,c0012,Ing0506-3
q006,c0223,Ing0506-3
q006,c0218,Ing0506-3
q007,c0224,Ing0506-3
q007,c0773,Ing0506-3
q007,c0013,Ing0506-3
nan,c0014,Ing0506-3
q008,c0035,Ing0506-3
q008,c0036,Ing0506-3
q009,c0441,Ing0506-3
q009,c0014,Ing0506-3
q010,c0036,Ing0506-3
q010,c0899,Ing0506-3
q011,c0045,Ing0506-3
q011,c0057,Ing0506-3
q012,c0052,Ing0506-3
q012,c0053,Ing0506-3
q012,c0055,Ing0506-3
q013,c0741,Ing0506-3
q016,c0218,Ing0506-3
q016,c0223,Ing0506-3
q016,c0224,Ing0506-3
q017,c0224,Ing0506-3
q017,c0899,Ing0506-3
q017,c0773,Ing0506-3
q018,c0227,Ing0506-3
q018,c0233,Ing0506-3
q019,c0227,Ing0506-3
q019,c0249,Ing0506-3
q020,c0177,Ing0506-3
q020,c0179,Ing0506-3
q020,c0181,Ing0506-3
q021,c0254,Ing0506-3
q021,c0198,Ing0506-3
q022,c0196,Ing0506-3
q023,c0130,Ing0506-3
q023,c0901,Ing0506-3
q023,c0972,Ing0506-3
q024,c0130,Ing0506-3
q024,c0901,Ing0506-3
q024,c0953,Ing0506-3
q025,c0130,Ing0506-3
q025,c0901,Ing0506-3
q025,c0978,Ing0506-3
q026,c0148,Ing0506-3
q026,c0150,Ing0506-3
q026,c0882,Ing0506-3
q027,c0148,Ing0506-3
q027,c0149,Ing0506-3
q027,c0150,Ing0506-3
q027,c0969,Ing0506-3
q028,c0148,Ing0506-3
q028,c0150,Ing0506-3
q028,c0899,Ing0506-3
q029,c0148,Ing0506-3
q029,c0150,Ing0506-3
q029,c0884,Ing0506-3
q030,c0162,Ing0506-3
q030,c0163,Ing0506-3
q030,c0947,Ing0506-3
q031,c0163,Ing0506-3
q031,nan,Ing0506-3
q032,c0162,Ing0506-3
q032,c1044,Ing0506-3
q034,c0254,Ing0506-3
nan,c0052,Ing0506-3
q036,c0745,Ing0506-3
q037,c0741,Ing0506-3
q037,c0745,Ing0506-3
q038,c0741,Ing0506-3
q039,c0456,Ing0506-3
q039,c0465,Ing0506-3
q039,c0498,Ing0506-3
q040,c0456,Ing0506-3
q040,c0457,Ing0506-3
q040,c0196,Ing0506-3
q041,c0465,Ing0506-3
q042,c0498,Ing0506-3
q044,c0409,Ing0506-3
q044,c0670,Ing0506-3
q044,c0416,Ing0506-3
q044,c0420,Ing0506-3
q044,c0249,Ing0506-3
q045,c0409,Ing0506-3
q045,c0670,Ing0506-3
q045,c0233,Ing0506-3
nan,c0227,Ing0506-3
q046,c0420,Ing0506-3
q046,c0933,Ing0506-3
q046,c0249,Ing0506-3
q046,c0233,Ing0506-3
q046,nan,Ing0506-3
q047,c0420,Ing0506-3
q047,c0933,Ing0506-3
q048,c0441,Ing0506-3
q049,c0486,Ing0506-3
q049,c0745,Ing0506-3
q050,c0486,Ing0506-3
q050,c0738,Ing0506-3
q050,c0745,Ing0506-3
q050,c0741,Ing0506-3
q051,c0486,Ing0506-3
q052,c0486,Ing0506-3
q052,c0745,Ing0506-3
q052,c0741,Ing0506-3
q053,c0486,Ing0506-3
q053,c0506,Ing0506-3
q053,c0745,Ing0506-3
q053,c0741,Ing0506-3
q054,c0486,Ing0506-3
q054,c0506,Ing0506-3
q054,c0745,Ing0506-3
q055,c0491,Ing0506-3
q055,c0457,Ing0506-3
q056,c0498,Ing0506-3
q056,c0738,Ing0506-3
q057,c0501,Ing0506-3
q058,c0501,Ing0506-3
q058,c0457,Ing0506-3
q059,c0052,Ing0506-3
q059,nan,Ing0506-3
q059,c0117,Ing0506-3
q059,c0116,Ing0506-3
q060,c0052,Ing0506-3
q060,c0510,Ing0506-3
q063,c0798,Ing0506-3
q063,c0036,Ing0506-3
q063,c0035,Ing0506-3
q064,nan,Ing0506-3
q064,c0441,Ing0506-3
q064,c0014,Ing0506-3
q065,c0441,Ing0506-3
q065,c0828,Ing0506-3
q065,c0825,Ing0506-3
nan,c0828,Ing0506-3
q066,c0441,Ing0506-3
q066,c0014,Ing0506-3
q067,c0527,Ing0506-3
q068,c0233,Ing0506-3
q068,c0828,Ing0506-3
q069,c0233,Ing0506-3
q069,c0416,Ing0506-3
q070,c0845,Ing0506-3
q070,c0850,Ing0506-3
q070,c0899,Ing0506-3
q070,c0856,Ing0506-3
q071,c0845,Ing0506-3
q071,c0899,Ing0506-3
q071,c0866,Ing0506-3
q072,c0845,Ing0506-3
q072,c0850,Ing0506-3
q072,c0899,Ing0506-3
q072,c0869,Ing0506-3
q000,c1033,Ing0708-1
q001,c0180,Ing0708-1
q001,c0097,Ing0708-1
q001,c0101,Ing0708-1
q001,c0109,Ing0708-1
q003,c0099,Ing0708-1
q003,c0105,Ing0708-1
q004,c1089,Ing0708-1
q005,c0006,Ing0708-1
q005,c0216,Ing0708-1
q005,c0212,Ing0708-1
q006,c0006,Ing0708-1
q006,c0212,Ing0708-1
q007,c0011,Ing0708-1
q007,c0018,Ing0708-1
q007,c0026,Ing0708-1
q007,c0027,Ing0708-1
q007,c1020,Ing0708-1
q008,c0231,Ing0708-1
q008,c0220,Ing0708-1
q008,c0427,Ing0708-1
q008,c0080,Ing0708-1
q008,c0091,Ing0708-1
q009,c0823,Ing0708-1
q009,c0011,Ing0708-1
q009,c0826,Ing0708-1
q009,c0830,Ing0708-1
q009,c0772,Ing0708-1
q010,c1027,Ing0708-1
q011,c0051,Ing0708-1
q011,c0059,Ing0708-1
q011,c1009,Ing0708-1
q011,nan,Ing0708-1
q012,c0050,Ing0708-1
q012,c0064,Ing0708-1
nan,c0046,Ing0708-1
q013,c0064,Ing0708-1
q013,c0073,Ing0708-1
q013,c1058,Ing0708-1
nan,c0050,Ing0708-1
nan,c0064,Ing0708-1
q014,c0261,Ing0708-1
q014,c1058,Ing0708-1
q017,c0212,Ing0708-1
q017,c0215,Ing0708-1
q017,c0216,Ing0708-1
q018,c0215,Ing0708-1
q018,c0216,Ing0708-1
q018,c0228,Ing0708-1
q018,c0772,Ing0708-1
q018,c0212,Ing0708-1
q019,c0220,Ing0708-1
q019,c0231,Ing0708-1
q019,c0767,Ing0708-1
q019,c0768,Ing0708-1
q020,c0220,Ing0708-1
q020,c0243,Ing0708-1
q020,c0247,Ing0708-1
q020,c0767,Ing0708-1
q021,c0220,Ing0708-1
q021,c0427,Ing0708-1
q021,c0247,Ing0708-1
q022,c1031,Ing0708-1
q023,c0180,Ing0708-1
q023,nan,Ing0708-1
q023,c0199,Ing0708-1
q023,c0200,Ing0708-1
q024,c0184,Ing0708-1
q024,c0185,Ing0708-1
q024,c0105,Ing0708-1
q024,c1180,Ing0708-1
q025,c0184,Ing0708-1
q025,c0185,Ing0708-1
q025,c0105,Ing0708-1
q025,c0018,Ing0708-1
q026,c0184,Ing0708-1
q026,c0185,Ing0708-1
q026,c0105,Ing0708-1
q026,c0429,Ing0708-1
q028,c0046,Ing0708-1
q028,c0051,Ing0708-1
q028,c0059,Ing0708-1
q029,c0184,Ing0708-1
q029,c0185,Ing0708-1
q029,c0261,Ing0708-1
q029,c1180,Ing0708-1
q030,c0184,Ing0708-1
q030,c0185,Ing0708-1
q030,c0261,Ing0708-1
q030,c0474,Ing0708-1
q031,c0184,Ing0708-1
q031,c0185,Ing0708-1
q031,c0281,Ing0708-1
q032,c1009,Ing0708-1
q032,c0474,Ing0708-1
q033,c0450,Ing0708-1
q033,c1009,Ing0708-1
q033,c0600,Ing0708-1
q033,c0281,Ing0708-1
q034,c0452,Ing0708-1
q034,c0429,Ing0708-1
q034,c0261,Ing0708-1
q035,c0450,Ing0708-1
q035,c0452,Ing0708-1
q035,c0018,Ing0708-1
q035,c0261,Ing0708-1
q036,c0462,Ing0708-1
q036,c0463,Ing0708-1
q036,c0073,Ing0708-1
q036,c0495,Ing0708-1
q037,c0462,Ing0708-1
q037,c0463,Ing0708-1
q037,c0474,Ing0708-1
q038,c0462,Ing0708-1
q038,c0463,Ing0708-1
q038,c0099,Ing0708-1
q039,c0462,Ing0708-1
q039,c0463,Ing0708-1
q039,c0027,Ing0708-1
q039,c0803,Ing0708-1
q039,c0026,Ing0708-1
q040,c0231,Ing0708-1
q040,c0439,Ing0708-1
q040,c0836,Ing0708-1
q040,nan,Ing0708-1
q040,c1074,Ing0708-1
q041,c0231,Ing0708-1
q041,nan,Ing0708-1
q041,c0440,Ing0708-1
q041,c0442,Ing0708-1
q042,c0422,Ing0708-1
q042,c0816,Ing0708-1
q042,c0247,Ing0708-1
q042,c0427,Ing0708-1
q042,c0429,Ing0708-1
q043,c0422,Ing0708-1
q043,c0247,Ing0708-1
q043,c0429,Ing0708-1
q043,c0768,Ing0708-1
q043,c0446,Ing0708-1
nan,c0422,Ing0708-1
q044,c0247,Ing0708-1
q044,c0429,Ing0708-1
q044,c0768,Ing0708-1
q044,c0816,Ing0708-1
q045,c0422,Ing0708-1
q045,c0247,Ing0708-1
q045,c0429,Ing0708-1
q045,c0768,Ing0708-1
q045,c0718,Ing0708-1
q046,c0422,Ing0708-1
q046,c0247,Ing0708-1
q046,c0429,Ing0708-1
q046,c0427,Ing0708-1
q047,c0474,Ing0708-1
q047,c0281,Ing0708-1
q047,c0073,Ing0708-1
q047,c0261,Ing0708-1
q048,c0281,Ing0708-1
q048,nan,Ing0708-1
q049,c0474,Ing0708-1
q049,c0281,Ing0708-1
q050,c0484,Ing0708-1
q050,c1068,Ing0708-1
q051,c0484,Ing0708-1
q051,c1068,Ing0708-1
q051,c1067,Ing0708-1
q052,c1068,Ing0708-1
q052,nan,Ing0708-1
q053,c0513,Ing0708-1
q054,c0513,Ing0708-1
q054,c0429,Ing0708-1
q055,c0519,Ing0708-1
q055,c0524,Ing0708-1
q056,c0519,Ing0708-1
q056,c0533,Ing0708-1
q056,c1057,Ing0708-1
q057,c0519,Ing0708-1
q057,c0536,Ing0708-1
q058,c0793,Ing0708-1
q058,c0026,Ing0708-1
q058,c1020,Ing0708-1
q059,c0816,Ing0708-1
q059,c0836,Ing0708-1
nan,c0820,Ing0708-1
q059,c0830,Ing0708-1
q060,c0836,Ing0708-1
q060,c0830,Ing0708-1
nan,c0427,Ing0708-1
q061,c0533,Ing0708-1
q061,c0806,Ing0708-1
q062,c0821,Ing0708-1
q062,c0823,Ing0708-1
q062,c0826,Ing0708-1
q062,c0080,Ing0708-1
q063,c0821,Ing0708-1
q063,c0823,Ing0708-1
q063,c0824,Ing0708-1
q063,c0826,Ing0708-1
q000,Mat1Ar,Ing0203-1
q000,FonInfAr,Ing0203-1
q000,LabEle1Ar,Ing0203-1
q001,nan,Ing0203-1
q001,FonInfAr,Ing0203-1
q001,LabEle2Ar,Ing0203-1
q002,Mat1Ar,Ing0203-1
q002,FonInfAr,Ing0203-1
q002,LabEle3Ar,Ing0203-1
q003,Mat1Cn,Ing0203-1
q004,ChiGenAn,Ing0203-1
q004,DisCn,Ing0203-1
q004,GeoAn,Ing0203-1
q004,MecRazCn,Ing0203-1
q005,TecCosAn,Ing0203-1
q005,FonChiAn,Ing0203-1
q005,nan,Ing0203-1
q005,ChiInd1Gv,Ing0203-1
q006,TecCos1Cv,Ing0203-1
q006,Idr2Cn,Ing0203-1
q006,IngConAn,Ing0203-1
q008,MecRazCn,Ing0203-1
q008,DisCn,Ing0203-1
q008,TecMatCn,Ing0203-1
q009,TecCos1Cv,Ing0203-1
q009,ArcTecCn,Ing0203-1
q009,Idr2Cn,Ing0203-1
q009,nan,Ing0203-1
q010,nan,Ing0203-1
q010,ArcTecCn,Ing0203-1
q010,DisEdiCn,Ing0203-1
q010,ArcComCv,Ing0203-1
q011,Mat1En,Ing0203-1
q012,ChiStaEn,Ing0203-1
q012,TeoRetEn,Ing0203-1
q012,ConAutEn,Ing0203-1
q013,CamEle1Ev,Ing0203-1
q013,ComEleEn,Ing0203-1
q013,EleSis1En,Ing0203-1
q013,EleIndEv,Ing0203-1
nan,CamEle1Ev,Ing0203-1
q014,ComEleEn,Ing0203-1
q014,EleSis1En,Ing0203-1
q014,RetCal1G1n,Ing0203-1
q015,CamEle1Ev,Ing0203-1
q015,ComEleEn,Ing0203-1
q015,EleSis1En,Ing0203-1
q015,MetMatEn,Ing0203-1
q016,Mat1G2n,Ing0203-1
q017,TeoRetEn,Ing0203-1
q017,ChiStaEn,Ing0203-1
q017,ConAutEn,Ing0203-1
q018,GesAziGv,Ing0203-1
q018,nan,Ing0203-1
q018,OrgPro1Gv,Ing0203-1
q018,CalEle1Ev,Ing0203-1
q019,GesAziGv,Ing0203-1
q019,RetCal1G1n,Ing0203-1
q019,OrgPro1Gv,Ing0203-1
q019,EleTel1Ens,Ing0203-1
q020,RetCal1G1n,Ing0203-1
q020,OrgPro1Gv,Ing0203-1
q020,CalProG2n,Ing0203-1
q022,ChiG2n,Ing0203-1
q022,DisIndMn,Ing0203-1
q022,DisComEsG2n,Ing0203-1
q022,FonMecG2n,Ing0203-1
q022,TerAppG2n,Ing0203-1
q023,GesAziGv,Ing0203-1
q023,TecMec1Mn,Ing0203-1
q023,OrgPro1Gv,Ing0203-1
q023,FonChiAn,Ing0203-1
q024,GesAziGv,Ing0203-1
q024,TecMec1Mn,Ing0203-1
q024,ImpTec1Cv,Ing0203-1
q025,GesAziGv,Ing0203-1
q025,TecMec1Mn,Ing0203-1
q025,OrgPro1Gv,Ing0203-1
q025,CalProG2n,Ing0203-1
q026,Mat1Mn,Ing0203-1
q027,ChiG2n,Ing0203-1
q027,FonMecG2n,Ing0203-1
q027,FluMn,Ing0203-1
q027,DisIndEsMn,Ing0203-1
q028,ComMecMn,Ing0203-1
q028,CosMacMn,Ing0203-1
q028,TecMec1Mn,Ing0203-1
q028,AppIndGns,Ing0203-1
q029,GeoAppAns,Ing0203-1
q029,StaAns,Ing0203-1
q029,StaPenAns,Ing0203-1
q030,GeoAppAns,Ing0203-1
q030,MecSuoAns,Ing0203-1
q030,StaAns,Ing0203-1
q030,IdrNumAns,Ing0203-1
q030,StaPenAns,Ing0203-1
q031,nan,Ing0203-1
q031,PriIngAns,Ing0203-1
q031,StaAns,Ing0203-1
q031,CamEleAn,Ing0203-1
q031,StrIndAn,Ing0203-1
q031,ChiInd1Gv,Ing0203-1
q031,GeoAppAns,Ing0203-1
q032,MecCom1Cv,Ing0203-1
q032,TeoStr1Cv,Ing0203-1
q032,DisEdiCn,Ing0203-1
q033,TeoStr1Cv,Ing0203-1
q033,CalAut1Cv,Ing0203-1
q034,ArcTecCns,Ing0203-1
q034,Idr2Cn,Ing0203-1
q035,ArcTecCns,Ing0203-1
q035,CalAut1Cv,Ing0203-1
q035,MecCom1Cv,Ing0203-1
q036,CalAut1Cv,Ing0203-1
q038,EleTel1Ens,Ing0203-1
q038,CalEle1Ev,Ing0203-1
q039,EleTel1Ens,Ing0203-1
q039,CalEle1Ev,Ing0203-1
q039,MetMatEn,Ing0203-1
q040,EleTel1Ens,Ing0203-1
q040,CalEle1Ev,Ing0203-1
q040,EleIndEv,Ing0203-1
q040,MetMatEn,Ing0203-1
q041,EleTel1Ens,Ing0203-1
q041,CalEle1Ev,Ing0203-1
q041,RetCal1G1n,Ing0203-1
q042,EleTel1Ens,Ing0203-1
q042,SisTel1Ens,Ing0203-1
q042,RetCal1G1n,Ing0203-1
q043,EleTel1Ens,Ing0203-1
q043,CalEle1Ev,Ing0203-1
q043,SisTel1Ens,Ing0203-1
q043,MetMatEn,Ing0203-1
q044,GesAziGv,Ing0203-1
q044,RetCal2Gns,Ing0203-1
q044,EleTel1Ens,Ing0203-1
q045,GesAziGv,Ing0203-1
q045,CalEle1Ev,Ing0203-1
q046,GesAziGv,Ing0203-1
q046,RetLogEn,Ing0203-1
q046,RetCal2Gns,Ing0203-1
q046,CalProG2n,Ing0203-1
q047,AppIndGns,Ing0203-1
q047,GesAziGv,Ing0203-1
q047,ImpTec1Cv,Ing0203-1
q048,AppIndGns,Ing0203-1
q048,GesAziGv,Ing0203-1
q048,nan,Ing0203-1
q048,FonChiAn,Ing0203-1
q049,AppIndGns,Ing0203-1
q049,GesAziGv,Ing0203-1
q049,CalProG2n,Ing0203-1
q050,TerAppMv,Ing0203-1
q050,ImpTec1Cv,Ing0203-1
q051,TecCos1Cv,Ing0203-1
q051,GeoAn,Ing0203-1
q051,StoArcCv,Ing0203-1
q051,TeoStr1Cv,Ing0203-1
q052,TecCos1Cv,Ing0203-1
q052,GeoAn,Ing0203-1
q052,IngConAn,Ing0203-1
q052,StoArcCv,Ing0203-1
q053,TecCos1Cv,Ing0203-1
q053,GeoAn,Ing0203-1
q053,IngConAn,Ing0203-1
q054,CalAut1Cv,Ing0203-1
q054,CosZonCv,Ing0203-1
q054,ArcComCv,Ing0203-1
q055,ArcComCv,Ing0203-1
q055,nan,Ing0203-1
q056,IdrAppCv,Ing0203-1
q056,CosZonCv,Ing0203-1
q057,IdrAppCv,Ing0203-1
q057,RivSpeCv,Ing0203-1
q057,ImpTec1Cv,Ing0203-1
q058,CalEle1Ev,Ing0203-1
q058,ComEleEn,Ing0203-1
q058,CamEle1Ev,Ing0203-1
q059,EleSis1En,Ing0203-1
q059,EleIndEv,Ing0203-1
q060,EleSis1En,Ing0203-1
q060,EleIndEv,Ing0203-1
q060,EleTel1Ens,Ing0203-1
q060,RetCal1G1n,Ing0203-1
q061,nan,Ing0203-1
q061,EleTel1Ens,Ing0203-1
q061,SisTel1Ens,Ing0203-1
q061,RetCal1G1n,Ing0203-1
q062,GesAziGv,Ing0203-1
q062,TecMec1Mn,Ing0203-1
q062,Mac1Mv,Ing0203-1
q062,ChiInd1Gv,Ing0203-1
nan,GesAziGv,Ing0203-1
q063,TecMec1Mn,Ing0203-1
q063,Mac1Mv,Ing0203-1
q064,GesAziGv,Ing0203-1
q064,TecMec1Mn,Ing0203-1
q065,OrgPro1Gv,Ing0203-1
q065,RetCal1G1n,Ing0203-1
q066,OrgPro1Gv,Ing0203-1
q066,RetCal1G1n,Ing0203-1
q066,ImpTec1Cv,Ing0203-1
q067,OrgPro1Gv,Ing0203-1
q067,RetCal1G1n,Ing0203-1
q067,EleIndEv,Ing0203-1
nan,Mac1Mv,Ing0203-1
q068,TerAppMv,Ing0203-1
q068,nan,Ing0203-1
q069,DisAssMv,Ing0203-1
q069,MecVibMn,Ing0203-1
q070,DisAssMv,Ing0203-1
q070,MecVibMn,Ing0203-1
q070,ImpTec1Cv,Ing0203-1
q000,c1033,Ing0607-1
q000,c1034,Ing0607-1
q001,c0180,Ing0607-1
q001,c0097,Ing0607-1
q001,c0101,Ing0607-1
q001,c0109,Ing0607-1
q002,c0099,Ing0607-1
q002,c0105,Ing0607-1
q002,c0935,Ing0607-1
q003,c1089,Ing0607-1
q003,c1023,Ing0607-1
q004,c0006,Ing0607-1
q004,c0216,Ing0607-1
q004,c0212,Ing0607-1
q005,c0006,Ing0607-1
q005,c0216,Ing0607-1
q005,c0212,Ing0607-1
q005,c0085,Ing0607-1
q006,c0006,Ing0607-1
q006,c0216,Ing0607-1
q006,c0212,Ing0607-1
q006,c0427,Ing0607-1
q007,c0018,Ing0607-1
q007,c0026,Ing0607-1
q007,c0027,Ing0607-1
q008,c0231,Ing0607-1
q008,c0220,Ing0607-1
q008,c0427,Ing0607-1
q008,c0080,Ing0607-1
q008,c0091,Ing0607-1
q009,c0823,Ing0607-1
q009,c0011,Ing0607-1
q009,c0826,Ing0607-1
q009,c0830,Ing0607-1
q009,c0899,Ing0607-1
q010,c1027,Ing0607-1
q011,c0051,Ing0607-1
q011,c0059,Ing0607-1
q011,c1009,Ing0607-1
q011,c1013,Ing0607-1
q012,c0050,Ing0607-1
q012,c0064,Ing0607-1
q012,c1058,Ing0607-1
q012,c0046,Ing0607-1
q013,c0050,Ing0607-1
q013,c0064,Ing0607-1
q013,c0073,Ing0607-1
q013,c1058,Ing0607-1
q014,c0050,Ing0607-1
q014,c0064,Ing0607-1
q014,c0261,Ing0607-1
nan,c1058,Ing0607-1
q017,c0212,Ing0607-1
q017,c0215,Ing0607-1
q017,c0216,Ing0607-1
q017,c0228,Ing0607-1
q018,c0215,Ing0607-1
q018,c0216,Ing0607-1
q018,c0228,Ing0607-1
q018,c0899,Ing0607-1
q018,c0212,Ing0607-1
q019,c0220,Ing0607-1
q019,c0231,Ing0607-1
q019,c0137,Ing0607-1
q019,c0085,Ing0607-1
q020,c0243,Ing0607-1
q020,c0247,Ing0607-1
q020,c0137,Ing0607-1
q021,c0220,Ing0607-1
q021,c0137,Ing0607-1
q021,c0427,Ing0607-1
q021,c0247,Ing0607-1
q022,c1031,Ing0607-1
q023,c0180,Ing0607-1
q023,nan,Ing0607-1
q023,c0199,Ing0607-1
q023,c0200,Ing0607-1
q024,c0184,Ing0607-1
q024,c0185,Ing0607-1
q024,c0105,Ing0607-1
q024,c0202,Ing0607-1
q025,c0184,Ing0607-1
q025,c0185,Ing0607-1
q025,c0105,Ing0607-1
q025,c0018,Ing0607-1
q026,nan,Ing0607-1
q026,c0429,Ing0607-1
q027,c0154,Ing0607-1
q027,c0896,Ing0607-1
q027,c0961,Ing0607-1
q028,c0154,Ing0607-1
q028,c0896,Ing0607-1
nan,c0128,Ing0607-1
q030,c0142,Ing0607-1
q030,c0881,Ing0607-1
q030,c0951,Ing0607-1
q031,c0128,Ing0607-1
q031,c0142,Ing0607-1
q031,c0881,Ing0607-1
q031,c0965,Ing0607-1
q032,c0128,Ing0607-1
q032,c0142,Ing0607-1
q032,c0899,Ing0607-1
q033,c0128,Ing0607-1
q033,c0142,Ing0607-1
q033,c0881,Ing0607-1
q033,c0949,Ing0607-1
q034,c0137,Ing0607-1
q034,c0143,Ing0607-1
q034,c1042,Ing0607-1
q035,c0137,Ing0607-1
q035,c0143,Ing0607-1
q038,c0046,Ing0607-1
q038,c0051,Ing0607-1
q038,c0059,Ing0607-1
q039,c0184,Ing0607-1
q039,c0185,Ing0607-1
q039,c0261,Ing0607-1
q039,nan,Ing0607-1
q040,c0185,Ing0607-1
q040,c0261,Ing0607-1
q040,c0474,Ing0607-1
q041,c0184,Ing0607-1
q041,c0185,Ing0607-1
q041,c0261,Ing0607-1
q041,c0281,Ing0607-1
q042,c0450,Ing0607-1
q042,c1009,Ing0607-1
q042,c0600,Ing0607-1
q042,c0474,Ing0607-1
q043,c0450,Ing0607-1
q043,c0600,Ing0607-1
q044,c0450,Ing0607-1
q044,c0452,Ing0607-1
q045,c0450,Ing0607-1
nan,c0452,Ing0607-1
q045,c0018,Ing0607-1
q045,c0261,Ing0607-1
q046,c0462,Ing0607-1
q046,c0463,Ing0607-1
q046,c0495,Ing0607-1
q047,c0462,Ing0607-1
nan,c0463,Ing0607-1
q047,c0474,Ing0607-1
nan,c0462,Ing0607-1
q048,c0463,Ing0607-1
q048,c0099,Ing0607-1
q049,c0462,Ing0607-1
q049,c0463,Ing0607-1
q049,c0027,Ing0607-1
q049,c0803,Ing0607-1
q049,c0026,Ing0607-1
q050,c0231,Ing0607-1
q050,c0439,Ing0607-1
q050,c0836,Ing0607-1
q050,c0417,Ing0607-1
q051,c0433,Ing0607-1
q051,c0836,Ing0607-1
q051,c0439,Ing0607-1
q051,c0440,Ing0607-1
q051,c0442,Ing0607-1
q052,c0422,Ing0607-1
q052,nan,Ing0607-1
q052,c0247,Ing0607-1
q052,c0427,Ing0607-1
q052,c0429,Ing0607-1
q053,c0422,Ing0607-1
q053,c0429,Ing0607-1
q053,c0085,Ing0607-1
q054,c0422,Ing0607-1
q054,c0429,Ing0607-1
q054,c0085,Ing0607-1
q054,c0816,Ing0607-1
q055,c0422,Ing0607-1
q055,c0429,Ing0607-1
q056,c0422,Ing0607-1
q056,c0429,Ing0607-1
nan,c0085,Ing0607-1
q056,c0427,Ing0607-1
q057,c0474,Ing0607-1
q057,c0281,Ing0607-1
q057,c0073,Ing0607-1
q057,c0261,Ing0607-1
q058,c0261,Ing0607-1
q058,c0495,Ing0607-1
q059,c0474,Ing0607-1
q059,c0281,Ing0607-1
q059,c0073,Ing0607-1
q060,c0484,Ing0607-1
q060,c1068,Ing0607-1
q061,c0484,Ing0607-1
q061,c1068,Ing0607-1
q061,c0600,Ing0607-1
q061,c1067,Ing0607-1
nan,c0484,Ing0607-1
nan,c0513,Ing0607-1
q063,c0516,Ing0607-1
q064,c0429,Ing0607-1
nan,c0524,Ing0607-1
q066,c0519,Ing0607-1
q066,c0533,Ing0607-1
q066,c1057,Ing0607-1
q067,c0536,Ing0607-1
q068,c0793,Ing0607-1
q068,c0830,Ing0607-1
q068,c0026,Ing0607-1
q068,c1020,Ing0607-1
q068,c0027,Ing0607-1
q069,c0427,Ing0607-1
q069,c0820,Ing0607-1
q069,c0830,Ing0607-1
q070,c0836,Ing0607-1
q070,c0830,Ing0607-1
q070,c0820,Ing0607-1
q071,c0803,Ing0607-1
q071,c0533,Ing0607-1
q071,c0806,Ing0607-1
q071,c0080,Ing0607-1
q072,c0821,Ing0607-1
q072,nan,Ing0607-1
q072,c0826,Ing0607-1
q072,c0080,Ing0607-1
q072,c0824,Ing0607-1
q073,c0821,Ing0607-1
q073,c0823,Ing0607-1
q073,c0824,Ing0607-1
q073,c0826,Ing0607-1
q074,c0840,Ing0607-1
q074,c0846,Ing0607-1
q074,nan,Ing0607-1
q074,c0855,Ing0607-1
q075,c0839,Ing0607-1
q075,c0841,Ing0607-1
q075,c0848,Ing0607-1
q075,c0857,Ing0607-1
q000,c1033,Ing0405-1
q001,c0046,Ing0405-1
q001,c0097,Ing0405-1
q001,nan,Ing0405-1
q002,c0099,Ing0405-1
q002,c0105,Ing0405-1
q002,nan,Ing0405-1
q003,c1024,Ing0405-1
q004,c0216,Ing0405-1
q004,c0212,Ing0405-1
q005,c0006,Ing0405-1
q005,c0216,Ing0405-1
q005,c0212,Ing0405-1
q005,c0085,Ing0405-1
q006,c0006,Ing0405-1
q006,c0216,Ing0405-1
q006,c0212,Ing0405-1
q007,c0011,Ing0405-1
q007,c0018,Ing0405-1
q007,c0026,Ing0405-1
q007,c0027,Ing0405-1
q007,c1020,Ing0405-1
q008,c0231,Ing0405-1
q008,c0220,Ing0405-1
q008,c0427,Ing0405-1
q008,c0080,Ing0405-1
nan,c0091,Ing0405-1
q009,c1027,Ing0405-1
q010,c0051,Ing0405-1
q010,c0059,Ing0405-1
q010,c1009,Ing0405-1
nan,c1013,Ing0405-1
q011,c0050,Ing0405-1
q011,c0064,Ing0405-1
q011,c1058,Ing0405-1
q011,c0046,Ing0405-1
q012,c0050,Ing0405-1
q012,c0064,Ing0405-1
q012,c0073,Ing0405-1
q012,c1058,Ing0405-1
q013,c0050,Ing0405-1
q013,c0064,Ing0405-1
q013,c0261,Ing0405-1
q013,c1058,Ing0405-1
q015,c0212,Ing0405-1
q015,c0216,Ing0405-1
q015,c0228,Ing0405-1
q016,c0220,Ing0405-1
q016,c0767,Ing0405-1
q016,c0085,Ing0405-1
q017,c0220,Ing0405-1
q017,c0243,Ing0405-1
q017,c0247,Ing0405-1
q017,c0767,Ing0405-1
q019,c0180,Ing0405-1
q019,nan,Ing0405-1
q019,c0199,Ing0405-1
q020,c0184,Ing0405-1
q020,c0185,Ing0405-1
q020,c0105,Ing0405-1
q021,c0184,Ing0405-1
q021,c0105,Ing0405-1
q021,c0018,Ing0405-1
q022,c0184,Ing0405-1
q022,c0185,Ing0405-1
q022,c0105,Ing0405-1
q022,c0429,Ing0405-1
q023,c0896,Ing0405-1
q023,c0961,Ing0405-1
q024,c0154,Ing0405-1
q024,c0957,Ing0405-1
q025,c0154,Ing0405-1
q025,c0896,Ing0405-1
q025,c0959,Ing0405-1
q026,c0128,Ing0405-1
q026,c0142,Ing0405-1
q026,c0881,Ing0405-1
q027,c0128,Ing0405-1
q027,c0142,Ing0405-1
q027,nan,Ing0405-1
q027,c0965,Ing0405-1
q028,c0128,Ing0405-1
q028,c0898,Ing0405-1
q029,c0128,Ing0405-1
q029,c0142,Ing0405-1
nan,c0881,Ing0405-1
q029,c0949,Ing0405-1
q030,c0137,Ing0405-1
q030,nan,Ing0405-1
q030,c1041,Ing0405-1
q030,c1042,Ing0405-1
q031,c0137,Ing0405-1
q034,c0051,Ing0405-1
q034,c0059,Ing0405-1
q035,c0184,Ing0405-1
q035,c0185,Ing0405-1
q035,c0261,Ing0405-1
q035,c0202,Ing0405-1
q036,c0184,Ing0405-1
q036,c0185,Ing0405-1
q036,c0261,Ing0405-1
q036,c0474,Ing0405-1
q037,c0184,Ing0405-1
q037,c0185,Ing0405-1
q037,c0261,Ing0405-1
q037,c0281,Ing0405-1
q038,c0450,Ing0405-1
q038,c1009,Ing0405-1
q038,c0600,Ing0405-1
q038,c0474,Ing0405-1
q039,c0450,Ing0405-1
q039,c1009,Ing0405-1
q039,c0600,Ing0405-1
q039,c0202,Ing0405-1
q039,c0281,Ing0405-1
q040,c0450,Ing0405-1
q040,c0452,Ing0405-1
q040,c0429,Ing0405-1
q040,c0202,Ing0405-1
q041,c0450,Ing0405-1
q041,c0452,Ing0405-1
q041,nan,Ing0405-1
q041,c0261,Ing0405-1
q041,c0202,Ing0405-1
q042,c0462,Ing0405-1
q042,c0463,Ing0405-1
q042,c0073,Ing0405-1
q042,c0495,Ing0405-1
q043,c0462,Ing0405-1
q043,c0463,Ing0405-1
q043,c0489,Ing0405-1
q043,c0474,Ing0405-1
q044,c0462,Ing0405-1
q044,nan,Ing0405-1
q045,c0462,Ing0405-1
q045,c0463,Ing0405-1
q045,c0018,Ing0405-1
q045,c0803,Ing0405-1
q045,c0026,Ing0405-1
q046,c0439,Ing0405-1
q046,c0417,Ing0405-1
q046,c0243,Ing0405-1
q047,c0433,Ing0405-1
q047,c0836,Ing0405-1
q047,c0439,Ing0405-1
q047,c0440,Ing0405-1
q047,c0442,Ing0405-1
q048,c0422,Ing0405-1
q048,c0816,Ing0405-1
q048,c0247,Ing0405-1
q049,c0422,Ing0405-1
q049,c0816,Ing0405-1
q049,c0427,Ing0405-1
q050,c0422,Ing0405-1
q050,c0816,Ing0405-1
q051,c0422,Ing0405-1
q051,c0429,Ing0405-1
q051,c0085,Ing0405-1
q051,c0446,Ing0405-1
q052,c0422,Ing0405-1
q052,c0429,Ing0405-1
q052,c0085,Ing0405-1
q052,c0816,Ing0405-1
q053,c0422,Ing0405-1
q053,c0429,Ing0405-1
q053,c0085,Ing0405-1
q053,c0718,Ing0405-1
q054,c0429,Ing0405-1
q054,c0085,Ing0405-1
q054,c0427,Ing0405-1
q055,c0474,Ing0405-1
q055,c0281,Ing0405-1
q055,c0073,Ing0405-1
q055,c0261,Ing0405-1
q055,c1013,Ing0405-1
q056,nan,Ing0405-1
q056,c0281,Ing0405-1
q056,c0261,Ing0405-1
q056,c0495,Ing0405-1
q057,c0474,Ing0405-1
q057,c0281,Ing0405-1
q057,c0073,Ing0405-1
q057,c1013,Ing0405-1
q058,c0484,Ing0405-1
q058,c0485,Ing0405-1
q058,c0489,Ing0405-1
q059,c0484,Ing0405-1
q059,nan,Ing0405-1
q059,c0481,Ing0405-1
q059,c0600,Ing0405-1
q060,c0484,Ing0405-1
q060,c0485,Ing0405-1
q060,c0524,Ing0405-1
q061,c0513,Ing0405-1
q061,c0724,Ing0405-1
q061,c0516,Ing0405-1
q062,c0513,Ing0405-1
nan,c0724,Ing0405-1
q063,c0519,Ing0405-1
q063,c0524,Ing0405-1
q064,c0519,Ing0405-1
q064,c0533,Ing0405-1
q065,c0519,Ing0405-1
q065,c0536,Ing0405-1
q066,c0793,Ing0405-1
q066,c0026,Ing0405-1
q066,c0027,Ing0405-1
q066,c1020,Ing0405-1
q067,c0816,Ing0405-1
q067,c0836,Ing0405-1
q067,c0427,Ing0405-1
q067,c0820,Ing0405-1
q067,c0830,Ing0405-1
q068,c0836,Ing0405-1
q068,c0830,Ing0405-1
q068,c0427,Ing0405-1
q069,nan,Ing0405-1
q069,c0830,Ing0405-1
q069,c0820,Ing0405-1
q070,c0803,Ing0405-1
q070,nan,Ing0405-1
q070,c0806,Ing0405-1
q070,c0080,Ing0405-1
q071,c0821,Ing0405-1
q071,c0823,Ing0405-1
q072,c0821,Ing0405-1
q072,c0823,Ing0405-1
q000,LET-ITA-EleLinGenFil,Let0304-1
q000,LET-CLE-LinLat,Let0304-1
q000,LET-STO-StoMed1,Let0304-1
q000,LET-GEO-Geo1,Let0304-1
q001,CBC-LIB-Arc,Let0304-1
q002,LET-ITA-LetIta2,Let0304-1
q002,nan,Let0304-1
q003,LET-ITA-LinIta,Let0304-1
q003,LET-ITA-LetIta2,Let0304-1
q003,CBC-LIB-PalLat,Let0304-1
q004,LET-ITA-LinIta,Let0304-1
q004,LET-ITA-LetIta2,Let0304-1
q004,CBC-LIB-StoLibSta,Let0304-1
q005,CBC-ART-StoMus,Let0304-1
q005,LET-FIL-Est,Let0304-1
q006,LET-ITA-EleLinGenFil,Let0304-1
q006,LET-GEO-Geo1,Let0304-1
q006,LET-CLE-LinGre,Let0304-1
q006,LET-CLE-LinLat,Let0304-1
q007,LET-CLE-Glo,Let0304-1
q007,LET-ITA-LetIta2,Let0304-1
q007,LET-CST-StoGre,Let0304-1
q008,LET-CLE-FilCla,Let0304-1
q008,LET-CLE-LinLetGre2,Let0304-1
q008,LET-CST-StoRom,Let0304-1
q010,LET-ITA-LetIta2,Let0304-1
q010,LET-CST-StoGre,Let0304-1
q010,LET-CST-StoRom,Let0304-1
q011,LET-CLE-FilCla,Let0304-1
q011,CBC-ARC-TopRilMonAnt,Let0304-1
q012,LET-CST-EpiLat,Let0304-1
q012,LET-CLE-Glo,Let0304-1
q012,CBC-ARC-TopRilMonAnt,Let0304-1
q014,LET-GEO-Geo2,Let0304-1
q014,LET-ITA-LetIta2,Let0304-1
q015,LET-GEO-Geo2,Let0304-1
q015,LET-ITA-LinIta,Let0304-1
q015,LET-FIL-StoSci,Let0304-1
q015,CBC-ART-StoMus,Let0304-1
q016,LET-GEO-Geo2,Let0304-1
nan,LET-ITA-LinIta,Let0304-1
q016,LET-FIL-StoSci,Let0304-1
q016,LET-GEO-StoCriCin,Let0304-1
q018,nan,Let0304-1
q018,LET-ITA-LetIta2,Let0304-1
q018,CBC-LIB-PalLat,Let0304-1
q019,LET-STO-StoMed2,Let0304-1
q019,nan,Let0304-1
q020,LET-ITA-EleLinGenFil,Let0304-1
q020,LET-GEO-Geo1,Let0304-1
q020,LET-CLE-LinLat,Let0304-1
nan,LET-CST-StoGre,Let0304-1
q022,LET-ITA-EleLinGenFil,Let0304-1
q022,LET-GEO-Geo1,Let0304-1
q022,LET-CLE-LinLat,Let0304-1
q022,LET-CST-StoRom,Let0304-1
q023,LET-ITA-LetIta2,Let0304-1
q023,LET-FIL-StoSci,Let0304-1
q023,LET-STO-StoMed1,Let0304-1
q024,CBC-ARC-ArcCriMed,Let0304-1
q024,LET-FIL-Est,Let0304-1
q025,CBC-ARC-Geo1,Let0304-1
q025,CBC-ARC-LinLat,Let0304-1
q025,CBC-ART-ArcStoArtMusA,Let0304-1
q026,CBC-ARC-LinLat,Let0304-1
q026,CBC-ART-StoProArtCulMatMed,Let0304-1
q027,CBC-ARC-Geo1,Let0304-1
q027,CBC-ARC-LinLat,Let0304-1
q027,LET-STO-StoMed1,Let0304-1
q027,CBC-ART-StoArcMed,Let0304-1
q028,CBC-ART-EleInfSciCatBenCul,Let0304-1
q028,CBC-ART-StoCriArt,Let0304-1
q028,CBC-ART-ArcStoArtMusA,Let0304-1
q029,CBC-ART-EleInfSciCatBenCul,Let0304-1
q029,CBC-ART-StoRes,Let0304-1
q029,CBC-ART-StoCriArt,Let0304-1
q029,CBC-ART-StoDisGra,Let0304-1
q030,CBC-ART-MatCarCosResEdiSto,Let0304-1
q030,CBC-ART-StoMus,Let0304-1
q030,LET-FIL-Est,Let0304-1
q030,CBC-ART-StoArcCon,Let0304-1
q031,CBC-ART-MatCarCosResEdiSto,Let0304-1
q031,CBC-ART-StoMus,Let0304-1
q031,CBC-ART-SocArt,Let0304-1
q031,CBC-ART-StoArcCon,Let0304-1
q032,CBC-ART-MatCarCosResEdiSto,Let0304-1
q032,CBC-ART-StoCriCin,Let0304-1
q032,LET-FIL-Est,Let0304-1
q032,CBC-ART-StoArcCon,Let0304-1
q033,CBC-ART-StoCriCin,Let0304-1
q033,CBC-ART-SocArt,Let0304-1
q033,CBC-ART-StoArcCon,Let0304-1
q034,CBC-ART-MatCarCosResEdiSto,Let0304-1
q034,CBC-ART-StoTecFot,Let0304-1
q034,LET-FIL-Est,Let0304-1
q034,CBC-ART-StoArcCon,Let0304-1
q035,nan,Let0304-1
q035,CBC-ART-StoTecFot,Let0304-1
q035,CBC-ART-SocArt,Let0304-1
q036,LET-CST-StoGre,Let0304-1
q036,CBC-ARC-Geo1,Let0304-1
q036,CBC-ARC-LinLat,Let0304-1
q036,CBC-ARC-Palantro,Let0304-1
q037,CBC-ARC-TopRilMonAnt,Let0304-1
q037,LET-CLE-LinGre,Let0304-1
q037,CBC-ARC-ArcCla2,Let0304-1
q038,LET-CST-StoRom,Let0304-1
q038,CBC-ARC-TopRilMonAnt,Let0304-1
q039,CBC-ARC-MatTecAppArc,Let0304-1
q039,CBC-ARC-EtrAntIta,Let0304-1
q039,nan,Let0304-1
q040,CBC-ARC-MatTecAppArc,Let0304-1
q040,CBC-ARC-EtrAntIta,Let0304-1
q040,CBC-LIB-InfDoc,Let0304-1
q041,CBC-ARC-MatTecAppArc,Let0304-1
q041,LET-STO-StoMed1,Let0304-1
nan,LET-CLE-Glo,Let0304-1
q042,CBC-ARC-MatTecAppArc,Let0304-1
q042,LET-STO-StoMed1,Let0304-1
q042,CBC-LIB-InfDoc,Let0304-1
q043,CBC-LIB-Arc,Let0304-1
q043,CBC-ARC-Geo1,Let0304-1
q043,CBC-ARC-LinLat,Let0304-1
q043,LET-STO-StoMed1,Let0304-1
q044,CBC-LIB-PalLat,Let0304-1
q044,CBC-LIB-ArcSpe,Let0304-1
q044,CBC-ART-StoTecArt,Let0304-1
q045,CBC-LIB-PalLat,Let0304-1
q046,CBC-LIB-PalLat,Let0304-1
q046,CBC-LIB-StoLibSta,Let0304-1
q047,CBC-LIB-PalLat,Let0304-1
q047,LET-STO-StoMed1,Let0304-1
q048,CBC-LIB-ArcSpe,Let0304-1
q048,CBC-LIB-Cod,Let0304-1
nan,CBC-LIB-StoBib,Let0304-1
q050,CBC-LIB-InfDoc,Let0304-1
q050,CBC-LIB-Cod,Let0304-1
q051,CBC-LIB-InfDoc,Let0304-1
q051,CBC-LIB-StoBib,Let0304-1
q052,nan,Let0304-1
q052,CBC-LIB-Cod,Let0304-1
nan,CBC-LIB-StoLibSta,Let0304-1
q053,CBC-LIB-StoBib,Let0304-1
q054,nan,Let0304-1
q055,LET-STO-StoMed1,Let0304-1
q000,c0094,Ing0203-3
q000,c0107,Ing0203-3
q000,c0112,Ing0203-3
q001,c0098,Ing0203-3
q001,c0104,Ing0203-3
q001,c0114,Ing0203-3
q002,c0116,Ing0203-3
q002,c0117,Ing0203-3
q003,c0210,Ing0203-3
q003,c0214,Ing0203-3
q003,c0226,Ing0203-3
q004,c0284,Ing0203-3
q004,c0012,Ing0203-3
q004,c0223,Ing0203-3
q004,c0218,Ing0203-3
q005,c0284,Ing0203-3
q006,c0309,Ing0203-3
q006,c0299,Ing0203-3
q007,c0284,Ing0203-3
q008,c0035,Ing0203-3
q008,c0036,Ing0203-3
q009,c0042,Ing0203-3
q009,c0045,Ing0203-3
q009,c0057,Ing0203-3
q010,c0052,Ing0203-3
q010,c0053,Ing0203-3
q010,c0055,Ing0203-3
q010,c0259,Ing0203-3
q013,c0218,Ing0203-3
q013,c0223,Ing0203-3
q013,c0284,Ing0203-3
q014,c0227,Ing0203-3
q014,c0286,Ing0203-3
q015,c0227,Ing0203-3
q015,c0291,Ing0203-3
q015,c0299,Ing0203-3
q016,c0177,Ing0203-3
q016,c0179,Ing0203-3
q016,c0181,Ing0203-3
q017,c0254,Ing0203-3
q017,c0271,Ing0203-3
nan,c0198,Ing0203-3
q018,c0063,Ing0203-3
q018,c0348,Ing0203-3
q019,c0130,Ing0203-3
q019,c0151,Ing0203-3
q020,c0130,Ing0203-3
q020,c0151,Ing0203-3
q020,c0159,Ing0203-3
q021,c0151,Ing0203-3
q021,c0160,Ing0203-3
q023,c0254,Ing0203-3
q023,c0259,Ing0203-3
q023,c0052,Ing0203-3
q023,c0271,Ing0203-3
q025,c0284,Ing0203-3
q025,c0291,Ing0203-3
q026,c0284,Ing0203-3
q026,c0579,Ing0203-3
q026,c0580,Ing0203-3
q027,c0284,Ing0203-3
q027,c0312,Ing0203-3
q028,c0286,Ing0203-3
q028,c0299,Ing0203-3
q028,c299b,Ing0203-3
q028,c0317,Ing0203-3
q029,c0286,Ing0203-3
q029,c0301,Ing0203-3
q029,c0317,Ing0203-3
q029,c0632,Ing0203-3
q030,c0286,Ing0203-3
q030,c0317,Ing0203-3
q031,c0286,Ing0203-3
q031,c0308,Ing0203-3
q031,c0317,Ing0203-3
q032,c0286,Ing0203-3
q032,c0309,Ing0203-3
q032,c309b,Ing0203-3
q032,c0317,Ing0203-3
q033,c0055,Ing0203-3
q033,c0063,Ing0203-3
q034,c0055,Ing0203-3
q035,c0343,Ing0203-3
q035,c0344,Ing0203-3
q035,c0625,Ing0203-3
q036,c0331,Ing0203-3
q036,c0344,Ing0203-3
q037,c0344,Ing0203-3
q038,c0356,Ing0203-3
q039,c0358,Ing0203-3
q039,c0625,Ing0203-3
q040,c0402,Ing0203-3
q040,c0625,Ing0203-3
q041,c0381,Ing0203-3
q041,c0625,Ing0203-3
q042,c0063,Ing0203-3
q042,c0625,Ing0203-3
q043,c0348,Ing0203-3
q043,c0363,Ing0203-3
q043,c0352,Ing0203-3
q044,c0348,Ing0203-3
q044,c0363,Ing0203-3
q044,c0353,Ing0203-3
q045,c0348,Ing0203-3
q045,c0364,Ing0203-3
q045,c0365,Ing0203-3
q045,c0352,Ing0203-3
q046,c0348,Ing0203-3
q046,c0364,Ing0203-3
q046,c0365,Ing0203-3
q046,c0353,Ing0203-3
q047,c0348,Ing0203-3
q047,c0352,Ing0203-3
q048,c0348,Ing0203-3
q048,c0353,Ing0203-3
q049,c0348,Ing0203-3
q049,c0369,Ing0203-3
q049,c0352,Ing0203-3
q050,c0348,Ing0203-3
q050,nan,Ing0203-3
q050,c0353,Ing0203-3
q053,c0381,Ing0203-3
q053,c0259,Ing0203-3
q054,c0381,Ing0203-3
q054,c0358,Ing0203-3
q055,c0381,Ing0203-3
q055,c0402,Ing0203-3
q057,c0395,Ing0203-3
q057,c0624,Ing0203-3
q058,c0369,Ing0203-3
q059,c0364,Ing0203-3
q059,c0365,Ing0203-3
q060,c0352,Ing0203-3
q060,c0625,Ing0203-3
q060,c0348,Ing0203-3
q060,c0063,Ing0203-3
q061,c0352,Ing0203-3
q061,c0457,Ing0203-3
q061,c0348,Ing0203-3
q061,c0063,Ing0203-3
q062,c0481,Ing0203-3
q062,c0330,Ing0203-3
q062,c0063,Ing0203-3
q063,c0330,Ing0203-3
q063,c0055,Ing0203-3
q063,c0063,Ing0203-3
q064,c0330,Ing0203-3
q064,c0343,Ing0203-3
q065,c0624,Ing0203-3
q065,c0511,Ing0203-3
q065,c0395,Ing0203-3
q065,c0117,Ing0203-3
q065,c0116,Ing0203-3
q066,c0402,Ing0203-3
q066,c0117,Ing0203-3
q066,c0116,Ing0203-3
q067a,c0624,Ing0203-3
q067a,c0511,Ing0203-3
q067a,c0395,Ing0203-3
q067a,c0117,Ing0203-3
q067b,c0624,Ing0203-3
q067b,c0511,Ing0203-3
q067b,c0395,Ing0203-3
q067b,c0364,Ing0203-3
q067b,c0116,Ing0203-3
q068,c0284,Ing0203-3
q068,c0579,Ing0203-3
q068,c0580,Ing0203-3
q068,c0317,Ing0203-3
q068,c0301,Ing0203-3
q069,c0363,Ing0203-3
q069,c0036,Ing0203-3
q070,c0284,Ing0203-3
q070,c0317,Ing0203-3
q070,c0595,Ing0203-3
q070,c0301,Ing0203-3
q070,c0309,Ing0203-3
q000,c0095,Ing0506-2
q000,c0108,Ing0506-2
q001,c0103,Ing0506-2
q001,c0110,Ing0506-2
q001,c0113,Ing0506-2
q001,c0722,Ing0506-2
q002,c0106,Ing0506-2
q002,nan,Ing0506-2
q002,c0118,Ing0506-2
q002,c0998,Ing0506-2
q003,c0106,Ing0506-2
q003,c0115,Ing0506-2
nan,c0998,Ing0506-2
nan,c1077,Ing0506-2
q004,c0106,Ing0506-2
q004,c0115,Ing0506-2
q004,c0723,Ing0506-2
q004,c0998,Ing0506-2
q005,c0211,Ing0506-2
q005,c0213,Ing0506-2
q005,c0238,Ing0506-2
q006,c0009,Ing0506-2
q006,c0230,Ing0506-2
q006,c0023,Ing0506-2
q007,c0230,Ing0506-2
q007,c0023,Ing0506-2
q008,c0009,Ing0506-2
q008,c0023,Ing0506-2
q008,c0019,Ing0506-2
q009,c0015,Ing0506-2
q009,c0019,Ing0506-2
q009,c0020,Ing0506-2
q009,c0024,Ing0506-2
q010,c0019,Ing0506-2
q010,c0088,Ing0506-2
q010,c0089,Ing0506-2
q010,c0221,Ing0506-2
q011,c0015,Ing0506-2
q011,c0795,Ing0506-2
q011,c0897,Ing0506-2
q011,c0230,Ing0506-2
q012,c0044,Ing0506-2
q012,c0056,Ing0506-2
q012,c0069,Ing0506-2
q013,c0047,Ing0506-2
q014,c0049,Ing0506-2
q014,c0062,Ing0506-2
q014,c0742,Ing0506-2
q015,c0049,Ing0506-2
q015,c0061,Ing0506-2
q015,c0062,Ing0506-2
q015,c0074,Ing0506-2
q016,nan,Ing0506-2
q016,c0061,Ing0506-2
q016,c0062,Ing0506-2
q016,c1069,Ing0506-2
q017,c0049,Ing0506-2
q017,c0061,Ing0506-2
q017,c0062,Ing0506-2
q017,c0072,Ing0506-2
q019,c0217,Ing0506-2
q019,c0219,Ing0506-2
q019,c0230,Ing0506-2
q020,c0217,Ing0506-2
q020,c0230,Ing0506-2
q020,c0897,Ing0506-2
q021,c0221,Ing0506-2
q021,c0225,Ing0506-2
q021,c0232,Ing0506-2
q022,c0221,Ing0506-2
q022,c0225,Ing0506-2
q022,c0253,Ing0506-2
q022,c0932,Ing0506-2
q023,c0225,Ing0506-2
q023,c0221,Ing0506-2
q024,c0178,Ing0506-2
q024,c0195,Ing0506-2
q024,c0206,Ing0506-2
q025,c0252,Ing0506-2
q025,c0191,Ing0506-2
q025,c0110,Ing0506-2
q026,c0515,Ing0506-2
q026,c0201,Ing0506-2
q026,c0203,Ing0506-2
q027,c0257,Ing0506-2
q027,c0515,Ing0506-2
q027,c0201,Ing0506-2
q027,c0467,Ing0506-2
q028,c0257,Ing0506-2
q028,c0515,Ing0506-2
q028,c0201,Ing0506-2
q028,c0106,Ing0506-2
q029,c0129,Ing0506-2
q029,c0131,Ing0506-2
q029,c0152,Ing0506-2
q029,c0975,Ing0506-2
q030,c0129,Ing0506-2
q030,c0131,Ing0506-2
q030,c0152,Ing0506-2
q030,c0955,Ing0506-2
q031,c0129,Ing0506-2
q031,c0152,Ing0506-2
q031,c0983,Ing0506-2
q032,c0132,Ing0506-2
q032,c0133,Ing0506-2
q032,c0153,Ing0506-2
q032,c0883,Ing0506-2
q033,c0132,Ing0506-2
q033,c0153,Ing0506-2
q033,c0980,Ing0506-2
q034,c0132,Ing0506-2
q034,c0153,Ing0506-2
q034,c0897,Ing0506-2
q034,c0963,Ing0506-2
q035,c0132,Ing0506-2
q035,c0153,Ing0506-2
q035,c0963,Ing0506-2
q037,c0252,Ing0506-2
q037,c0058,Ing0506-2
q037,c0047,Ing0506-2
q037,c0746,Ing0506-2
q038,c0257,Ing0506-2
nan,c0072,Ing0506-2
q038,c0203,Ing0506-2
q039,c0257,Ing0506-2
q039,nan,Ing0506-2
q039,c0072,Ing0506-2
q040,c0257,Ing0506-2
q040,c0201,Ing0506-2
q040,c0072,Ing0506-2
q040,c0279,Ing0506-2
q041,c0455,Ing0506-2
q041,c0478,Ing0506-2
q041,c0602,Ing0506-2
q041,c0503,Ing0506-2
q041,c0203,Ing0506-2
q042,c0455,Ing0506-2
q042,c0602,Ing0506-2
q042,c0279,Ing0506-2
q043,c0455,Ing0506-2
q043,c0478,Ing0506-2
nan,c0602,Ing0506-2
q043,c0279,Ing0506-2
q043,c0203,Ing0506-2
q044,c0279,Ing0506-2
q044,c0455,Ing0506-2
q044,c0106,Ing0506-2
q045,c0115,Ing0506-2
q045,c0279,Ing0506-2
q045,c0455,Ing0506-2
q045,c0106,Ing0506-2
q045,nan,Ing0506-2
q046,c0115,Ing0506-2
q046,c0279,Ing0506-2
q046,c0455,Ing0506-2
q046,c0467,Ing0506-2
q047,c0115,Ing0506-2
q047,c0279,Ing0506-2
q047,c0455,Ing0506-2
q047,c0467,Ing0506-2
q047,c0203,Ing0506-2
q048,c0464,Ing0506-2
q048,c0496,Ing0506-2
q049,c0464,Ing0506-2
q049,c0496,Ing0506-2
q050,c0464,Ing0506-2
q050,c0072,Ing0506-2
q050,c0520,Ing0506-2
q050,c0113,Ing0506-2
q051,c0464,Ing0506-2
q051,c0554,Ing0506-2
q052,c0411,Ing0506-2
q052,c0089,Ing0506-2
q052,c0932,Ing0506-2
q052,c1074,Ing0506-2
q053,c0411,Ing0506-2
q053,c0432,Ing0506-2
q053,c0232,Ing0506-2
q053,c0088,Ing0506-2
q053,c0443,Ing0506-2
q054,c0423,Ing0506-2
q054,nan,Ing0506-2
q054,c0253,Ing0506-2
q054,c0432,Ing0506-2
q055,c0423,Ing0506-2
q055,c0430,Ing0506-2
q055,c0449,Ing0506-2
q056,c0478,Ing0506-2
q056,c0479,Ing0506-2
q056,c0074,Ing0506-2
q057,c0478,Ing0506-2
q057,c0479,Ing0506-2
q057,c0074,Ing0506-2
q057,c0742,Ing0506-2
q058,c0478,Ing0506-2
q058,c0479,Ing0506-2
q058,c0497,Ing0506-2
q058,c1069,Ing0506-2
q059,c0478,Ing0506-2
q059,c0479,Ing0506-2
q059,c0497,Ing0506-2
q059,c1069,Ing0506-2
q059,c0742,Ing0506-2
q060,c0478,Ing0506-2
q060,c0479,Ing0506-2
q060,c0737,Ing0506-2
q061,c0478,Ing0506-2
q061,c0479,Ing0506-2
q061,c0072,Ing0506-2
q061,c0737,Ing0506-2
q061,c0742,Ing0506-2
q062,c0487,Ing0506-2
q062,c0737,Ing0506-2
q062,c0730,Ing0506-2
q062,c1053,Ing0506-2
q063,c0487,Ing0506-2
q063,c0737,Ing0506-2
q063,c0496,Ing0506-2
q063,c1053,Ing0506-2
q063,c0279,Ing0506-2
nan,c0487,Ing0506-2
q064,c0074,Ing0506-2
q064,c0503,Ing0506-2
q064,c0279,Ing0506-2
q065,c0512,Ing0506-2
q065,c0725,Ing0506-2
q065,c0515,Ing0506-2
q065,c0936,Ing0506-2
q066,c0512,Ing0506-2
q066,c0725,Ing0506-2
q066,c0430,Ing0506-2
q066,c0530,Ing0506-2
q067,c0512,Ing0506-2
q067,c0725,Ing0506-2
q067,c0539,Ing0506-2
q067,c0936,Ing0506-2
q068,c0520,Ing0506-2
q068,c0072,Ing0506-2
q068,c0257,Ing0506-2
q068,nan,Ing0506-2
q069,c0520,Ing0506-2
q069,c1001,Ing0506-2
q069,c0257,Ing0506-2
q069,c0024,Ing0506-2
q069,c0532,Ing0506-2
q070,c0520,Ing0506-2
q070,c1001,Ing0506-2
q070,c0534,Ing0506-2
q070,c0537,Ing0506-2
nan,c0538,Ing0506-2
q071,c0602,Ing0506-2
q071,c0794,Ing0506-2
q071,c0795,Ing0506-2
q071,c0467,Ing0506-2
q071,nan,Ing0506-2
q071,c1022,Ing0506-2
q072,c0602,Ing0506-2
q072,c0812,Ing0506-2
q072,c0411,Ing0506-2
q072,c0835,Ing0506-2
q073,c0602,Ing0506-2
q073,c0795,Ing0506-2
q073,c0411,Ing0506-2
q073,c0812,Ing0506-2
nan,c0835,Ing0506-2
q074,c0804,Ing0506-2
q074,c0807,Ing0506-2
q074,c0808,Ing0506-2
q075,c0822,Ing0506-2
q076,c0789,Ing0506-2
q076,c0808,Ing0506-2
q077,c0847,Ing0506-2
q077,c0980,Ing0506-2
q077,c0897,Ing0506-2
q077,c1072,Ing0506-2
q078,c0847,Ing0506-2
q078,c1062,Ing0506-2
q078,c1072,Ing0506-2
q079,c0847,Ing0506-2
q079,c1062,Ing0506-2
q079,c1072,Ing0506-2
q001,nan,Ing0304-2
q001,c0216,Ing0304-2
q001,c0212,Ing0304-2
q002,c0006,Ing0304-2
q002,c0216,Ing0304-2
q002,c0085,Ing0304-2
q003,c0011,Ing0304-2
q003,c0018,Ing0304-2
q003,c0026,Ing0304-2
q003,c0027,Ing0304-2
q003,c0028,Ing0304-2
q004,c0231,Ing0304-2
q004,c0220,Ing0304-2
q004,c0427,Ing0304-2
q004,c0091,Ing0304-2
q005,c0793,Ing0304-2
q005,c0830,Ing0304-2
q005,c0027,Ing0304-2
q005,c0028,Ing0304-2
q006,c0792,Ing0304-2
q006,c0816,Ing0304-2
q006,c0427,Ing0304-2
q006,c0820,Ing0304-2
q007,c0792,Ing0304-2
q007,c0830,Ing0304-2
q007,c0427,Ing0304-2
q007,c0820,Ing0304-2
q008,c0803,Ing0304-2
q008,c0533,Ing0304-2
nan,c0806,Ing0304-2
q009,c0821,Ing0304-2
q009,c0823,Ing0304-2
q010,c0154,Ing0304-2
q010,c0896,Ing0304-2
q010,nan,Ing0304-2
q011,c0154,Ing0304-2
q011,c0896,Ing0304-2
q011,c0961,Ing0304-2
q012,c0154,Ing0304-2
q012,c0896,Ing0304-2
q012,c0957,Ing0304-2
q013,c0128,Ing0304-2
q013,c0142,Ing0304-2
q013,c0881,Ing0304-2
q013,c0949,Ing0304-2
q014,c0128,Ing0304-2
q014,c0142,Ing0304-2
q014,c0951,Ing0304-2
q015,nan,Ing0304-2
q015,c0142,Ing0304-2
q015,c0881,Ing0304-2
q016,c0128,Ing0304-2
q016,c0142,Ing0304-2
q017,c0209,Ing0304-2
q018,c0212,Ing0304-2
q018,c0006,Ing0304-2
q018,c0216,Ing0304-2
q018,c0228,Ing0304-2
q019,c0231,Ing0304-2
q019,c0767,Ing0304-2
q019,c0085,Ing0304-2
q020,c0220,Ing0304-2
q020,c0243,Ing0304-2
q020,c0247,Ing0304-2
q020,c0767,Ing0304-2
q021,c0412,Ing0304-2
q021,c0439,Ing0304-2
q021,c0420,Ing0304-2
q022,c0412,Ing0304-2
q022,c0439,Ing0304-2
q022,c0243,Ing0304-2
q023,c0420,Ing0304-2
q023,c0433,Ing0304-2
q023,c0231,Ing0304-2
q024,c0420,Ing0304-2
q024,c0433,Ing0304-2
q024,c0439,Ing0304-2
q025,c0433,Ing0304-2
q025,c0440,Ing0304-2
q026,c0420,Ing0304-2
q026,c0433,Ing0304-2
q026,c0442,Ing0304-2
q027,c0433,Ing0304-2
q028,c0294,Ing0304-2
q028,c0816,Ing0304-2
q028,c0247,Ing0304-2
q028,c0427,Ing0304-2
q028,c0429,Ing0304-2
q029,c0294,Ing0304-2
q029,c0429,Ing0304-2
q029,c0816,Ing0304-2
q029,c0427,Ing0304-2
q029,c0446,Ing0304-2
q029,c0718,Ing0304-2
q030,c0041,Ing0304-2
q031,c0046,Ing0304-2
q031,c0051,Ing0304-2
q031,c0059,Ing0304-2
q031,c0065,Ing0304-2
q032,c0049,Ing0304-2
q032,c0064,Ing0304-2
q032,c0742,Ing0304-2
q032,c0943,Ing0304-2
q033,c0049,Ing0304-2
q033,c0064,Ing0304-2
q033,c0073,Ing0304-2
q033,c0943,Ing0304-2
q034,c0049,Ing0304-2
q034,c0064,Ing0304-2
q034,c0261,Ing0304-2
q034,c0943,Ing0304-2
nan,c0474,Ing0304-2
q035,c0281,Ing0304-2
q035,c0073,Ing0304-2
q035,c0261,Ing0304-2
q035,c0742,Ing0304-2
q036,nan,Ing0304-2
q036,c0281,Ing0304-2
q036,c0261,Ing0304-2
q036,c0495,Ing0304-2
q036,c0742,Ing0304-2
q037,c0474,Ing0304-2
q037,c0281,Ing0304-2
q037,c0073,Ing0304-2
q037,c0742,Ing0304-2
q038,c0489,Ing0304-2
q039,c0485,Ing0304-2
q039,c0600,Ing0304-2
nan,c0485,Ing0304-2
q042,c0180,Ing0304-2
q042,c0189,Ing0304-2
q042,c0199,Ing0304-2
q042,c0101,Ing0304-2
q043,c0184,Ing0304-2
q043,c0185,Ing0304-2
q043,c0105,Ing0304-2
q043,c0202,Ing0304-2
q044,c0184,Ing0304-2
q044,c0185,Ing0304-2
q044,c0105,Ing0304-2
q044,c0018,Ing0304-2
q045,c0184,Ing0304-2
q045,c0185,Ing0304-2
q045,c0105,Ing0304-2
q045,c0429,Ing0304-2
q047,c0046,Ing0304-2
q047,c0051,Ing0304-2
q047,c0059,Ing0304-2
q048,c0184,Ing0304-2
q048,c0185,Ing0304-2
q048,c0261,Ing0304-2
nan,c0202,Ing0304-2
q049,c0184,Ing0304-2
q049,c0185,Ing0304-2
q049,c0261,Ing0304-2
q049,c0474,Ing0304-2
q050,c0184,Ing0304-2
q050,c0185,Ing0304-2
q050,c0261,Ing0304-2
q050,c0281,Ing0304-2
q051,c0450,Ing0304-2
q051,c0065,Ing0304-2
q051,c0600,Ing0304-2
q051,c0474,Ing0304-2
nan,c0450,Ing0304-2
q052,c0065,Ing0304-2
q052,c0600,Ing0304-2
q052,c0281,Ing0304-2
q052,c0202,Ing0304-2
q053,c0450,Ing0304-2
q053,c0452,Ing0304-2
q053,c0429,Ing0304-2
q053,c0202,Ing0304-2
q054,c0452,Ing0304-2
q054,c0018,Ing0304-2
q054,c0202,Ing0304-2
q054,c0261,Ing0304-2
q055,c0462,Ing0304-2
q055,c0463,Ing0304-2
q055,c0073,Ing0304-2
q055,c0495,Ing0304-2
q056,c0462,Ing0304-2
q056,c0463,Ing0304-2
q056,c0489,Ing0304-2
q057,c0462,Ing0304-2
q057,c0463,Ing0304-2
q057,c0099,Ing0304-2
q058,c0462,Ing0304-2
q058,c0463,Ing0304-2
q058,c0018,Ing0304-2
q058,c0803,Ing0304-2
q058,c0026,Ing0304-2
q059,c0093,Ing0304-2
q060,c0097,Ing0304-2
q060,c0101,Ing0304-2
q060,c101e,Ing0304-2
q060,c0109,Ing0304-2
q061,c0099,Ing0304-2
q061,c0105,Ing0304-2
q061,c0935,Ing0304-2
q062,c0513,Ing0304-2
q063,c0513,Ing0304-2
q063,c0429,Ing0304-2
q064,c0519,Ing0304-2
q065,c0519,Ing0304-2
q065,c0533,Ing0304-2
q066,c0519,Ing0304-2
q066,c0536,Ing0304-2
q067,c0247,Ing0304-2
q067,c0429,Ing0304-2
q067,c0440,Ing0304-2
q068,c0294,Ing0304-2
q068,c0306,Ing0304-2
q068,c0821,Ing0304-2
q068,c0823,Ing0304-2
q069,c0429,Ing0304-2
q069,c0306,Ing0304-2
q069,c0823,Ing0304-2
q070,c0420,Ing0304-2
q070,c0294,Ing0304-2
q070,c0247,Ing0304-2
q071,c0324,Ing0304-2
q071,c0073,Ing0304-2
q072,c0324,Ing0304-2
q072,c0474,Ing0304-2
q072,c0261,Ing0304-2
q073,c0324,Ing0304-2
q073,c0474,Ing0304-2
q073,c0261,Ing0304-2
q073,c0495,Ing0304-2
q074,c0261,Ing0304-2
q074,c0185,Ing0304-2
q075,c0261,Ing0304-2
q075,c0185,Ing0304-2
q075,c0429,Ing0304-2
q077,c0261,Ing0304-2
q077,c0185,Ing0304-2
q078,c0388,Ing0304-2
q078,c0519,Ing0304-2
nan,c0388,Ing0304-2
q079,c0763,Ing0304-2
nan,c0519,Ing0304-2
q080,c0388,Ing0304-2
q080,c0429,Ing0304-2
q080,c0519,Ing0304-2
