course_id,day,period,instance
c0001,4,0,Fis0506-1
c0001,4,1,Fis0506-1
c0001,4,2,Fis0506-1
c0001,4,4,Fis0506-1
c0001,4,5,Fis0506-1
c0004,0,1,Fis0506-1
c0004,0,3,Fis0506-1
c0004,0,4,Fis0506-1
c0004,0,5,Fis0506-1
c0024,3,1,Fis0506-1
c0024,3,2,Fis0506-1
c0024,3,3,Fis0506-1
c0024,3,4,Fis0506-1
c0024,3,5,Fis0506-1
nan,2,2,Fis0506-1
c0025,2,3,Fis0506-1
c0025,2,4,Fis0506-1
c0025,2,5,Fis0506-1
nan,3,1,Fis0506-1
c0025,3,2,Fis0506-1
c0025,3,3,Fis0506-1
c0025,3,4,Fis0506-1
c0025,3,5,Fis0506-1
c0033,3,2,Fis0506-1
c0033,3,3,Fis0506-1
c0033,3,5,Fis0506-1
c0033,4,1,Fis0506-1
c0033,4,2,Fis0506-1
c0033,4,5,Fis0506-1
c0071,0,0,Fis0506-1
c0071,0,1,Fis0506-1
c0071,0,2,Fis0506-1
c0071,1,0,Fis0506-1
c0071,1,1,Fis0506-1
c0071,1,2,Fis0506-1
c0071,2,0,Fis0506-1
c0071,2,1,Fis0506-1
c0071,2,2,Fis0506-1
c0071,3,1,Fis0506-1
c0071,3,2,Fis0506-1
c0071,4,0,Fis0506-1
c0071,4,2,Fis0506-1
c0211,0,2,Ing0203-2
c0211,0,3,Ing0203-2
c0211,0,4,Ing0203-2
c0211,1,2,Ing0203-2
c0211,1,3,Ing0203-2
c0211,1,4,Ing0203-2
c0211,2,2,Ing0203-2
nan,2,4,Ing0203-2
c0211,3,2,Ing0203-2
c0211,3,4,Ing0203-2
c0211,4,3,Ing0203-2
c0211,4,4,Ing0203-2
c0095,0,2,Ing0203-2
c0095,0,3,Ing0203-2
c0095,1,2,Ing0203-2
c0095,1,4,Ing0203-2
c0095,2,2,Ing0203-2
c0095,2,3,Ing0203-2
c0095,2,4,Ing0203-2
c0095,3,0,Ing0203-2
c0095,3,1,Ing0203-2
c0095,3,2,Ing0203-2
c0095,3,3,Ing0203-2
c0095,3,4,Ing0203-2
c0095,4,0,Ing0203-2
c0095,4,1,Ing0203-2
c0095,4,2,Ing0203-2
c0095,4,3,Ing0203-2
c0103,0,2,Ing0203-2
c0103,1,2,Ing0203-2
c0103,3,2,Ing0203-2
c0103,4,2,Ing0203-2
c0111,0,0,Ing0203-2
c0111,3,0,Ing0203-2
c0111,4,0,Ing0203-2
c0115,0,0,Ing0203-2
c0115,0,1,Ing0203-2
c0115,3,0,Ing0203-2
c0115,3,1,Ing0203-2
c0115,3,2,Ing0203-2
c0115,3,3,Ing0203-2
c0115,3,4,Ing0203-2
c0115,4,0,Ing0203-2
c0115,4,1,Ing0203-2
c0115,4,2,Ing0203-2
c0115,4,4,Ing0203-2
c0119,0,0,Ing0203-2
c0119,0,4,Ing0203-2
c0119,1,0,Ing0203-2
c0119,3,0,Ing0203-2
c0119,4,0,Ing0203-2
c0127,0,2,Ing0203-2
c0127,0,4,Ing0203-2
c0127,1,2,Ing0203-2
c0127,1,3,Ing0203-2
c0127,2,2,Ing0203-2
c0127,2,3,Ing0203-2
c0127,2,4,Ing0203-2
c0127,3,2,Ing0203-2
c0127,3,3,Ing0203-2
c0127,3,4,Ing0203-2
c0127,4,2,Ing0203-2
c0127,4,3,Ing0203-2
c0127,4,4,Ing0203-2
c0019,0,0,Ing0203-2
c0019,0,1,Ing0203-2
c0019,0,3,Ing0203-2
c0020,0,1,Ing0203-2
c0020,1,0,Ing0203-2
c0020,2,0,Ing0203-2
c0020,3,0,Ing0203-2
c0020,4,0,Ing0203-2
c0020,4,3,Ing0203-2
c0023,0,0,Ing0203-2
c0023,0,1,Ing0203-2
c0023,0,2,Ing0203-2
c0023,0,3,Ing0203-2
c0023,4,2,Ing0203-2
c0023,4,3,Ing0203-2
c0023,4,4,Ing0203-2
c0080,0,2,Ing0203-2
c0080,0,3,Ing0203-2
c0080,0,4,Ing0203-2
c0080,1,4,Ing0203-2
c0080,2,2,Ing0203-2
c0080,3,4,Ing0203-2
c0080,4,4,Ing0203-2
c0088,2,0,Ing0203-2
c0088,3,0,Ing0203-2
c0088,4,0,Ing0203-2
c0044,0,2,Ing0203-2
c0044,0,3,Ing0203-2
c0044,0,4,Ing0203-2
c0044,1,2,Ing0203-2
c0044,1,4,Ing0203-2
c0044,2,2,Ing0203-2
c0044,2,4,Ing0203-2
nan,3,2,Ing0203-2
c0044,3,3,Ing0203-2
c0044,3,4,Ing0203-2
c0044,4,0,Ing0203-2
c0044,4,1,Ing0203-2
c0044,4,2,Ing0203-2
c0044,4,3,Ing0203-2
c0044,4,4,Ing0203-2
c0110,0,1,Ing0203-2
c0110,1,0,Ing0203-2
c0110,2,0,Ing0203-2
c0110,3,0,Ing0203-2
c0110,4,0,Ing0203-2
c0110,4,1,Ing0203-2
c0110,4,2,Ing0203-2
c0110,4,3,Ing0203-2
c0110,4,4,Ing0203-2
c0058,0,0,Ing0203-2
c0058,0,1,Ing0203-2
c0058,1,0,Ing0203-2
c0058,2,0,Ing0203-2
c0058,3,0,Ing0203-2
c0058,4,0,Ing0203-2
c0058,4,1,Ing0203-2
c0058,4,2,Ing0203-2
c0058,4,3,Ing0203-2
nan,4,4,Ing0203-2
c0061,0,0,Ing0203-2
c0061,0,1,Ing0203-2
c0061,0,2,Ing0203-2
c0061,4,2,Ing0203-2
c0061,4,3,Ing0203-2
c0061,4,4,Ing0203-2
c0074,1,1,Ing0203-2
c0074,1,2,Ing0203-2
c0074,1,3,Ing0203-2
c0074,2,2,Ing0203-2
c0074,2,3,Ing0203-2
c0213,0,0,Ing0203-2
c0213,0,1,Ing0203-2
c0213,0,2,Ing0203-2
c0213,0,3,Ing0203-2
c0213,0,4,Ing0203-2
c0213,1,0,Ing0203-2
c0213,1,1,Ing0203-2
c0213,1,2,Ing0203-2
c0213,1,4,Ing0203-2
c0213,2,2,Ing0203-2
c0213,2,3,Ing0203-2
c0213,2,4,Ing0203-2
c0213,3,2,Ing0203-2
c0213,3,3,Ing0203-2
c0213,3,4,Ing0203-2
c0213,4,2,Ing0203-2
c0219,3,0,Ing0203-2
c0219,3,1,Ing0203-2
c0219,4,2,Ing0203-2
c0219,4,3,Ing0203-2
c0178,0,2,Ing0203-2
c0178,0,3,Ing0203-2
c0178,0,4,Ing0203-2
c0178,1,2,Ing0203-2
c0178,1,4,Ing0203-2
c0178,2,3,Ing0203-2
c0178,2,4,Ing0203-2
c0178,3,3,Ing0203-2
c0178,4,2,Ing0203-2
c0178,4,3,Ing0203-2
c0178,4,4,Ing0203-2
c0186,0,0,Ing0203-2
c0186,0,2,Ing0203-2
c0186,0,3,Ing0203-2
c0186,0,4,Ing0203-2
c0186,1,0,Ing0203-2
c0186,1,1,Ing0203-2
c0186,1,2,Ing0203-2
c0186,1,3,Ing0203-2
c0186,1,4,Ing0203-2
c0186,4,4,Ing0203-2
c0193,0,0,Ing0203-2
c0193,0,1,Ing0203-2
c0193,0,2,Ing0203-2
c0108,0,2,Ing0203-2
c0108,0,3,Ing0203-2
c0108,0,4,Ing0203-2
c0108,1,2,Ing0203-2
c0108,1,3,Ing0203-2
c0108,1,4,Ing0203-2
c0108,2,2,Ing0203-2
c0108,2,3,Ing0203-2
c0108,2,4,Ing0203-2
c0108,3,2,Ing0203-2
c0108,3,3,Ing0203-2
c0108,3,4,Ing0203-2
c0108,4,2,Ing0203-2
c0108,4,3,Ing0203-2
c0108,4,4,Ing0203-2
c0056,0,2,Ing0203-2
c0056,0,3,Ing0203-2
c0056,0,4,Ing0203-2
c0056,1,2,Ing0203-2
c0056,1,3,Ing0203-2
c0056,1,4,Ing0203-2
c0056,2,2,Ing0203-2
c0056,2,3,Ing0203-2
c0056,2,4,Ing0203-2
c0056,3,2,Ing0203-2
c0056,3,3,Ing0203-2
c0056,4,2,Ing0203-2
c0056,4,4,Ing0203-2
c0206,0,2,Ing0203-2
c0206,0,3,Ing0203-2
c0206,0,4,Ing0203-2
c0206,1,2,Ing0203-2
c0206,1,3,Ing0203-2
c0206,2,2,Ing0203-2
c0206,2,3,Ing0203-2
c0206,2,4,Ing0203-2
c0206,3,2,Ing0203-2
c0206,3,3,Ing0203-2
c0206,3,4,Ing0203-2
c0206,4,2,Ing0203-2
c0252,3,2,Ing0203-2
c0252,3,3,Ing0203-2
c0252,3,4,Ing0203-2
c0252,4,0,Ing0203-2
c0252,4,1,Ing0203-2
c0252,4,2,Ing0203-2
c0252,4,3,Ing0203-2
c0252,4,4,Ing0203-2
c0266,0,0,Ing0203-2
c0266,0,2,Ing0203-2
c0266,3,0,Ing0203-2
c0266,3,1,Ing0203-2
c0266,3,3,Ing0203-2
c0266,4,0,Ing0203-2
c0266,4,1,Ing0203-2
c0266,4,2,Ing0203-2
c0266,4,3,Ing0203-2
c0266,4,4,Ing0203-2
c0238,0,2,Ing0203-2
c0238,0,3,Ing0203-2
c0238,0,4,Ing0203-2
c0238,1,3,Ing0203-2
c0238,1,4,Ing0203-2
c0238,2,2,Ing0203-2
c0238,2,3,Ing0203-2
c0238,2,4,Ing0203-2
c0238,3,2,Ing0203-2
c0238,3,3,Ing0203-2
c0238,4,2,Ing0203-2
c0238,4,3,Ing0203-2
c0238,4,4,Ing0203-2
c0076,0,0,Ing0203-2
c0076,1,0,Ing0203-2
c0076,4,0,Ing0203-2
c0470,0,0,Ing0203-2
c0470,2,0,Ing0203-2
c0470,4,0,Ing0203-2
c0230,0,2,Ing0203-2
c0230,1,2,Ing0203-2
c0230,2,1,Ing0203-2
c0230,2,2,Ing0203-2
c0230,4,2,Ing0203-2
c0230,4,3,Ing0203-2
c0054,0,0,Ing0203-2
c0054,4,1,Ing0203-2
c0054,4,2,Ing0203-2
c0054,4,3,Ing0203-2
c0054,4,4,Ing0203-2
c0602,0,2,Ing0203-2
c0602,1,2,Ing0203-2
c0602,2,2,Ing0203-2
c0602,3,1,Ing0203-2
c0602,3,2,Ing0203-2
c0602,3,3,Ing0203-2
c0602,3,4,Ing0203-2
c0602,4,1,Ing0203-2
c0602,4,2,Ing0203-2
c0602,4,3,Ing0203-2
c0602,4,4,Ing0203-2
c0559,0,0,Ing0203-2
c0559,0,1,Ing0203-2
c0559,0,2,Ing0203-2
c0559,0,3,Ing0203-2
c0559,0,4,Ing0203-2
c0559,1,0,Ing0203-2
c0559,2,0,Ing0203-2
c0559,4,0,Ing0203-2
c0069,0,2,Ing0203-2
c0069,0,3,Ing0203-2
c0069,0,4,Ing0203-2
c0069,1,2,Ing0203-2
c0069,1,4,Ing0203-2
c0069,2,2,Ing0203-2
c0069,2,3,Ing0203-2
c0069,2,4,Ing0203-2
c0069,3,2,Ing0203-2
c0069,3,4,Ing0203-2
c0069,4,2,Ing0203-2
c0069,4,3,Ing0203-2
c0288,0,0,Ing0203-2
c0288,0,1,Ing0203-2
c0288,0,2,Ing0203-2
c0288,0,3,Ing0203-2
c0288,1,0,Ing0203-2
c0288,1,1,Ing0203-2
c0288,1,2,Ing0203-2
c0297,4,0,Ing0203-2
c0297,4,1,Ing0203-2
c0297,4,3,Ing0203-2
c0302,0,0,Ing0203-2
c0302,0,1,Ing0203-2
c0302,0,3,Ing0203-2
c0302,0,4,Ing0203-2
c0313,2,3,Ing0203-2
c0313,2,4,Ing0203-2
c0314,0,2,Ing0203-2
c0314,1,2,Ing0203-2
c0314,2,2,Ing0203-2
c0314,3,2,Ing0203-2
c0314,4,2,Ing0203-2
c0316,0,2,Ing0203-2
c0316,1,2,Ing0203-2
c0316,2,0,Ing0203-2
c0316,2,1,Ing0203-2
c0316,2,2,Ing0203-2
c0316,4,2,Ing0203-2
c0316,4,3,Ing0203-2
c0316,4,4,Ing0203-2
c0298,0,0,Ing0203-2
c0298,0,1,Ing0203-2
c0298,0,2,Ing0203-2
c0298,4,0,Ing0203-2
c0298,4,1,Ing0203-2
c0298,4,2,Ing0203-2
c0298,4,4,Ing0203-2
c0304,3,4,Ing0203-2
c0346,4,0,Ing0203-2
c0346,4,1,Ing0203-2
nan,4,2,Ing0203-2
c0346,4,4,Ing0203-2
c0366,0,0,Ing0203-2
c0366,1,0,Ing0203-2
c0366,4,0,Ing0203-2
c0366,4,2,Ing0203-2
c0366,4,3,Ing0203-2
c0366,4,4,Ing0203-2
c0391,0,0,Ing0203-2
c0391,0,2,Ing0203-2
c0391,0,3,Ing0203-2
c0391,0,4,Ing0203-2
c0391,1,0,Ing0203-2
c0391,1,1,Ing0203-2
c0391,1,2,Ing0203-2
c0386,1,2,Ing0203-2
c0386,1,3,Ing0203-2
c0386,1,4,Ing0203-2
c0386,2,0,Ing0203-2
c0386,2,1,Ing0203-2
c0386,2,2,Ing0203-2
c0386,2,3,Ing0203-2
c0386,2,4,Ing0203-2
c0386,4,2,Ing0203-2
c0386,4,3,Ing0203-2
c0386,4,4,Ing0203-2
c0638,0,4,Ing0203-2
c0638,2,2,Ing0203-2
c0638,2,3,Ing0203-2
c0638,2,4,Ing0203-2
c0638,4,3,Ing0203-2
c0638,4,4,Ing0203-2
c0322,0,0,Ing0203-2
c0322,1,0,Ing0203-2
c0322,3,0,Ing0203-2
c0322,4,0,Ing0203-2
c0322,4,4,Ing0203-2
c0323,0,0,Ing0203-2
c0323,0,1,Ing0203-2
c0323,0,2,Ing0203-2
c0323,0,4,Ing0203-2
c0323,4,0,Ing0203-2
c0323,4,1,Ing0203-2
c0323,4,2,Ing0203-2
c0323,4,3,Ing0203-2
c0326,0,0,Ing0203-2
c0326,0,1,Ing0203-2
c0326,0,2,Ing0203-2
c0326,0,4,Ing0203-2
c0326,1,0,Ing0203-2
c0326,1,2,Ing0203-2
c0326,1,3,Ing0203-2
c0326,1,4,Ing0203-2
c0327,0,1,Ing0203-2
c0327,0,2,Ing0203-2
c0327,0,3,Ing0203-2
c0327,0,4,Ing0203-2
c0327,1,0,Ing0203-2
c0327,2,0,Ing0203-2
c0327,4,0,Ing0203-2
c0327,4,3,Ing0203-2
c0327,4,4,Ing0203-2
c0336,1,2,Ing0203-2
c0336,1,4,Ing0203-2
c0336,2,0,Ing0203-2
c0336,2,1,Ing0203-2
c0336,2,2,Ing0203-2
c0336,2,3,Ing0203-2
c0336,3,0,Ing0203-2
c0336,3,1,Ing0203-2
c0336,3,2,Ing0203-2
c0336,3,3,Ing0203-2
c0336,3,4,Ing0203-2
c0336,4,0,Ing0203-2
c0336,4,2,Ing0203-2
c0336,4,3,Ing0203-2
c0336,4,4,Ing0203-2
c0337,0,0,Ing0203-2
c0337,0,1,Ing0203-2
c0337,0,2,Ing0203-2
c0337,4,1,Ing0203-2
c0337,4,2,Ing0203-2
c0337,4,3,Ing0203-2
c0337,4,4,Ing0203-2
c0368,0,0,Ing0203-2
c0368,2,4,Ing0203-2
c0368,4,4,Ing0203-2
ChiGenAn,0,0,Ing0304-1
ChiGenAn,0,4,Ing0304-1
ChiGenAn,4,4,Ing0304-1
CamEleAn,0,0,Ing0304-1
CamEleAn,0,1,Ing0304-1
CamEleAn,4,1,Ing0304-1
CamEleAn,4,3,Ing0304-1
CamEleAn,4,4,Ing0304-1
FonChiAn,0,0,Ing0304-1
FonChiAn,0,1,Ing0304-1
FonChiAn,4,3,Ing0304-1
FonChiAn,4,4,Ing0304-1
StrIndAn,2,2,Ing0304-1
StrIndAn,3,2,Ing0304-1
StrIndAn,4,2,Ing0304-1
TecCosAn,1,0,Ing0304-1
TecCosAn,1,1,Ing0304-1
TecCosAn,1,2,Ing0304-1
TecCosAn,1,3,Ing0304-1
TecCosAn,1,4,Ing0304-1
TecCosAn,4,2,Ing0304-1
TecCosAn,4,3,Ing0304-1
Mat1Cn,0,2,Ing0304-1
Mat1Cn,0,4,Ing0304-1
Mat1Cn,1,3,Ing0304-1
Mat1Cn,1,4,Ing0304-1
Mat1Cn,2,2,Ing0304-1
Mat1Cn,2,3,Ing0304-1
Mat1Cn,3,2,Ing0304-1
Mat1Cn,3,3,Ing0304-1
Mat1Cn,4,2,Ing0304-1
Mat1Cn,4,3,Ing0304-1
Mat1Cn,4,4,Ing0304-1
MecRazCn,1,4,Ing0304-1
MecRazCn,3,4,Ing0304-1
MecRazCn,4,4,Ing0304-1
TecMatCn,1,0,Ing0304-1
TecMatCn,1,4,Ing0304-1
TecMatCn,2,0,Ing0304-1
TecMatCn,2,4,Ing0304-1
TecMatCn,3,0,Ing0304-1
TecMatCn,3,4,Ing0304-1
ArcTecCn,0,2,Ing0304-1
ArcTecCn,4,1,Ing0304-1
ArcTecCn,4,2,Ing0304-1
ArcTecCn,4,3,Ing0304-1
ArcTecCn,4,4,Ing0304-1
nan,0,2,Ing0304-1
Idr2Cn,1,2,Ing0304-1
Idr2Cn,2,2,Ing0304-1
Idr2Cn,4,2,Ing0304-1
Mat1En,1,3,Ing0304-1
Mat1En,1,4,Ing0304-1
Mat1En,2,2,Ing0304-1
Mat1En,2,3,Ing0304-1
Mat1En,2,4,Ing0304-1
Mat1En,3,2,Ing0304-1
Mat1En,3,3,Ing0304-1
Mat1En,3,4,Ing0304-1
Mat1En,4,2,Ing0304-1
Mat1En,4,4,Ing0304-1
RetLogEn,1,2,Ing0304-1
RetLogEn,1,3,Ing0304-1
RetLogEn,1,4,Ing0304-1
RetLogEn,2,0,Ing0304-1
RetLogEn,2,1,Ing0304-1
RetLogEn,2,2,Ing0304-1
RetLogEn,2,3,Ing0304-1
RetLogEn,2,4,Ing0304-1
RetLogEn,3,1,Ing0304-1
RetLogEn,3,3,Ing0304-1
RetLogEn,3,4,Ing0304-1
RetLogEn,4,0,Ing0304-1
RetLogEn,4,1,Ing0304-1
nan,4,2,Ing0304-1
RetLogEn,4,3,Ing0304-1
RetLogEn,4,4,Ing0304-1
ComEleEn,0,0,Ing0304-1
ComEleEn,0,1,Ing0304-1
ComEleEn,0,2,Ing0304-1
ComEleEn,1,2,Ing0304-1
ComEleEn,3,2,Ing0304-1
ComEleEn,4,2,Ing0304-1
ComEleEn,4,4,Ing0304-1
EleSis1En,1,0,Ing0304-1
EleSis1En,1,1,Ing0304-1
EleSis1En,1,3,Ing0304-1
EleSis1En,3,0,Ing0304-1
EleSis1En,3,1,Ing0304-1
EleSis1En,3,2,Ing0304-1
MetMatEn,0,4,Ing0304-1
MetMatEn,1,4,Ing0304-1
MetMatEn,2,4,Ing0304-1
MetMatEn,3,4,Ing0304-1
MetMatEn,4,4,Ing0304-1
RetCal1G1n,3,0,Ing0304-1
RetCal1G1n,3,1,Ing0304-1
RetCal1G1n,3,2,Ing0304-1
RetCal1G1n,3,3,Ing0304-1
RetCal1G1n,3,4,Ing0304-1
RetCal1G1n,4,2,Ing0304-1
RetCal1G1n,4,4,Ing0304-1
Mat1G2n,0,2,Ing0304-1
Mat1G2n,0,3,Ing0304-1
Mat1G2n,0,4,Ing0304-1
Mat1G2n,1,4,Ing0304-1
Mat1G2n,2,2,Ing0304-1
Mat1G2n,2,3,Ing0304-1
Mat1G2n,2,4,Ing0304-1
Mat1G2n,3,2,Ing0304-1
nan,3,3,Ing0304-1
Mat1G2n,4,2,Ing0304-1
Mat1G2n,4,3,Ing0304-1
ChiG2n,0,0,Ing0304-1
ChiG2n,0,4,Ing0304-1
ChiG2n,4,4,Ing0304-1
TerAppG2n,0,2,Ing0304-1
TerAppG2n,1,2,Ing0304-1
nan,2,2,Ing0304-1
TerAppG2n,4,3,Ing0304-1
TerAppG2n,4,4,Ing0304-1
CalProG2n,0,2,Ing0304-1
CalProG2n,1,2,Ing0304-1
CalProG2n,2,2,Ing0304-1
CalProG2n,3,2,Ing0304-1
CalProG2n,4,0,Ing0304-1
CalProG2n,4,1,Ing0304-1
CalProG2n,4,2,Ing0304-1
CalProG2n,4,3,Ing0304-1
CalProG2n,4,4,Ing0304-1
Mat1Mn,0,2,Ing0304-1
Mat1Mn,0,3,Ing0304-1
Mat1Mn,0,4,Ing0304-1
Mat1Mn,1,2,Ing0304-1
Mat1Mn,1,3,Ing0304-1
Mat1Mn,1,4,Ing0304-1
Mat1Mn,2,2,Ing0304-1
Mat1Mn,2,3,Ing0304-1
Mat1Mn,2,4,Ing0304-1
Mat1Mn,3,2,Ing0304-1
Mat1Mn,3,4,Ing0304-1
Mat1Mn,4,2,Ing0304-1
Mat1Mn,4,3,Ing0304-1
DisIndMn,0,0,Ing0304-1
DisIndMn,0,1,Ing0304-1
DisIndMn,0,2,Ing0304-1
DisIndMn,0,4,Ing0304-1
DisIndMn,1,0,Ing0304-1
DisIndMn,1,1,Ing0304-1
DisIndMn,4,3,Ing0304-1
DisIndMn,4,4,Ing0304-1
ComMecMn,0,2,Ing0304-1
ComMecMn,0,3,Ing0304-1
ComMecMn,1,2,Ing0304-1
ComMecMn,2,2,Ing0304-1
ComMecMn,3,2,Ing0304-1
ComMecMn,4,2,Ing0304-1
ComMecMn,4,3,Ing0304-1
ComMecMn,4,4,Ing0304-1
CosMacMn,0,0,Ing0304-1
CosMacMn,0,1,Ing0304-1
CosMacMn,0,2,Ing0304-1
CosMacMn,0,3,Ing0304-1
CosMacMn,0,4,Ing0304-1
CosMacMn,4,2,Ing0304-1
CosMacMn,4,3,Ing0304-1
CosMacMn,4,4,Ing0304-1
TecMec1Mn,0,0,Ing0304-1
TecMec1Mn,0,1,Ing0304-1
TecMec1Mn,0,2,Ing0304-1
TecMec1Mn,4,0,Ing0304-1
IdrNumAns,0,1,Ing0304-1
IdrNumAns,0,2,Ing0304-1
nan,3,1,Ing0304-1
IdrNumAns,3,2,Ing0304-1
IdrNumAns,4,0,Ing0304-1
IdrNumAns,4,1,Ing0304-1
IdrNumAns,4,2,Ing0304-1
PriIngAns,0,0,Ing0304-1
PriIngAns,1,0,Ing0304-1
PriIngAns,1,2,Ing0304-1
PriIngAns,3,0,Ing0304-1
PriIngAns,4,0,Ing0304-1
StaAns,0,2,Ing0304-1
StaAns,1,2,Ing0304-1
StaAns,3,2,Ing0304-1
StaAns,4,0,Ing0304-1
StaAns,4,2,Ing0304-1
StaAns,4,3,Ing0304-1
StaAns,4,4,Ing0304-1
ArcTecCns,0,2,Ing0304-1
ArcTecCns,4,0,Ing0304-1
ArcTecCns,4,1,Ing0304-1
ArcTecCns,4,3,Ing0304-1
ArcTecCns,4,4,Ing0304-1
EleTel1Ens,0,0,Ing0304-1
EleTel1Ens,0,1,Ing0304-1
EleTel1Ens,0,2,Ing0304-1
EleTel1Ens,0,3,Ing0304-1
EleTel1Ens,0,4,Ing0304-1
EleTel1Ens,4,2,Ing0304-1
EleTel1Ens,4,4,Ing0304-1
AppIndGns,0,0,Ing0304-1
AppIndGns,0,1,Ing0304-1
AppIndGns,0,3,Ing0304-1
AppIndGns,0,4,Ing0304-1
AppIndGns,1,2,Ing0304-1
AppIndGns,2,2,Ing0304-1
AppIndGns,2,4,Ing0304-1
AppIndGns,3,2,Ing0304-1
AppIndGns,3,4,Ing0304-1
AppIndGns,4,1,Ing0304-1
AppIndGns,4,2,Ing0304-1
AppIndGns,4,3,Ing0304-1
AppIndGns,4,4,Ing0304-1
RetCal2Gns,3,2,Ing0304-1
RetCal2Gns,3,3,Ing0304-1
RetCal2Gns,3,4,Ing0304-1
RetCal2Gns,4,3,Ing0304-1
RetCal2Gns,4,4,Ing0304-1
TecCos1Cv,0,2,Ing0304-1
StoArcCv,0,0,Ing0304-1
StoArcCv,0,2,Ing0304-1
StoArcCv,0,4,Ing0304-1
TeoStr1Cv,0,0,Ing0304-1
TeoStr1Cv,0,1,Ing0304-1
TeoStr1Cv,0,2,Ing0304-1
TeoStr1Cv,1,1,Ing0304-1
TeoStr1Cv,1,2,Ing0304-1
TeoStr1Cv,2,3,Ing0304-1
TeoStr1Cv,2,4,Ing0304-1
ArcComCv,0,2,Ing0304-1
ArcComCv,1,2,Ing0304-1
ArcComCv,2,1,Ing0304-1
ArcComCv,2,2,Ing0304-1
ArcComCv,2,3,Ing0304-1
CalAut1Cv,0,0,Ing0304-1
CalAut1Cv,0,1,Ing0304-1
CalAut1Cv,0,2,Ing0304-1
CalAut1Cv,0,3,Ing0304-1
CalAut1Cv,0,4,Ing0304-1
CalAut1Cv,1,0,Ing0304-1
CalAut1Cv,1,1,Ing0304-1
CalAut1Cv,1,2,Ing0304-1
CosZonCv,0,2,Ing0304-1
CosZonCv,1,2,Ing0304-1
CosZonCv,2,2,Ing0304-1
ImpTec1Cv,4,4,Ing0304-1
IdrAppCv,0,2,Ing0304-1
IdrAppCv,0,4,Ing0304-1
IdrAppCv,2,2,Ing0304-1
IdrAppCv,4,4,Ing0304-1
CalEle1Ev,1,4,Ing0304-1
CalEle1Ev,2,4,Ing0304-1
CalEle1Ev,4,4,Ing0304-1
CamEle1Ev,0,0,Ing0304-1
CamEle1Ev,0,1,Ing0304-1
CamEle1Ev,0,2,Ing0304-1
CamEle1Ev,0,3,Ing0304-1
CamEle1Ev,4,1,Ing0304-1
CamEle1Ev,4,2,Ing0304-1
CamEle1Ev,4,3,Ing0304-1
CamEle1Ev,4,4,Ing0304-1
EleIndEv,3,3,Ing0304-1
EleIndEv,3,4,Ing0304-1
EleIndEv,4,0,Ing0304-1
EleIndEv,4,1,Ing0304-1
EleIndEv,4,2,Ing0304-1
EleIndEv,4,4,Ing0304-1
GesAziGv,4,0,Ing0304-1
GesAziGv,4,1,Ing0304-1
GesAziGv,4,2,Ing0304-1
GesAziGv,4,3,Ing0304-1
GesAziGv,4,4,Ing0304-1
ChiInd1Gv,0,0,Ing0304-1
ChiInd1Gv,0,1,Ing0304-1
ChiInd1Gv,4,1,Ing0304-1
ChiInd1Gv,4,2,Ing0304-1
ChiInd1Gv,4,3,Ing0304-1
ChiInd1Gv,4,4,Ing0304-1
OrgPro1Gv,0,0,Ing0304-1
OrgPro1Gv,0,1,Ing0304-1
OrgPro1Gv,0,2,Ing0304-1
OrgPro1Gv,0,3,Ing0304-1
OrgPro1Gv,0,4,Ing0304-1
OrgPro1Gv,4,2,Ing0304-1
OrgPro1Gv,4,4,Ing0304-1
Mac1Mv,0,2,Ing0304-1
Mac1Mv,1,2,Ing0304-1
Mac1Mv,2,2,Ing0304-1
Mac1Mv,3,2,Ing0304-1
Mac1Mv,4,2,Ing0304-1
TerAppMv,0,0,Ing0304-1
TerAppMv,0,1,Ing0304-1
TerAppMv,4,4,Ing0304-1
DisAssMv,0,0,Ing0304-1
nan,0,1,Ing0304-1
DisAssMv,0,2,Ing0304-1
DisAssMv,4,3,Ing0304-1
MecVibMn,0,2,Ing0304-1
MecVibMn,1,2,Ing0304-1
MecVibMn,2,2,Ing0304-1
MecVibMn,3,2,Ing0304-1
MecVibMn,4,2,Ing0304-1
c0012,0,0,Ing0405-3
c0012,0,1,Ing0405-3
c0012,0,2,Ing0405-3
c0012,0,3,Ing0405-3
c0013,0,0,Ing0405-3
c0013,0,2,Ing0405-3
c0013,1,2,Ing0405-3
c0013,2,0,Ing0405-3
c0013,2,2,Ing0405-3
c0013,3,2,Ing0405-3
c0013,4,2,Ing0405-3
c0014,3,0,Ing0405-3
c0014,3,2,Ing0405-3
c0014,3,3,Ing0405-3
c0014,3,4,Ing0405-3
c0014,4,0,Ing0405-3
c0014,4,1,Ing0405-3
c0014,4,2,Ing0405-3
c0014,4,4,Ing0405-3
c0045,0,4,Ing0405-3
c0045,1,0,Ing0405-3
c0045,1,4,Ing0405-3
c0045,2,0,Ing0405-3
c0045,3,0,Ing0405-3
c0045,4,1,Ing0405-3
c0052,0,0,Ing0405-3
c0052,0,2,Ing0405-3
c0052,1,0,Ing0405-3
c0052,1,2,Ing0405-3
c0052,1,3,Ing0405-3
c0052,1,4,Ing0405-3
c0053,2,2,Ing0405-3
c0053,2,4,Ing0405-3
c0053,3,0,Ing0405-3
c0053,3,1,Ing0405-3
c0053,3,2,Ing0405-3
c0053,3,3,Ing0405-3
c0053,3,4,Ing0405-3
c0057,0,0,Ing0405-3
c0057,0,4,Ing0405-3
c0057,2,0,Ing0405-3
c0057,3,0,Ing0405-3
c0057,4,0,Ing0405-3
c0057,4,4,Ing0405-3
c0060,0,2,Ing0405-3
c0060,0,3,Ing0405-3
c0060,1,2,Ing0405-3
c0060,1,3,Ing0405-3
c0060,4,1,Ing0405-3
c0060,4,2,Ing0405-3
c0060,4,4,Ing0405-3
c0094,0,2,Ing0405-3
c0094,1,2,Ing0405-3
c0094,2,2,Ing0405-3
c0094,4,2,Ing0405-3
c0094,4,3,Ing0405-3
c0094,4,4,Ing0405-3
c0107,0,2,Ing0405-3
c0107,0,4,Ing0405-3
c0107,3,3,Ing0405-3
c0107,4,2,Ing0405-3
c0107,4,3,Ing0405-3
c0107,4,4,Ing0405-3
c0112,3,0,Ing0405-3
c0112,3,1,Ing0405-3
c0112,3,3,Ing0405-3
c0112,4,0,Ing0405-3
c0112,4,1,Ing0405-3
c0112,4,4,Ing0405-3
c0114,1,0,Ing0405-3
c0114,2,0,Ing0405-3
c0114,3,0,Ing0405-3
c0114,3,2,Ing0405-3
nan,3,3,Ing0405-3
c0114,3,4,Ing0405-3
c0116,0,0,Ing0405-3
c0116,0,1,Ing0405-3
c0116,1,0,Ing0405-3
c0116,1,1,Ing0405-3
c0116,1,2,Ing0405-3
c0116,1,3,Ing0405-3
c0116,1,4,Ing0405-3
c0117,0,0,Ing0405-3
c0117,0,2,Ing0405-3
c0117,0,3,Ing0405-3
c0117,0,4,Ing0405-3
c0117,1,0,Ing0405-3
c0117,1,2,Ing0405-3
c0117,1,3,Ing0405-3
c0117,1,4,Ing0405-3
c0117,2,2,Ing0405-3
c0117,2,3,Ing0405-3
c0117,2,4,Ing0405-3
c0117,3,0,Ing0405-3
c0117,3,2,Ing0405-3
c0117,3,3,Ing0405-3
c0117,3,4,Ing0405-3
c0117,4,0,Ing0405-3
c0117,4,2,Ing0405-3
c0117,4,3,Ing0405-3
c0117,4,4,Ing0405-3
c0130,0,0,Ing0405-3
c0130,0,1,Ing0405-3
c0130,0,2,Ing0405-3
c0130,0,3,Ing0405-3
c0130,0,4,Ing0405-3
c0130,1,0,Ing0405-3
c0130,1,1,Ing0405-3
c0130,3,2,Ing0405-3
c0130,4,2,Ing0405-3
c0130,4,4,Ing0405-3
c0148,0,2,Ing0405-3
c0148,1,2,Ing0405-3
c0148,1,4,Ing0405-3
c0149,0,2,Ing0405-3
c0149,1,2,Ing0405-3
c0150,1,2,Ing0405-3
c0162,3,0,Ing0405-3
c0162,3,1,Ing0405-3
c0162,3,2,Ing0405-3
c0162,3,3,Ing0405-3
c0162,4,0,Ing0405-3
c0162,4,1,Ing0405-3
c0162,4,2,Ing0405-3
c0162,4,4,Ing0405-3
c0163,3,0,Ing0405-3
c0163,3,1,Ing0405-3
c0163,3,2,Ing0405-3
c0163,3,4,Ing0405-3
c0163,4,0,Ing0405-3
c0163,4,1,Ing0405-3
c0163,4,2,Ing0405-3
c0163,4,3,Ing0405-3
c0163,4,4,Ing0405-3
c0177,0,2,Ing0405-3
c0177,1,2,Ing0405-3
c0177,2,2,Ing0405-3
c0177,3,2,Ing0405-3
c0177,4,2,Ing0405-3
c0198,1,3,Ing0405-3
c0198,1,4,Ing0405-3
c0198,2,3,Ing0405-3
c0198,2,4,Ing0405-3
c0198,4,2,Ing0405-3
c0198,4,4,Ing0405-3
c0223,0,0,Ing0405-3
c0223,0,2,Ing0405-3
c0223,1,2,Ing0405-3
c0223,2,0,Ing0405-3
c0223,2,2,Ing0405-3
c0223,3,2,Ing0405-3
c0223,4,0,Ing0405-3
c0223,4,2,Ing0405-3
c0224,2,4,Ing0405-3
c0224,3,4,Ing0405-3
c0224,4,0,Ing0405-3
c0224,4,1,Ing0405-3
c0224,4,2,Ing0405-3
c0224,4,3,Ing0405-3
c0224,4,4,Ing0405-3
c0227,0,1,Ing0405-3
c0227,0,3,Ing0405-3
c0227,4,1,Ing0405-3
nan,4,2,Ing0405-3
c0227,4,3,Ing0405-3
c0227,4,4,Ing0405-3
c0254,0,0,Ing0405-3
c0254,0,1,Ing0405-3
c0254,0,4,Ing0405-3
c0254,4,0,Ing0405-3
c0254,4,2,Ing0405-3
c0254,4,3,Ing0405-3
c0254,4,4,Ing0405-3
c0441,0,4,Ing0405-3
c0441,1,4,Ing0405-3
c0441,2,2,Ing0405-3
c0441,2,4,Ing0405-3
c0441,3,1,Ing0405-3
c0441,3,4,Ing0405-3
c0441,4,4,Ing0405-3
c0456,0,0,Ing0405-3
c0456,0,1,Ing0405-3
c0456,0,2,Ing0405-3
c0456,0,4,Ing0405-3
c0456,4,0,Ing0405-3
c0456,4,1,Ing0405-3
c0456,4,2,Ing0405-3
c0456,4,3,Ing0405-3
c0456,4,4,Ing0405-3
c0457,3,2,Ing0405-3
c0457,3,3,Ing0405-3
c0457,3,4,Ing0405-3
c0457,4,1,Ing0405-3
c0457,4,2,Ing0405-3
c0486,0,0,Ing0405-3
c0486,0,1,Ing0405-3
c0486,0,3,Ing0405-3
c0486,0,4,Ing0405-3
c0486,3,0,Ing0405-3
c0486,3,1,Ing0405-3
c0486,3,2,Ing0405-3
c0486,3,3,Ing0405-3
c0486,3,4,Ing0405-3
c0486,4,0,Ing0405-3
c0486,4,1,Ing0405-3
c0486,4,2,Ing0405-3
c0486,4,3,Ing0405-3
c0486,4,4,Ing0405-3
c0498,0,3,Ing0405-3
c0498,0,4,Ing0405-3
c0498,1,3,Ing0405-3
c0498,1,4,Ing0405-3
c0498,2,3,Ing0405-3
c0498,2,4,Ing0405-3
c0498,3,3,Ing0405-3
c0498,4,3,Ing0405-3
c0501,0,0,Ing0405-3
c0501,0,1,Ing0405-3
c0501,0,2,Ing0405-3
c0501,0,3,Ing0405-3
nan,0,4,Ing0405-3
c0501,1,0,Ing0405-3
c0501,4,1,Ing0405-3
c0501,4,2,Ing0405-3
c0501,4,3,Ing0405-3
c0501,4,4,Ing0405-3
c0506,0,0,Ing0405-3
c0506,0,1,Ing0405-3
nan,0,2,Ing0405-3
c0506,0,3,Ing0405-3
c0506,0,4,Ing0405-3
c0506,1,0,Ing0405-3
c0506,1,1,Ing0405-3
c0506,1,2,Ing0405-3
c0506,1,3,Ing0405-3
c0506,1,4,Ing0405-3
c0506,4,3,Ing0405-3
c0506,4,4,Ing0405-3
c0510,0,0,Ing0405-3
c0510,0,1,Ing0405-3
c0510,0,2,Ing0405-3
c0510,4,3,Ing0405-3
c0510,4,4,Ing0405-3
c0527,0,0,Ing0405-3
c0527,0,2,Ing0405-3
c0527,0,3,Ing0405-3
c0527,0,4,Ing0405-3
c0527,4,2,Ing0405-3
c0527,4,3,Ing0405-3
c0527,4,4,Ing0405-3
c0745,0,0,Ing0405-3
nan,1,0,Ing0405-3
c0745,2,0,Ing0405-3
c0745,3,0,Ing0405-3
c0773,2,0,Ing0405-3
c0773,2,1,Ing0405-3
c0773,2,3,Ing0405-3
c0773,2,4,Ing0405-3
c0773,3,0,Ing0405-3
c0773,3,1,Ing0405-3
c0773,3,2,Ing0405-3
c0773,3,3,Ing0405-3
c0773,3,4,Ing0405-3
c0773,4,0,Ing0405-3
c0773,4,1,Ing0405-3
c0773,4,2,Ing0405-3
c0773,4,4,Ing0405-3
c0814,0,3,Ing0405-3
c0814,0,4,Ing0405-3
c0814,1,3,Ing0405-3
c0814,1,4,Ing0405-3
c0814,2,4,Ing0405-3
c0814,3,3,Ing0405-3
c0814,3,4,Ing0405-3
c0899,1,3,Ing0405-3
c0899,1,4,Ing0405-3
c0899,2,3,Ing0405-3
c0899,2,4,Ing0405-3
c0899,3,0,Ing0405-3
c0899,3,1,Ing0405-3
c0899,3,2,Ing0405-3
c0901,3,2,Ing0405-3
c0901,4,2,Ing0405-3
c0901,4,4,Ing0405-3
c0991,0,0,Ing0405-3
c0991,1,2,Ing0405-3
c0991,2,0,Ing0405-3
c0991,2,2,Ing0405-3
c0991,4,0,Ing0405-3
c0991,4,2,Ing0405-3
c1007,0,2,Ing0405-3
c1007,1,2,Ing0405-3
c1007,1,3,Ing0405-3
c1007,2,2,Ing0405-3
c1007,2,3,Ing0405-3
c1007,3,2,Ing0405-3
c1007,3,3,Ing0405-3
c1007,4,2,Ing0405-3
c1041,1,0,Ing0405-3
c1041,1,1,Ing0405-3
c1041,1,2,Ing0405-3
c1041,1,3,Ing0405-3
c1041,1,4,Ing0405-3
c1041,3,1,Ing0405-3
c1041,3,2,Ing0405-3
c1041,3,3,Ing0405-3
c1041,4,0,Ing0405-3
c1041,4,3,Ing0405-3
c1041,4,4,Ing0405-3
c0741,2,3,Ing0405-3
nan,2,4,Ing0405-3
c0741,3,0,Ing0405-3
c0741,3,1,Ing0405-3
c0741,3,2,Ing0405-3
c0741,3,3,Ing0405-3
c0741,3,4,Ing0405-3
c0741,4,4,Ing0405-3
c0196,4,0,Ing0405-3
c0196,4,1,Ing0405-3
c0196,4,2,Ing0405-3
c0196,4,3,Ing0405-3
c0196,4,4,Ing0405-3
c0798,0,2,Ing0405-3
c0798,1,2,Ing0405-3
c0798,2,0,Ing0405-3
c0798,2,1,Ing0405-3
c0798,2,3,Ing0405-3
c0798,2,4,Ing0405-3
c0798,3,2,Ing0405-3
c0798,4,2,Ing0405-3
LetIta1,0,2,Let0405-1
LetIta1,0,5,Let0405-1
LetIta1,1,5,Let0405-1
LetIta1,2,3,Let0405-1
LetIta1,2,5,Let0405-1
LetIta1,3,0,Let0405-1
nan,3,1,Let0405-1
LetIta1,3,2,Let0405-1
LetIta1,3,3,Let0405-1
LetIta1,3,4,Let0405-1
LetIta1,3,5,Let0405-1
LetIta1,4,0,Let0405-1
LetIta1,4,1,Let0405-1
LetIta1,4,2,Let0405-1
LetIta1,4,3,Let0405-1
LetIta1,4,4,Let0405-1
LetIta1,4,5,Let0405-1
FilTesItaCS,0,0,Let0405-1
FilTesItaCS,0,1,Let0405-1
nan,0,4,Let0405-1
FilTesItaCS,1,0,Let0405-1
FilTesItaCS,1,5,Let0405-1
FilTesItaCS,2,0,Let0405-1
FilTesItaCS,2,5,Let0405-1
FilTesItaCS,3,0,Let0405-1
FilTesItaCS,3,5,Let0405-1
FilTesItaCS,4,0,Let0405-1
FilTesItaCS,4,5,Let0405-1
LinGreA,0,0,Let0405-1
LinGreA,1,0,Let0405-1
LinGreA,2,0,Let0405-1
LinGreA,3,0,Let0405-1
LinLatA,0,0,Let0405-1
LinLatA,1,0,Let0405-1
LinLatA,2,1,Let0405-1
LinLatA,3,1,Let0405-1
LinLatA,4,0,Let0405-1
LinLetLat1,0,2,Let0405-1
LinLetLat1,2,4,Let0405-1
LinLetLat1,2,5,Let0405-1
LinLetLat1,3,0,Let0405-1
LinLetLat1,3,1,Let0405-1
LinLetLat1,3,2,Let0405-1
LinLetLat1,3,3,Let0405-1
LinLetLat1,3,4,Let0405-1
LinLetLat1,3,5,Let0405-1
LinLetLat1,4,0,Let0405-1
LinLetLat1,4,1,Let0405-1
LinLetLat1,4,2,Let0405-1
LinLetLat1,4,3,Let0405-1
LinLetLat1,4,4,Let0405-1
LinLetLat1,4,5,Let0405-1
LetCriAnt,1,0,Let0405-1
LetCriAnt,2,0,Let0405-1
LetCriAnt,3,0,Let0405-1
LetCriAnt,4,2,Let0405-1
EpiGre,0,0,Let0405-1
EpiGre,0,5,Let0405-1
EpiGre,1,0,Let0405-1
EpiGre,2,0,Let0405-1
EpiGre,2,5,Let0405-1
EpiGre,3,0,Let0405-1
EpiGre,3,5,Let0405-1
EpiGre,4,0,Let0405-1
EpiGre,4,5,Let0405-1
StoMod1,0,0,Let0405-1
StoMod1,0,1,Let0405-1
nan,0,2,Let0405-1
StoMod1,2,4,Let0405-1
StoMod1,3,0,Let0405-1
StoMod1,3,1,Let0405-1
StoMod1,3,3,Let0405-1
StoMod1,3,4,Let0405-1
StoMod1,3,5,Let0405-1
StoMod1,4,0,Let0405-1
StoMod1,4,1,Let0405-1
StoMod1,4,2,Let0405-1
StoMod1,4,3,Let0405-1
StoMod1,4,4,Let0405-1
StoCon,0,0,Let0405-1
StoCon,0,1,Let0405-1
StoCon,0,2,Let0405-1
StoCon,2,3,Let0405-1
StoCon,2,5,Let0405-1
StoCon,3,0,Let0405-1
StoCon,3,2,Let0405-1
StoCon,3,3,Let0405-1
StoCon,3,4,Let0405-1
StoCon,4,0,Let0405-1
StoCon,4,1,Let0405-1
StoCon,4,2,Let0405-1
StoCon,4,3,Let0405-1
StoCon,4,4,Let0405-1
StoCon,4,5,Let0405-1
StoFil1,0,1,Let0405-1
StoFil1,0,2,Let0405-1
StoFil1,4,3,Let0405-1
StoFil1,4,4,Let0405-1
StoFil1,4,5,Let0405-1
StoSci,0,1,Let0405-1
StoSci,0,2,Let0405-1
StoSci,2,3,Let0405-1
StoSci,2,4,Let0405-1
StoSci,2,5,Let0405-1
LinLatB,0,0,Let0405-1
LinLatB,0,1,Let0405-1
LinLatB,0,2,Let0405-1
LinLatB,0,3,Let0405-1
LinLatB,0,4,Let0405-1
LinLatB,1,3,Let0405-1
LinLatB,1,4,Let0405-1
LinLatB,1,5,Let0405-1
LinLatB,2,1,Let0405-1
LinLatB,2,2,Let0405-1
LinLatB,2,3,Let0405-1
nan,2,4,Let0405-1
LinLatB,3,3,Let0405-1
LinLatB,3,4,Let0405-1
LinLatB,4,0,Let0405-1
LinLatB,4,1,Let0405-1
LinLatB,4,3,Let0405-1
LinLatB,4,4,Let0405-1
LinLatB,4,5,Let0405-1
Numism,0,0,Let0405-1
Numism,0,5,Let0405-1
Numism,1,0,Let0405-1
Numism,1,5,Let0405-1
Numism,2,0,Let0405-1
Numism,2,5,Let0405-1
Numism,3,0,Let0405-1
Numism,3,1,Let0405-1
Numism,3,5,Let0405-1
Numism,4,0,Let0405-1
Numism,4,5,Let0405-1
PrePro,0,3,Let0405-1
PrePro,0,4,Let0405-1
PrePro,0,5,Let0405-1
PrePro,1,4,Let0405-1
PrePro,1,5,Let0405-1
PrePro,2,5,Let0405-1
PrePro,4,5,Let0405-1
ArcEge,0,4,Let0405-1
ArcEge,1,4,Let0405-1
ArcEge,1,5,Let0405-1
ArcEge,2,5,Let0405-1
ArcEge,3,5,Let0405-1
ArcEge,4,3,Let0405-1
ArcEge,4,4,Let0405-1
ArcEge,4,5,Let0405-1
Bibeco,0,0,Let0405-1
Bibeco,0,1,Let0405-1
Bibeco,0,2,Let0405-1
Bibeco,1,0,Let0405-1
Bibeco,1,1,Let0405-1
Bibeco,1,2,Let0405-1
Bibeco,2,0,Let0405-1
Bibeco,2,2,Let0405-1
Bibeco,3,1,Let0405-1
Bibeco,3,2,Let0405-1
Bibeco,4,1,Let0405-1
Bibeco,4,2,Let0405-1
ConBenArcLib,1,0,Let0405-1
ConBenArcLib,1,1,Let0405-1
ConBenArcLib,1,3,Let0405-1
ConBenArcLib,1,4,Let0405-1
ConBenArcLib,1,5,Let0405-1
ConBenArcLib,4,3,Let0405-1
ConBenArcLib,4,4,Let0405-1
ConBenArcLib,4,5,Let0405-1
ResBenArcLib,0,0,Let0405-1
ResBenArcLib,0,1,Let0405-1
ResBenArcLib,0,2,Let0405-1
ResBenArcLib,0,4,Let0405-1
ResBenArcLib,1,1,Let0405-1
ResBenArcLib,1,2,Let0405-1
ResBenArcLib,1,3,Let0405-1
ResBenArcLib,1,4,Let0405-1
ResBenArcLib,1,5,Let0405-1
ResBenArcLib,4,3,Let0405-1
ResBenArcLib,4,4,Let0405-1
ResBenArcLib,4,5,Let0405-1
TeoTecCatCla,0,1,Let0405-1
TeoTecCatCla,0,2,Let0405-1
TeoTecCatCla,1,0,Let0405-1
TeoTecCatCla,1,1,Let0405-1
TeoTecCatCla,1,2,Let0405-1
TeoTecCatCla,2,1,Let0405-1
TeoTecCatCla,3,0,Let0405-1
TeoTecCatCla,3,1,Let0405-1
TeoTecCatCla,4,0,Let0405-1
TeoTecCatCla,4,1,Let0405-1
TeoTecCatCla,4,2,Let0405-1
StoArtMed1,0,0,Let0405-1
StoArtMed1,0,1,Let0405-1
StoArtMed1,0,2,Let0405-1
StoArtMed1,0,3,Let0405-1
StoArtMed1,0,5,Let0405-1
StoArtMed1,1,0,Let0405-1
StoArtMed1,1,1,Let0405-1
StoArtMed1,1,3,Let0405-1
StoArtMed1,1,4,Let0405-1
nan,1,5,Let0405-1
StoArtMed1,2,0,Let0405-1
StoArtMed1,2,1,Let0405-1
StoArtMed1,2,2,Let0405-1
StoArtMed1,2,3,Let0405-1
StoArtMed1,2,4,Let0405-1
StoArtMed1,2,5,Let0405-1
StoArtMed1,3,0,Let0405-1
StoArtMed1,3,1,Let0405-1
StoArtMed1,3,2,Let0405-1
IcoIcoA,3,0,Let0405-1
IcoIcoA,3,1,Let0405-1
IcoIcoA,3,2,Let0405-1
IcoIcoA,3,3,Let0405-1
IcoIcoA,3,4,Let0405-1
IcoIcoA,3,5,Let0405-1
IcoIcoA,4,0,Let0405-1
IcoIcoA,4,1,Let0405-1
IcoIcoA,4,2,Let0405-1
IcoIcoA,4,3,Let0405-1
IcoIcoA,4,4,Let0405-1
IcoIcoA,4,5,Let0405-1
StoArtMod1,0,0,Let0405-1
StoArtMod1,0,1,Let0405-1
StoArtMod1,0,2,Let0405-1
StoArtMod1,2,3,Let0405-1
StoArtMod1,2,4,Let0405-1
StoArtMod1,2,5,Let0405-1
StoArtMod1,3,0,Let0405-1
StoArtMod1,3,1,Let0405-1
StoArtMod1,3,3,Let0405-1
StoArtMod1,4,0,Let0405-1
StoArtMod1,4,1,Let0405-1
StoArtMod1,4,2,Let0405-1
StoArtMod1,4,3,Let0405-1
StoArtMod1,4,4,Let0405-1
nan,4,5,Let0405-1
MetRicStoArt,0,0,Let0405-1
MetRicStoArt,2,0,Let0405-1
MetRicStoArt,3,0,Let0405-1
MetRicStoArt,4,0,Let0405-1
StoArtLatAmeA,2,3,Let0405-1
StoArtLatAmeA,2,4,Let0405-1
StoArtLatAmeA,2,5,Let0405-1
StoArtLatAmeA,3,0,Let0405-1
StoArtLatAmeA,3,1,Let0405-1
StoArtLatAmeA,3,2,Let0405-1
StoArtLatAmeA,3,3,Let0405-1
StoArtLatAmeA,3,5,Let0405-1
StoArtLatAmeA,4,0,Let0405-1
StoArtLatAmeA,4,3,Let0405-1
StoArtLatAmeA,4,4,Let0405-1
StoArtLatAmeA,4,5,Let0405-1
StoArtCon1,0,0,Let0405-1
StoArtCon1,0,1,Let0405-1
StoArtCon1,0,3,Let0405-1
StoArtCon1,0,4,Let0405-1
StoArtCon1,0,5,Let0405-1
StoArtCon1,1,0,Let0405-1
StoArtCon1,1,2,Let0405-1
StoArtCon1,1,3,Let0405-1
StoArtCon1,1,4,Let0405-1
StoArtCon1,1,5,Let0405-1
StoArtCon1,2,1,Let0405-1
StoArtCon1,4,3,Let0405-1
StoArtCon1,4,4,Let0405-1
StoArtCon1,4,5,Let0405-1
PsiArt,0,0,Let0405-1
PsiArt,0,1,Let0405-1
PsiArt,0,3,Let0405-1
PsiArt,0,4,Let0405-1
PsiArt,0,5,Let0405-1
PsiArt,1,0,Let0405-1
PsiArt,2,0,Let0405-1
ArcPae,1,3,Let0405-1
ArcPae,1,4,Let0405-1
ArcPae,1,5,Let0405-1
ArcPae,2,3,Let0405-1
ArcPae,2,4,Let0405-1
ArcPae,2,5,Let0405-1
StoGreCS,0,5,Let0405-1
StoGreCS,1,3,Let0405-1
StoGreCS,1,4,Let0405-1
StoGreCS,1,5,Let0405-1
StoGreCS,2,3,Let0405-1
StoGreCS,2,4,Let0405-1
StoGreCS,2,5,Let0405-1
StoGreCS,3,0,Let0405-1
StoGreCS,3,1,Let0405-1
StoGreCS,3,2,Let0405-1
StoGreCS,3,3,Let0405-1
StoGreCS,3,4,Let0405-1
StoGreCS,3,5,Let0405-1
StoGreCS,4,0,Let0405-1
StoGreCS,4,1,Let0405-1
StoGreCS,4,2,Let0405-1
StoGreCS,4,3,Let0405-1
StoGreCS,4,4,Let0405-1
StoGreCS,4,5,Let0405-1
StoMedCS,0,0,Let0405-1
StoMedCS,0,1,Let0405-1
StoMedCS,0,3,Let0405-1
StoMedCS,0,4,Let0405-1
StoMedCS,0,5,Let0405-1
StoMedCS,1,0,Let0405-1
StoMedCS,1,1,Let0405-1
StoMedCS,1,3,Let0405-1
StoMedCS,1,4,Let0405-1
StoMedCS,1,5,Let0405-1
StoMedCS,2,0,Let0405-1
StoMedCS,2,1,Let0405-1
StoMedCS,2,2,Let0405-1
StoMedCS,2,3,Let0405-1
nan,2,5,Let0405-1
StoMedCS,4,5,Let0405-1
BioArcCS,0,0,Let0405-1
BioArcCS,0,1,Let0405-1
BioArcCS,0,2,Let0405-1
BioArcCS,0,3,Let0405-1
BioArcCS,2,3,Let0405-1
BioArcCS,2,4,Let0405-1
BioArcCS,3,0,Let0405-1
BioArcCS,3,1,Let0405-1
BioArcCS,3,2,Let0405-1
BioArcCS,3,3,Let0405-1
BioArcCS,3,4,Let0405-1
BioArcCS,4,0,Let0405-1
BioArcCS,4,1,Let0405-1
BioArcCS,4,2,Let0405-1
BioArcCS,4,3,Let0405-1
BioArcCS,4,4,Let0405-1
BioArcCS,4,5,Let0405-1
Antrop,0,0,Let0405-1
Antrop,0,1,Let0405-1
Antrop,0,2,Let0405-1
Antrop,2,3,Let0405-1
Antrop,2,4,Let0405-1
Antrop,2,5,Let0405-1
Antrop,3,0,Let0405-1
Antrop,3,2,Let0405-1
Antrop,3,3,Let0405-1
Antrop,3,4,Let0405-1
Antrop,4,0,Let0405-1
Antrop,4,1,Let0405-1
Antrop,4,2,Let0405-1
nan,4,3,Let0405-1
Antrop,4,5,Let0405-1
StoArtMed2CS,0,1,Let0405-1
StoArtMed2CS,0,3,Let0405-1
StoArtMed2CS,0,5,Let0405-1
StoArtMed2CS,1,0,Let0405-1
StoArtMed2CS,1,1,Let0405-1
StoArtMed2CS,1,2,Let0405-1
StoArtMed2CS,1,4,Let0405-1
StoArtMed2CS,1,5,Let0405-1
StoArtMed2CS,2,0,Let0405-1
StoArtMed2CS,2,1,Let0405-1
StoArtMed2CS,2,2,Let0405-1
StoArtMed2CS,2,3,Let0405-1
StoArtMed2CS,2,5,Let0405-1
StoArtMed2CS,3,0,Let0405-1
StoArtMed2CS,3,1,Let0405-1
StoArtMed2CS,3,2,Let0405-1
ChiAppBenCul,0,5,Let0405-1
ChiAppBenCul,1,5,Let0405-1
ChiAppBenCul,2,5,Let0405-1
ChiAppBenCul,3,5,Let0405-1
ChiAppBenCul,4,3,Let0405-1
ChiAppBenCul,4,4,Let0405-1
ChiAppBenCul,4,5,Let0405-1
StoArt,0,0,Let0405-1
StoArt,3,0,Let0405-1
StoArt,3,1,Let0405-1
StoArt,3,2,Let0405-1
StoArt,3,3,Let0405-1
StoArt,3,4,Let0405-1
StoArt,3,5,Let0405-1
StoArt,4,0,Let0405-1
StoArt,4,1,Let0405-1
StoArt,4,2,Let0405-1
StoArt,4,3,Let0405-1
StoArt,4,5,Let0405-1
Bibgra,0,0,Let0405-1
Bibgra,0,1,Let0405-1
Bibgra,0,2,Let0405-1
Bibgra,1,0,Let0405-1
Bibgra,1,1,Let0405-1
Bibgra,1,2,Let0405-1
Bibgra,1,3,Let0405-1
Bibgra,2,0,Let0405-1
Bibgra,2,1,Let0405-1
Bibgra,2,2,Let0405-1
Bibgra,2,3,Let0405-1
Bibgra,3,0,Let0405-1
Bibgra,3,1,Let0405-1
Bibgra,3,2,Let0405-1
nan,3,3,Let0405-1
Bibgra,3,4,Let0405-1
Bibgra,3,5,Let0405-1
Bibgra,4,1,Let0405-1
Bibgra,4,2,Let0405-1
Bibgra,4,4,Let0405-1
Bibgra,4,5,Let0405-1
BibgraCS,0,1,Let0405-1
BibgraCS,0,2,Let0405-1
BibgraCS,0,3,Let0405-1
BibgraCS,1,1,Let0405-1
BibgraCS,1,2,Let0405-1
BibgraCS,1,3,Let0405-1
BibgraCS,2,1,Let0405-1
BibgraCS,2,2,Let0405-1
BibgraCS,2,3,Let0405-1
BibgraCS,3,2,Let0405-1
BibgraCS,3,4,Let0405-1
BibgraCS,3,5,Let0405-1
BibgraCS,4,0,Let0405-1
BibgraCS,4,1,Let0405-1
BibgraCS,4,2,Let0405-1
BibgraCS,4,3,Let0405-1
BibgraCS,4,4,Let0405-1
c0006,0,0,Ing0506-1
c0006,1,0,Ing0506-1
c0006,2,0,Ing0506-1
c0006,2,1,Ing0506-1
c0006,2,2,Ing0506-1
c0006,2,3,Ing0506-1
c0006,2,4,Ing0506-1
c0006,3,0,Ing0506-1
c0006,4,0,Ing0506-1
c0006,4,4,Ing0506-1
c0018,0,0,Ing0506-1
c0018,0,3,Ing0506-1
c0018,4,2,Ing0506-1
c0018,4,3,Ing0506-1
c0018,4,4,Ing0506-1
c0026,0,2,Ing0506-1
c0026,1,2,Ing0506-1
c0026,2,2,Ing0506-1
c0026,3,2,Ing0506-1
c0026,4,2,Ing0506-1
c0046,0,2,Ing0506-1
c0046,1,0,Ing0506-1
c0046,1,3,Ing0506-1
c0046,1,4,Ing0506-1
nan,2,2,Ing0506-1
c0046,3,2,Ing0506-1
c0046,4,2,Ing0506-1
c0050,2,0,Ing0506-1
c0050,2,2,Ing0506-1
c0050,2,3,Ing0506-1
c0050,2,4,Ing0506-1
c0050,3,1,Ing0506-1
c0050,3,2,Ing0506-1
c0050,3,3,Ing0506-1
c0050,3,4,Ing0506-1
c0050,4,0,Ing0506-1
c0059,0,0,Ing0506-1
c0059,2,0,Ing0506-1
c0059,3,0,Ing0506-1
c0059,3,1,Ing0506-1
c0059,3,2,Ing0506-1
c0059,3,3,Ing0506-1
c0059,3,4,Ing0506-1
c0059,4,0,Ing0506-1
c0064,0,0,Ing0506-1
c0064,0,1,Ing0506-1
c0064,0,2,Ing0506-1
c0064,0,3,Ing0506-1
c0064,4,0,Ing0506-1
c0064,4,3,Ing0506-1
c0064,4,4,Ing0506-1
c0073,0,0,Ing0506-1
c0073,0,1,Ing0506-1
c0073,0,2,Ing0506-1
c0073,0,4,Ing0506-1
c0073,4,0,Ing0506-1
c0073,4,1,Ing0506-1
c0073,4,2,Ing0506-1
c0073,4,4,Ing0506-1
c0085,0,0,Ing0506-1
c0091,0,0,Ing0506-1
c0091,0,4,Ing0506-1
c0091,1,4,Ing0506-1
c0091,2,4,Ing0506-1
c0091,3,4,Ing0506-1
c0097,0,0,Ing0506-1
c0097,0,1,Ing0506-1
c0097,0,3,Ing0506-1
c0097,0,4,Ing0506-1
c0097,1,0,Ing0506-1
c0097,1,1,Ing0506-1
c0097,4,0,Ing0506-1
c0097,4,1,Ing0506-1
c0097,4,2,Ing0506-1
c0097,4,4,Ing0506-1
c0099,1,0,Ing0506-1
c0099,1,2,Ing0506-1
c0099,1,3,Ing0506-1
c0099,1,4,Ing0506-1
c0099,2,3,Ing0506-1
c0099,3,3,Ing0506-1
c0099,3,4,Ing0506-1
c0105,0,0,Ing0506-1
c0105,0,1,Ing0506-1
c0105,0,2,Ing0506-1
c0105,3,1,Ing0506-1
c0105,3,2,Ing0506-1
c0105,3,4,Ing0506-1
c0105,4,0,Ing0506-1
c0105,4,1,Ing0506-1
c0105,4,2,Ing0506-1
c0105,4,3,Ing0506-1
c0105,4,4,Ing0506-1
c0128,0,2,Ing0506-1
c0128,1,2,Ing0506-1
c0128,1,4,Ing0506-1
c0128,2,4,Ing0506-1
c0128,3,2,Ing0506-1
c0128,4,2,Ing0506-1
c0128,4,4,Ing0506-1
c0137,0,0,Ing0506-1
c0137,0,1,Ing0506-1
c0137,0,2,Ing0506-1
c0137,4,0,Ing0506-1
c0137,4,1,Ing0506-1
c0137,4,2,Ing0506-1
c0137,4,3,Ing0506-1
c0137,4,4,Ing0506-1
c0142,1,2,Ing0506-1
c0154,0,3,Ing0506-1
c0154,0,4,Ing0506-1
c0154,1,4,Ing0506-1
c0154,2,4,Ing0506-1
c0154,3,2,Ing0506-1
c0154,3,4,Ing0506-1
c0154,4,4,Ing0506-1
c0180,0,1,Ing0506-1
c0180,0,2,Ing0506-1
c0180,0,4,Ing0506-1
c0180,1,0,Ing0506-1
c0180,2,0,Ing0506-1
c0180,4,0,Ing0506-1
c0180,4,1,Ing0506-1
c0180,4,2,Ing0506-1
c0180,4,3,Ing0506-1
c0180,4,4,Ing0506-1
c0184,3,2,Ing0506-1
c0184,3,3,Ing0506-1
c0184,3,4,Ing0506-1
c0184,4,0,Ing0506-1
c0184,4,2,Ing0506-1
c0184,4,3,Ing0506-1
c0184,4,4,Ing0506-1
c0185,1,2,Ing0506-1
c0185,1,3,Ing0506-1
c0185,1,4,Ing0506-1
c0185,4,0,Ing0506-1
c0185,4,1,Ing0506-1
c0185,4,2,Ing0506-1
c0185,4,4,Ing0506-1
c0600,0,0,Ing0506-1
c0600,0,4,Ing0506-1
c0600,1,0,Ing0506-1
c0600,2,0,Ing0506-1
c0600,3,0,Ing0506-1
c0600,3,4,Ing0506-1
c0600,4,0,Ing0506-1
c0724,0,0,Ing0506-1
c0724,2,0,Ing0506-1
c0724,3,0,Ing0506-1
c0724,4,0,Ing0506-1
c0724,4,4,Ing0506-1
c0806,0,4,Ing0506-1
c0806,1,4,Ing0506-1
c0806,2,4,Ing0506-1
c0806,3,4,Ing0506-1
c0806,4,3,Ing0506-1
c0806,4,4,Ing0506-1
c0816,0,0,Ing0506-1
c0816,0,1,Ing0506-1
c0816,0,2,Ing0506-1
c0816,0,3,Ing0506-1
c0816,0,4,Ing0506-1
c0820,0,0,Ing0506-1
c0820,0,1,Ing0506-1
c0820,0,2,Ing0506-1
c0820,0,3,Ing0506-1
c0199,3,2,Ing0506-1
c0199,3,3,Ing0506-1
c0199,3,4,Ing0506-1
c0199,4,0,Ing0506-1
c0199,4,1,Ing0506-1
c0199,4,2,Ing0506-1
c0199,4,3,Ing0506-1
c0199,4,4,Ing0506-1
c0200,0,1,Ing0506-1
c0200,0,2,Ing0506-1
c0200,1,1,Ing0506-1
c0200,2,1,Ing0506-1
c0200,3,2,Ing0506-1
c0200,4,2,Ing0506-1
c0202,3,1,Ing0506-1
c0202,3,2,Ing0506-1
c0202,3,3,Ing0506-1
c0202,3,4,Ing0506-1
c0202,4,0,Ing0506-1
c0202,4,1,Ing0506-1
c0202,4,4,Ing0506-1
c0212,0,4,Ing0506-1
c0212,1,4,Ing0506-1
c0212,2,4,Ing0506-1
c0212,3,4,Ing0506-1
c0212,4,3,Ing0506-1
c0212,4,4,Ing0506-1
c0228,0,0,Ing0506-1
c0228,1,0,Ing0506-1
c0228,1,1,Ing0506-1
c0228,1,4,Ing0506-1
c0228,2,0,Ing0506-1
c0228,2,1,Ing0506-1
c0228,2,3,Ing0506-1
c0228,3,0,Ing0506-1
c0228,3,1,Ing0506-1
c0228,3,3,Ing0506-1
c0228,3,4,Ing0506-1
c0228,4,0,Ing0506-1
c0228,4,1,Ing0506-1
c0228,4,3,Ing0506-1
c0228,4,4,Ing0506-1
c0231,0,0,Ing0506-1
c0231,0,2,Ing0506-1
c0231,1,2,Ing0506-1
c0231,2,2,Ing0506-1
c0231,3,2,Ing0506-1
c0231,4,0,Ing0506-1
c0231,4,2,Ing0506-1
c0261,2,2,Ing0506-1
c0261,2,3,Ing0506-1
c0261,2,4,Ing0506-1
c0261,3,0,Ing0506-1
c0261,3,1,Ing0506-1
c0261,3,2,Ing0506-1
c0261,3,3,Ing0506-1
c0261,3,4,Ing0506-1
c0281,0,4,Ing0506-1
c0281,1,4,Ing0506-1
c0281,2,4,Ing0506-1
c0281,3,4,Ing0506-1
c0281,4,4,Ing0506-1
c0427,1,4,Ing0506-1
c0427,2,4,Ing0506-1
c0427,3,4,Ing0506-1
c0427,4,1,Ing0506-1
c0427,4,3,Ing0506-1
c0427,4,4,Ing0506-1
c0429,0,0,Ing0506-1
c0429,0,4,Ing0506-1
c0429,1,4,Ing0506-1
c0429,2,4,Ing0506-1
c0429,3,4,Ing0506-1
c0429,4,2,Ing0506-1
c0429,4,3,Ing0506-1
c0429,4,4,Ing0506-1
c0433,0,0,Ing0506-1
c0433,0,2,Ing0506-1
c0433,4,0,Ing0506-1
c0433,4,1,Ing0506-1
c0433,4,2,Ing0506-1
c0433,4,3,Ing0506-1
c0433,4,4,Ing0506-1
c0440,0,0,Ing0506-1
c0440,0,1,Ing0506-1
c0440,0,3,Ing0506-1
c0440,0,4,Ing0506-1
c0440,1,1,Ing0506-1
c0440,1,2,Ing0506-1
c0442,0,0,Ing0506-1
c0442,0,1,Ing0506-1
c0442,0,3,Ing0506-1
c0442,4,2,Ing0506-1
c0442,4,3,Ing0506-1
c1009,0,2,Ing0506-1
c1009,0,3,Ing0506-1
c1009,0,4,Ing0506-1
c1009,2,2,Ing0506-1
c1009,2,3,Ing0506-1
c1020,0,0,Ing0506-1
c1020,0,1,Ing0506-1
c1020,0,2,Ing0506-1
c1020,0,4,Ing0506-1
c1020,4,1,Ing0506-1
c1020,4,2,Ing0506-1
c1020,4,3,Ing0506-1
c1020,4,4,Ing0506-1
c1023,0,0,Ing0506-1
c1023,0,1,Ing0506-1
c1023,0,2,Ing0506-1
c1023,0,4,Ing0506-1
c1023,1,0,Ing0506-1
c1023,1,1,Ing0506-1
c1023,1,2,Ing0506-1
c1023,2,0,Ing0506-1
c1023,2,1,Ing0506-1
c1023,2,2,Ing0506-1
c1023,2,4,Ing0506-1
c1023,3,0,Ing0506-1
c1023,3,1,Ing0506-1
c1023,3,2,Ing0506-1
c1023,3,4,Ing0506-1
c1023,4,0,Ing0506-1
c1023,4,1,Ing0506-1
c1023,4,2,Ing0506-1
c1023,4,4,Ing0506-1
c1028,0,0,Ing0506-1
c1028,0,1,Ing0506-1
c1028,0,2,Ing0506-1
c1028,0,4,Ing0506-1
c1028,1,0,Ing0506-1
c1028,1,1,Ing0506-1
c1028,1,2,Ing0506-1
c1028,1,4,Ing0506-1
c1028,2,0,Ing0506-1
c1028,2,1,Ing0506-1
c1028,2,2,Ing0506-1
c1028,2,4,Ing0506-1
c1028,3,0,Ing0506-1
c1028,3,1,Ing0506-1
c1028,3,2,Ing0506-1
c1028,3,4,Ing0506-1
c1028,4,1,Ing0506-1
c1028,4,2,Ing0506-1
c1028,4,4,Ing0506-1
c1031,0,0,Ing0506-1
nan,1,0,Ing0506-1
c1031,3,0,Ing0506-1
c1031,4,2,Ing0506-1
c1031,4,3,Ing0506-1
c1032,0,0,Ing0506-1
c1032,0,2,Ing0506-1
c1032,0,4,Ing0506-1
c1032,1,0,Ing0506-1
c1032,1,1,Ing0506-1
c1032,1,2,Ing0506-1
c1032,1,4,Ing0506-1
c1032,2,1,Ing0506-1
c1032,2,2,Ing0506-1
c1032,2,4,Ing0506-1
c1032,3,1,Ing0506-1
c1032,3,2,Ing0506-1
c1032,4,1,Ing0506-1
c1032,4,2,Ing0506-1
c1032,4,4,Ing0506-1
c1033,0,2,Ing0506-1
c1033,0,3,Ing0506-1
c1033,1,2,Ing0506-1
c1033,1,3,Ing0506-1
c1033,2,2,Ing0506-1
c1033,2,4,Ing0506-1
c1033,3,2,Ing0506-1
c1033,3,4,Ing0506-1
c1033,4,2,Ing0506-1
c1033,4,3,Ing0506-1
c1033,4,4,Ing0506-1
c1034,0,0,Ing0506-1
c1034,0,1,Ing0506-1
c1034,0,4,Ing0506-1
c1034,1,1,Ing0506-1
c1034,1,2,Ing0506-1
c1034,1,4,Ing0506-1
c1034,2,0,Ing0506-1
c1034,2,1,Ing0506-1
c1034,2,2,Ing0506-1
c1034,2,4,Ing0506-1
c1034,3,0,Ing0506-1
c1034,3,1,Ing0506-1
c1034,3,2,Ing0506-1
c1034,3,4,Ing0506-1
c1034,4,0,Ing0506-1
c1034,4,1,Ing0506-1
c1034,4,2,Ing0506-1
c0450,3,3,Ing0506-1
c0450,3,4,Ing0506-1
c0450,4,0,Ing0506-1
c0450,4,1,Ing0506-1
c0450,4,2,Ing0506-1
c0450,4,3,Ing0506-1
c0450,4,4,Ing0506-1
c0452,0,0,Ing0506-1
c0452,0,1,Ing0506-1
c0452,0,3,Ing0506-1
c0452,0,4,Ing0506-1
c0452,2,2,Ing0506-1
c0452,2,3,Ing0506-1
c0452,2,4,Ing0506-1
c0452,4,2,Ing0506-1
c0452,4,3,Ing0506-1
c0452,4,4,Ing0506-1
c0462,0,0,Ing0506-1
c0462,0,1,Ing0506-1
c0462,0,2,Ing0506-1
c0462,0,3,Ing0506-1
c0462,0,4,Ing0506-1
c0462,4,2,Ing0506-1
c0462,4,4,Ing0506-1
c0474,0,1,Ing0506-1
c0474,0,2,Ing0506-1
nan,0,3,Ing0506-1
c0474,0,4,Ing0506-1
c0474,4,2,Ing0506-1
c0474,4,3,Ing0506-1
c0474,4,4,Ing0506-1
c0484,0,0,Ing0506-1
c0484,0,1,Ing0506-1
c0484,0,2,Ing0506-1
c0484,0,3,Ing0506-1
c0484,0,4,Ing0506-1
c0484,2,2,Ing0506-1
c0484,2,3,Ing0506-1
c0484,2,4,Ing0506-1
c0484,4,2,Ing0506-1
c0484,4,3,Ing0506-1
c0484,4,4,Ing0506-1
c0513,0,0,Ing0506-1
c0513,0,1,Ing0506-1
c0513,0,2,Ing0506-1
c0513,1,0,Ing0506-1
c0513,2,0,Ing0506-1
c0513,3,0,Ing0506-1
c0513,4,0,Ing0506-1
c0513,4,4,Ing0506-1
c0516,1,0,Ing0506-1
c0516,1,1,Ing0506-1
c0516,1,2,Ing0506-1
c0516,1,3,Ing0506-1
c0516,1,4,Ing0506-1
c0516,4,0,Ing0506-1
c0516,4,1,Ing0506-1
c0516,4,2,Ing0506-1
c0516,4,4,Ing0506-1
c0519,0,0,Ing0506-1
c0519,0,2,Ing0506-1
c0519,0,3,Ing0506-1
c0519,1,2,Ing0506-1
c0519,3,2,Ing0506-1
c0519,4,2,Ing0506-1
c0519,4,3,Ing0506-1
c0519,4,4,Ing0506-1
nan,0,0,Ing0506-1
c0524,0,1,Ing0506-1
c0524,0,2,Ing0506-1
c0524,0,3,Ing0506-1
c0524,0,4,Ing0506-1
c0524,1,0,Ing0506-1
c0524,1,1,Ing0506-1
c0524,4,0,Ing0506-1
c0524,4,1,Ing0506-1
c0524,4,4,Ing0506-1
c0533,1,0,Ing0506-1
c0533,2,0,Ing0506-1
c0533,3,0,Ing0506-1
c0533,4,0,Ing0506-1
c0533,4,2,Ing0506-1
c0533,4,3,Ing0506-1
c0533,4,4,Ing0506-1
c0536,0,0,Ing0506-1
c0536,0,1,Ing0506-1
c0536,0,2,Ing0506-1
c0536,0,3,Ing0506-1
c0536,0,4,Ing0506-1
c0536,4,0,Ing0506-1
c0536,4,1,Ing0506-1
c0536,4,2,Ing0506-1
c0830,0,0,Ing0506-1
c0830,0,1,Ing0506-1
c0830,0,2,Ing0506-1
c0830,0,3,Ing0506-1
c0830,0,4,Ing0506-1
c0830,1,0,Ing0506-1
c0830,2,0,Ing0506-1
c0840,3,2,Ing0506-1
c0840,4,2,Ing0506-1
c0840,4,4,Ing0506-1
c0846,3,2,Ing0506-1
c0846,4,2,Ing0506-1
c0846,4,4,Ing0506-1
c0852,0,1,Ing0506-1
c0852,0,2,Ing0506-1
c0852,3,2,Ing0506-1
c0852,4,0,Ing0506-1
c0852,4,1,Ing0506-1
c0852,4,2,Ing0506-1
c0852,4,4,Ing0506-1
c0881,0,0,Ing0506-1
c0881,0,1,Ing0506-1
c0881,0,2,Ing0506-1
c0881,1,0,Ing0506-1
c0881,1,2,Ing0506-1
c0881,1,4,Ing0506-1
c0881,2,2,Ing0506-1
c0881,3,2,Ing0506-1
c0881,4,2,Ing0506-1
c0896,2,0,Ing0506-1
c0896,2,1,Ing0506-1
c0896,2,3,Ing0506-1
c0896,2,4,Ing0506-1
c0896,3,2,Ing0506-1
c0896,4,0,Ing0506-1
c0896,4,1,Ing0506-1
c0896,4,2,Ing0506-1
c0898,0,2,Ing0506-1
c0898,0,4,Ing0506-1
c0898,1,2,Ing0506-1
c0898,2,2,Ing0506-1
c0898,3,2,Ing0506-1
c0898,3,4,Ing0506-1
nan,4,4,Ing0506-1
c0935,4,0,Ing0506-1
c0935,4,1,Ing0506-1
c0935,4,2,Ing0506-1
c1058,0,0,Ing0506-1
c1058,0,1,Ing0506-1
c1058,0,2,Ing0506-1
c1058,0,3,Ing0506-1
c1058,0,4,Ing0506-1
c1058,4,0,Ing0506-1
c1058,4,2,Ing0506-1
c1058,4,3,Ing0506-1
c1058,4,4,Ing0506-1
c1067,0,0,Ing0506-1
c1067,0,1,Ing0506-1
c1067,0,2,Ing0506-1
c1067,4,2,Ing0506-1
c1067,4,3,Ing0506-1
c1067,4,4,Ing0506-1
c1068,0,0,Ing0506-1
c1068,0,1,Ing0506-1
c1068,0,2,Ing0506-1
c1068,4,2,Ing0506-1
c1068,4,4,Ing0506-1
c1089,0,1,Ing0506-1
c1089,1,1,Ing0506-1
c1089,2,1,Ing0506-1
c1089,3,1,Ing0506-1
c1089,3,2,Ing0506-1
c1089,4,1,Ing0506-1
c1089,4,3,Ing0506-1
c0007,0,0,Ing0607-2
c0007,0,4,Ing0607-2
c0007,1,0,Ing0607-2
c0007,1,4,Ing0607-2
c0007,2,0,Ing0607-2
c0007,2,4,Ing0607-2
c0007,4,0,Ing0607-2
c0015,0,0,Ing0607-2
c0015,1,0,Ing0607-2
c0015,1,2,Ing0607-2
c0015,2,0,Ing0607-2
c0015,2,2,Ing0607-2
c0015,4,2,Ing0607-2
c0019,0,0,Ing0607-2
c0019,0,2,Ing0607-2
nan,0,3,Ing0607-2
c0019,0,4,Ing0607-2
c0019,1,0,Ing0607-2
c0019,2,0,Ing0607-2
c0019,3,0,Ing0607-2
c0020,0,0,Ing0607-2
c0020,0,1,Ing0607-2
c0020,1,0,Ing0607-2
c0020,2,0,Ing0607-2
c0020,3,0,Ing0607-2
c0020,4,0,Ing0607-2
c0020,4,2,Ing0607-2
c0020,4,3,Ing0607-2
c0023,0,0,Ing0607-2
c0023,0,2,Ing0607-2
c0023,0,3,Ing0607-2
c0023,0,4,Ing0607-2
c0023,1,0,Ing0607-2
c0023,1,1,Ing0607-2
c0023,4,2,Ing0607-2
c0023,4,3,Ing0607-2
c0023,4,4,Ing0607-2
c0024,0,1,Ing0607-2
c0024,0,2,Ing0607-2
c0024,2,0,Ing0607-2
c0024,3,0,Ing0607-2
c0024,4,4,Ing0607-2
c0044,0,0,Ing0607-2
c0044,0,1,Ing0607-2
c0044,3,4,Ing0607-2
c0044,4,1,Ing0607-2
c0044,4,2,Ing0607-2
c0044,4,3,Ing0607-2
c0044,4,4,Ing0607-2
c0047,0,0,Ing0607-2
c0047,0,1,Ing0607-2
c0047,0,2,Ing0607-2
c0047,0,3,Ing0607-2
c0047,0,4,Ing0607-2
c0047,4,2,Ing0607-2
c0047,4,3,Ing0607-2
c0047,4,4,Ing0607-2
c0049,0,0,Ing0607-2
c0049,0,1,Ing0607-2
c0049,0,2,Ing0607-2
c0049,4,0,Ing0607-2
c0049,4,1,Ing0607-2
c0049,4,2,Ing0607-2
c0049,4,3,Ing0607-2
c0049,4,4,Ing0607-2
c0053,1,2,Ing0607-2
c0053,1,3,Ing0607-2
c0053,1,4,Ing0607-2
c0053,4,0,Ing0607-2
c0053,4,1,Ing0607-2
c0053,4,2,Ing0607-2
c0053,4,3,Ing0607-2
c0053,4,4,Ing0607-2
c0056,0,2,Ing0607-2
c0056,0,3,Ing0607-2
c0056,0,4,Ing0607-2
c0056,1,2,Ing0607-2
c0056,1,3,Ing0607-2
c0056,1,4,Ing0607-2
c0056,2,2,Ing0607-2
c0056,2,3,Ing0607-2
c0056,2,4,Ing0607-2
c0056,3,2,Ing0607-2
c0056,3,3,Ing0607-2
c0056,4,2,Ing0607-2
c0056,4,3,Ing0607-2
c0056,4,4,Ing0607-2
c0058,2,0,Ing0607-2
c0058,2,2,Ing0607-2
c0058,2,3,Ing0607-2
c0058,2,4,Ing0607-2
c0058,3,0,Ing0607-2
c0058,3,1,Ing0607-2
c0058,3,3,Ing0607-2
c0058,3,4,Ing0607-2
c0061,0,0,Ing0607-2
c0061,1,0,Ing0607-2
c0061,3,0,Ing0607-2
c0061,4,0,Ing0607-2
c0061,4,1,Ing0607-2
c0061,4,2,Ing0607-2
c0061,4,3,Ing0607-2
c0061,4,4,Ing0607-2
c0062,0,0,Ing0607-2
c0062,0,1,Ing0607-2
nan,1,0,Ing0607-2
c0062,4,0,Ing0607-2
c0062,4,1,Ing0607-2
c0062,4,2,Ing0607-2
c0062,4,3,Ing0607-2
c0062,4,4,Ing0607-2
c0069,1,3,Ing0607-2
c0069,1,4,Ing0607-2
c0069,4,0,Ing0607-2
c0069,4,2,Ing0607-2
c0069,4,4,Ing0607-2
c0072,0,0,Ing0607-2
c0072,0,1,Ing0607-2
c0072,0,2,Ing0607-2
c0072,0,3,Ing0607-2
c0072,0,4,Ing0607-2
c0072,4,0,Ing0607-2
c0072,4,1,Ing0607-2
c0072,4,2,Ing0607-2
c0072,4,3,Ing0607-2
c0088,0,0,Ing0607-2
c0088,0,2,Ing0607-2
c0088,1,2,Ing0607-2
c0088,2,2,Ing0607-2
c0088,3,2,Ing0607-2
c0088,3,4,Ing0607-2
c0088,4,4,Ing0607-2
c0095,3,0,Ing0607-2
nan,3,2,Ing0607-2
c0095,3,3,Ing0607-2
c0095,3,4,Ing0607-2
c0095,4,1,Ing0607-2
c0095,4,2,Ing0607-2
c0095,4,3,Ing0607-2
c0103,3,4,Ing0607-2
c0103,4,0,Ing0607-2
c0103,4,1,Ing0607-2
c0103,4,2,Ing0607-2
c0103,4,3,Ing0607-2
c0110,0,0,Ing0607-2
c0110,1,0,Ing0607-2
c0110,2,0,Ing0607-2
c0110,2,2,Ing0607-2
c0110,2,3,Ing0607-2
c0110,2,4,Ing0607-2
c0110,3,0,Ing0607-2
c0110,3,1,Ing0607-2
c0110,3,2,Ing0607-2
c0110,3,3,Ing0607-2
c0113,4,0,Ing0607-2
c0113,4,1,Ing0607-2
c0113,4,2,Ing0607-2
c0113,4,4,Ing0607-2
c0115,1,2,Ing0607-2
c0115,1,3,Ing0607-2
c0115,1,4,Ing0607-2
c0115,2,3,Ing0607-2
c0115,2,4,Ing0607-2
c0118,1,0,Ing0607-2
c0118,1,1,Ing0607-2
c0118,1,2,Ing0607-2
c0118,1,3,Ing0607-2
c0118,1,4,Ing0607-2
c0118,4,2,Ing0607-2
c0118,4,3,Ing0607-2
c0129,3,2,Ing0607-2
c0129,4,2,Ing0607-2
c0129,4,4,Ing0607-2
c0131,2,0,Ing0607-2
c0131,2,1,Ing0607-2
c0131,2,3,Ing0607-2
c0131,2,4,Ing0607-2
c0131,3,2,Ing0607-2
c0132,0,2,Ing0607-2
c0132,1,4,Ing0607-2
c0132,3,3,Ing0607-2
c0132,4,0,Ing0607-2
c0132,4,1,Ing0607-2
c0132,4,2,Ing0607-2
c0132,4,3,Ing0607-2
c0132,4,4,Ing0607-2
c0133,0,2,Ing0607-2
c0133,1,2,Ing0607-2
c0133,1,4,Ing0607-2
c0133,2,0,Ing0607-2
c0133,2,1,Ing0607-2
c0133,2,2,Ing0607-2
c0133,2,4,Ing0607-2
c0133,3,1,Ing0607-2
c0152,0,0,Ing0607-2
c0152,0,1,Ing0607-2
c0152,0,2,Ing0607-2
c0152,3,2,Ing0607-2
c0152,4,0,Ing0607-2
c0152,4,1,Ing0607-2
c0152,4,2,Ing0607-2
c0152,4,3,Ing0607-2
c0152,4,4,Ing0607-2
c0153,1,4,Ing0607-2
c0153,2,2,Ing0607-2
c0153,2,3,Ing0607-2
c0153,2,4,Ing0607-2
c0153,3,2,Ing0607-2
c0153,4,2,Ing0607-2
c0162,1,0,Ing0607-2
c0162,1,1,Ing0607-2
c0162,1,2,Ing0607-2
c0178,0,0,Ing0607-2
c0178,0,2,Ing0607-2
c0178,0,4,Ing0607-2
c0178,1,2,Ing0607-2
c0178,2,2,Ing0607-2
c0178,4,2,Ing0607-2
c0191,0,0,Ing0607-2
c0191,4,0,Ing0607-2
c0191,4,1,Ing0607-2
c0191,4,2,Ing0607-2
c0191,4,3,Ing0607-2
c0191,4,4,Ing0607-2
c0193,1,0,Ing0607-2
c0193,2,0,Ing0607-2
c0193,2,2,Ing0607-2
c0193,2,3,Ing0607-2
c0193,2,4,Ing0607-2
c0193,3,4,Ing0607-2
c0195,0,3,Ing0607-2
c0195,0,4,Ing0607-2
c0195,1,2,Ing0607-2
c0195,1,3,Ing0607-2
c0195,1,4,Ing0607-2
c0195,2,2,Ing0607-2
c0195,2,3,Ing0607-2
c0195,2,4,Ing0607-2
c0195,3,2,Ing0607-2
c0195,3,4,Ing0607-2
c0195,4,2,Ing0607-2
c0195,4,3,Ing0607-2
c0195,4,4,Ing0607-2
c0203,0,1,Ing0607-2
c0203,4,0,Ing0607-2
c0203,4,1,Ing0607-2
c0203,4,2,Ing0607-2
c0203,4,3,Ing0607-2
c0211,0,2,Ing0607-2
c0211,0,3,Ing0607-2
c0211,1,2,Ing0607-2
c0211,2,2,Ing0607-2
c0211,3,2,Ing0607-2
c0211,3,3,Ing0607-2
c0211,4,2,Ing0607-2
c0213,0,0,Ing0607-2
c0213,0,1,Ing0607-2
c0213,0,2,Ing0607-2
c0213,0,3,Ing0607-2
c0213,4,3,Ing0607-2
c0230,0,0,Ing0607-2
c0230,0,2,Ing0607-2
c0230,1,2,Ing0607-2
c0230,2,2,Ing0607-2
c0230,3,2,Ing0607-2
c0230,4,2,Ing0607-2
c0230,4,3,Ing0607-2
c0230,4,4,Ing0607-2
c0232,0,2,Ing0607-2
c0232,1,2,Ing0607-2
c0232,2,2,Ing0607-2
c0232,3,2,Ing0607-2
c0232,4,2,Ing0607-2
c0238,0,2,Ing0607-2
c0238,0,3,Ing0607-2
c0238,1,2,Ing0607-2
c0238,1,3,Ing0607-2
c0238,2,2,Ing0607-2
c0238,2,3,Ing0607-2
c0238,3,2,Ing0607-2
c0238,3,3,Ing0607-2
c0238,4,2,Ing0607-2
c0238,4,3,Ing0607-2
c0252,0,0,Ing0607-2
c0252,1,0,Ing0607-2
c0252,2,0,Ing0607-2
c0252,2,2,Ing0607-2
c0252,2,3,Ing0607-2
c0252,2,4,Ing0607-2
c0252,3,0,Ing0607-2
c0252,4,0,Ing0607-2
c0252,4,4,Ing0607-2
c0253,0,0,Ing0607-2
c0253,0,1,Ing0607-2
c0253,4,1,Ing0607-2
c0253,4,2,Ing0607-2
c0253,4,4,Ing0607-2
c0257,0,0,Ing0607-2
c0257,0,1,Ing0607-2
c0257,0,2,Ing0607-2
c0257,0,3,Ing0607-2
c0257,0,4,Ing0607-2
c0257,4,0,Ing0607-2
nan,4,1,Ing0607-2
c0257,4,2,Ing0607-2
c0257,4,3,Ing0607-2
c0257,4,4,Ing0607-2
c0279,0,4,Ing0607-2
c0279,1,4,Ing0607-2
c0279,2,4,Ing0607-2
c0279,4,4,Ing0607-2
c0411,1,0,Ing0607-2
c0411,1,1,Ing0607-2
c0411,1,2,Ing0607-2
c0411,1,3,Ing0607-2
c0411,1,4,Ing0607-2
c0411,4,4,Ing0607-2
c0412,2,3,Ing0607-2
c0412,2,4,Ing0607-2
c0412,3,2,Ing0607-2
c0412,3,4,Ing0607-2
c0412,4,1,Ing0607-2
c0412,4,2,Ing0607-2
c0412,4,4,Ing0607-2
c0430,0,0,Ing0607-2
c0430,1,2,Ing0607-2
c0430,2,2,Ing0607-2
c0430,3,2,Ing0607-2
c0430,4,3,Ing0607-2
c0432,0,2,Ing0607-2
c0432,1,2,Ing0607-2
c0432,3,0,Ing0607-2
c0432,3,1,Ing0607-2
c0432,3,2,Ing0607-2
c0432,4,0,Ing0607-2
c0432,4,2,Ing0607-2
c0449,0,0,Ing0607-2
c0449,0,1,Ing0607-2
c0449,0,2,Ing0607-2
c0449,4,0,Ing0607-2
c0449,4,1,Ing0607-2
c0449,4,2,Ing0607-2
nan,4,4,Ing0607-2
c0479,0,0,Ing0607-2
c0479,0,1,Ing0607-2
c0479,4,0,Ing0607-2
c0479,4,1,Ing0607-2
c0479,4,3,Ing0607-2
c0479,4,4,Ing0607-2
c0487,0,0,Ing0607-2
c0487,0,1,Ing0607-2
c0487,0,2,Ing0607-2
c0487,0,3,Ing0607-2
c0487,4,2,Ing0607-2
c0487,4,3,Ing0607-2
c0497,4,3,Ing0607-2
c0512,3,4,Ing0607-2
c0515,0,4,Ing0607-2
c0515,1,3,Ing0607-2
c0515,1,4,Ing0607-2
c0515,2,2,Ing0607-2
c0515,2,3,Ing0607-2
c0515,2,4,Ing0607-2
c0515,3,3,Ing0607-2
c0515,4,2,Ing0607-2
c0515,4,3,Ing0607-2
c0515,4,4,Ing0607-2
c0530,3,4,Ing0607-2
c0532,1,2,Ing0607-2
c0532,1,4,Ing0607-2
nan,2,2,Ing0607-2
c0532,2,3,Ing0607-2
c0532,2,4,Ing0607-2
c0532,4,2,Ing0607-2
c0534,0,0,Ing0607-2
nan,0,1,Ing0607-2
c0534,0,2,Ing0607-2
c0534,4,1,Ing0607-2
c0534,4,2,Ing0607-2
c0539,1,2,Ing0607-2
c0539,2,2,Ing0607-2
c0539,3,2,Ing0607-2
c0539,4,2,Ing0607-2
c0554,0,0,Ing0607-2
c0554,0,1,Ing0607-2
c0554,1,0,Ing0607-2
c0554,2,0,Ing0607-2
c0554,3,0,Ing0607-2
c0554,4,0,Ing0607-2
c0554,4,2,Ing0607-2
c0554,4,4,Ing0607-2
c0602,0,0,Ing0607-2
c0602,2,0,Ing0607-2
c0602,3,0,Ing0607-2
c0602,4,0,Ing0607-2
c0722,0,0,Ing0607-2
c0722,0,3,Ing0607-2
c0722,0,4,Ing0607-2
c0722,2,0,Ing0607-2
c0722,2,1,Ing0607-2
c0722,2,3,Ing0607-2
c0723,0,3,Ing0607-2
c0723,0,4,Ing0607-2
c0723,1,0,Ing0607-2
c0723,1,2,Ing0607-2
c0723,1,3,Ing0607-2
c0723,2,4,Ing0607-2
c0725,0,2,Ing0607-2
c0725,2,2,Ing0607-2
c0725,3,2,Ing0607-2
c0725,4,2,Ing0607-2
c0730,0,0,Ing0607-2
c0730,0,1,Ing0607-2
c0730,0,2,Ing0607-2
c0730,0,3,Ing0607-2
c0730,4,3,Ing0607-2
c0730,4,4,Ing0607-2
c0737,2,0,Ing0607-2
c0737,2,1,Ing0607-2
c0737,2,2,Ing0607-2
c0737,2,3,Ing0607-2
c0737,2,4,Ing0607-2
c0737,3,3,Ing0607-2
c0737,3,4,Ing0607-2
c0742,0,0,Ing0607-2
c0742,0,1,Ing0607-2
c0742,0,2,Ing0607-2
c0742,0,3,Ing0607-2
c0742,4,1,Ing0607-2
c0742,4,2,Ing0607-2
c0742,4,3,Ing0607-2
c0789,0,0,Ing0607-2
c0789,0,1,Ing0607-2
c0789,0,2,Ing0607-2
c0789,2,0,Ing0607-2
c0789,2,2,Ing0607-2
c0789,2,3,Ing0607-2
c0789,2,4,Ing0607-2
c0794,0,2,Ing0607-2
c0794,1,2,Ing0607-2
c0794,3,2,Ing0607-2
c0794,4,4,Ing0607-2
c0795,0,0,Ing0607-2
c0795,0,1,Ing0607-2
c0795,0,2,Ing0607-2
c0795,2,0,Ing0607-2
c0795,2,1,Ing0607-2
c0795,2,2,Ing0607-2
c0795,2,3,Ing0607-2
c0795,2,4,Ing0607-2
c0807,0,0,Ing0607-2
c0807,0,4,Ing0607-2
c0807,1,0,Ing0607-2
c0807,1,4,Ing0607-2
c0807,2,4,Ing0607-2
c0807,3,0,Ing0607-2
c0807,4,0,Ing0607-2
c0808,0,0,Ing0607-2
c0808,0,2,Ing0607-2
c0808,3,2,Ing0607-2
c0808,4,0,Ing0607-2
c0808,4,2,Ing0607-2
c0847,0,1,Ing0607-2
c0847,0,2,Ing0607-2
c0847,0,3,Ing0607-2
c0847,0,4,Ing0607-2
c0847,1,1,Ing0607-2
c0847,1,2,Ing0607-2
c0847,1,4,Ing0607-2
c0849,2,0,Ing0607-2
c0849,2,2,Ing0607-2
c0849,2,4,Ing0607-2
c0849,3,1,Ing0607-2
c0849,3,3,Ing0607-2
c0849,3,4,Ing0607-2
c0849,4,2,Ing0607-2
c0862,0,1,Ing0607-2
c0862,0,2,Ing0607-2
c0862,0,3,Ing0607-2
c0862,0,4,Ing0607-2
c0862,1,0,Ing0607-2
c0862,1,1,Ing0607-2
c0862,1,2,Ing0607-2
c0897,1,2,Ing0607-2
c0897,4,0,Ing0607-2
c0936,0,0,Ing0607-2
c0936,0,1,Ing0607-2
c0936,0,4,Ing0607-2
c0936,2,0,Ing0607-2
c0936,2,1,Ing0607-2
c0936,2,3,Ing0607-2
c0936,2,4,Ing0607-2
c1022,0,1,Ing0607-2
c1022,4,0,Ing0607-2
c1022,4,1,Ing0607-2
c1022,4,2,Ing0607-2
c1022,4,3,Ing0607-2
c0998,0,0,Ing0607-2
c0998,0,2,Ing0607-2
c0998,0,3,Ing0607-2
c0998,0,4,Ing0607-2
c0998,4,2,Ing0607-2
c0998,4,3,Ing0607-2
c1041,0,0,Ing0607-2
c1041,0,1,Ing0607-2
c1041,0,2,Ing0607-2
c1041,1,0,Ing0607-2
c1041,1,1,Ing0607-2
c1041,1,2,Ing0607-2
c1041,1,4,Ing0607-2
c1041,2,0,Ing0607-2
c1041,2,1,Ing0607-2
c1041,2,2,Ing0607-2
c1041,3,0,Ing0607-2
c1041,3,1,Ing0607-2
c1041,3,2,Ing0607-2
c1041,4,0,Ing0607-2
c1041,4,1,Ing0607-2
c1041,4,2,Ing0607-2
c1053,0,0,Ing0607-2
c1053,0,1,Ing0607-2
c1053,0,2,Ing0607-2
c1053,0,3,Ing0607-2
c1053,0,4,Ing0607-2
c1053,3,0,Ing0607-2
c1053,3,1,Ing0607-2
c1053,3,3,Ing0607-2
c1053,3,4,Ing0607-2
c1053,4,0,Ing0607-2
c1053,4,1,Ing0607-2
c1053,4,2,Ing0607-2
c1053,4,3,Ing0607-2
c1053,4,4,Ing0607-2
nan,0,0,Ing0607-2
c1065,0,1,Ing0607-2
c1065,0,2,Ing0607-2
c1065,3,2,Ing0607-2
c1065,4,1,Ing0607-2
c1065,4,2,Ing0607-2
c1065,4,3,Ing0607-2
c1065,4,4,Ing0607-2
c1069,4,3,Ing0607-2
c1069,4,4,Ing0607-2
c1072,0,2,Ing0607-2
nan,1,2,Ing0607-2
c1074,0,0,Ing0607-2
c1074,0,2,Ing0607-2
c1074,2,0,Ing0607-2
c1074,2,2,Ing0607-2
c1074,3,2,Ing0607-2
c1074,4,0,Ing0607-2
c0012,0,0,Ing0607-3
c0012,0,1,Ing0607-3
c0012,0,2,Ing0607-3
c0012,0,3,Ing0607-3
c0012,0,4,Ing0607-3
c0012,4,0,Ing0607-3
c0012,4,2,Ing0607-3
c0013,0,0,Ing0607-3
c0013,0,2,Ing0607-3
c0013,1,2,Ing0607-3
c0013,4,0,Ing0607-3
c0014,0,2,Ing0607-3
c0014,1,2,Ing0607-3
c0014,2,2,Ing0607-3
nan,3,2,Ing0607-3
c0014,4,0,Ing0607-3
c0014,4,1,Ing0607-3
c0014,4,2,Ing0607-3
c0014,4,3,Ing0607-3
c0014,4,4,Ing0607-3
c0035,0,2,Ing0607-3
c0035,1,2,Ing0607-3
c0035,2,2,Ing0607-3
c0035,3,2,Ing0607-3
c0035,4,2,Ing0607-3
c0035,4,4,Ing0607-3
c0045,0,0,Ing0607-3
c0045,3,4,Ing0607-3
c0045,4,0,Ing0607-3
c0045,4,1,Ing0607-3
c0045,4,2,Ing0607-3
c0045,4,3,Ing0607-3
c0045,4,4,Ing0607-3
c0052,0,0,Ing0607-3
c0052,0,1,Ing0607-3
c0052,0,2,Ing0607-3
c0052,1,0,Ing0607-3
c0052,1,1,Ing0607-3
c0052,1,2,Ing0607-3
c0052,1,3,Ing0607-3
c0052,1,4,Ing0607-3
c0052,4,2,Ing0607-3
c0052,4,3,Ing0607-3
c0052,4,4,Ing0607-3
c0057,0,0,Ing0607-3
c0057,1,0,Ing0607-3
c0057,2,0,Ing0607-3
c0057,2,4,Ing0607-3
c0057,3,0,Ing0607-3
c0057,4,0,Ing0607-3
c0057,4,3,Ing0607-3
c0060,0,0,Ing0607-3
c0060,0,1,Ing0607-3
c0060,0,2,Ing0607-3
c0060,4,0,Ing0607-3
c0060,4,3,Ing0607-3
c0094,0,2,Ing0607-3
c0094,2,2,Ing0607-3
c0094,2,3,Ing0607-3
c0094,2,4,Ing0607-3
c0094,3,2,Ing0607-3
c0094,4,3,Ing0607-3
c0098,0,1,Ing0607-3
c0098,0,2,Ing0607-3
c0098,0,3,Ing0607-3
c0098,4,0,Ing0607-3
c0098,4,2,Ing0607-3
c0098,4,3,Ing0607-3
c0104,0,1,Ing0607-3
c0104,0,2,Ing0607-3
c0104,4,0,Ing0607-3
c0104,4,1,Ing0607-3
c0104,4,2,Ing0607-3
c0104,4,3,Ing0607-3
c0104,4,4,Ing0607-3
c0107,0,1,Ing0607-3
c0107,0,2,Ing0607-3
c0107,0,3,Ing0607-3
c0107,0,4,Ing0607-3
c0107,4,3,Ing0607-3
c0107,4,4,Ing0607-3
c0112,3,0,Ing0607-3
c0112,3,2,Ing0607-3
c0112,3,3,Ing0607-3
c0112,3,4,Ing0607-3
nan,4,0,Ing0607-3
c0112,4,4,Ing0607-3
c0114,0,0,Ing0607-3
c0114,1,0,Ing0607-3
c0114,2,4,Ing0607-3
c0114,3,0,Ing0607-3
c0114,3,1,Ing0607-3
c0114,3,2,Ing0607-3
c0114,3,3,Ing0607-3
c0114,3,4,Ing0607-3
c0116,0,0,Ing0607-3
c0116,0,2,Ing0607-3
c0116,1,0,Ing0607-3
c0116,1,2,Ing0607-3
c0116,1,3,Ing0607-3
c0117,0,2,Ing0607-3
c0117,1,2,Ing0607-3
c0117,1,3,Ing0607-3
c0117,2,2,Ing0607-3
c0117,4,2,Ing0607-3
c0130,0,0,Ing0607-3
c0130,0,1,Ing0607-3
c0130,0,2,Ing0607-3
c0130,0,3,Ing0607-3
c0130,0,4,Ing0607-3
c0130,2,0,Ing0607-3
c0130,2,1,Ing0607-3
c0130,2,2,Ing0607-3
c0130,3,2,Ing0607-3
c0130,4,2,Ing0607-3
c0148,0,0,Ing0607-3
c0148,1,2,Ing0607-3
c0148,1,4,Ing0607-3
c0148,2,1,Ing0607-3
c0148,2,2,Ing0607-3
c0148,3,4,Ing0607-3
c0148,4,3,Ing0607-3
nan,4,4,Ing0607-3
c0149,0,2,Ing0607-3
c0149,0,4,Ing0607-3
c0149,1,4,Ing0607-3
c0149,2,1,Ing0607-3
c0149,2,2,Ing0607-3
c0149,2,3,Ing0607-3
c0149,2,4,Ing0607-3
c0149,3,3,Ing0607-3
c0149,3,4,Ing0607-3
c0149,4,3,Ing0607-3
c0149,4,4,Ing0607-3
c0150,0,2,Ing0607-3
c0150,1,2,Ing0607-3
c0150,1,4,Ing0607-3
c0150,2,2,Ing0607-3
c0163,2,1,Ing0607-3
c0163,2,2,Ing0607-3
c0163,3,2,Ing0607-3
c0163,4,2,Ing0607-3
c0177,1,0,Ing0607-3
c0177,1,2,Ing0607-3
c0177,2,2,Ing0607-3
c0177,4,2,Ing0607-3
c0179,1,2,Ing0607-3
c0179,2,2,Ing0607-3
c0179,4,0,Ing0607-3
c0179,4,1,Ing0607-3
c0179,4,2,Ing0607-3
c0179,4,3,Ing0607-3
c0179,4,4,Ing0607-3
c0181,0,0,Ing0607-3
c0181,0,2,Ing0607-3
c0181,1,0,Ing0607-3
c0181,1,2,Ing0607-3
c0181,2,0,Ing0607-3
c0181,3,0,Ing0607-3
c0181,3,2,Ing0607-3
c0181,4,0,Ing0607-3
c0181,4,2,Ing0607-3
c0181,4,3,Ing0607-3
c0181,4,4,Ing0607-3
c0198,0,2,Ing0607-3
c0198,0,3,Ing0607-3
c0198,0,4,Ing0607-3
c0198,1,2,Ing0607-3
c0198,1,4,Ing0607-3
c0198,2,2,Ing0607-3
c0198,2,3,Ing0607-3
c0198,2,4,Ing0607-3
c0198,3,3,Ing0607-3
c0198,3,4,Ing0607-3
nan,4,2,Ing0607-3
c0210,0,2,Ing0607-3
c0210,1,2,Ing0607-3
c0210,2,2,Ing0607-3
c0210,2,3,Ing0607-3
c0210,3,2,Ing0607-3
c0210,4,2,Ing0607-3
c0210,4,3,Ing0607-3
c0214,0,0,Ing0607-3
c0214,0,1,Ing0607-3
nan,0,3,Ing0607-3
c0214,1,2,Ing0607-3
c0214,4,3,Ing0607-3
c0223,0,0,Ing0607-3
c0223,1,2,Ing0607-3
c0223,2,2,Ing0607-3
c0223,3,2,Ing0607-3
c0223,4,0,Ing0607-3
c0223,4,4,Ing0607-3
c0224,1,4,Ing0607-3
c0224,2,4,Ing0607-3
c0224,3,4,Ing0607-3
c0224,4,0,Ing0607-3
c0224,4,3,Ing0607-3
c0224,4,4,Ing0607-3
c0226,4,3,Ing0607-3
c0226,4,4,Ing0607-3
c0227,0,0,Ing0607-3
c0227,0,1,Ing0607-3
c0227,0,2,Ing0607-3
c0227,0,3,Ing0607-3
c0227,4,1,Ing0607-3
c0227,4,2,Ing0607-3
c0227,4,3,Ing0607-3
c0227,4,4,Ing0607-3
c0254,0,0,Ing0607-3
c0254,1,0,Ing0607-3
c0254,2,0,Ing0607-3
c0254,4,0,Ing0607-3
c0254,4,1,Ing0607-3
c0254,4,2,Ing0607-3
c0254,4,3,Ing0607-3
c0254,4,4,Ing0607-3
c0420,0,0,Ing0607-3
c0420,0,1,Ing0607-3
c0420,0,2,Ing0607-3
c0420,1,0,Ing0607-3
c0420,1,1,Ing0607-3
c0420,1,2,Ing0607-3
c0441,0,2,Ing0607-3
c0441,1,2,Ing0607-3
c0441,3,0,Ing0607-3
c0441,3,1,Ing0607-3
c0441,3,2,Ing0607-3
c0441,3,3,Ing0607-3
c0441,3,4,Ing0607-3
c0441,4,2,Ing0607-3
c0447,0,2,Ing0607-3
c0447,1,2,Ing0607-3
c0447,3,2,Ing0607-3
c0447,3,4,Ing0607-3
c0447,4,2,Ing0607-3
c0456,0,0,Ing0607-3
c0456,0,1,Ing0607-3
c0456,0,2,Ing0607-3
c0456,0,3,Ing0607-3
c0456,0,4,Ing0607-3
c0456,4,1,Ing0607-3
c0456,4,2,Ing0607-3
c0456,4,4,Ing0607-3
c0457,3,2,Ing0607-3
c0457,4,0,Ing0607-3
c0457,4,1,Ing0607-3
c0457,4,2,Ing0607-3
c0457,4,3,Ing0607-3
c0457,4,4,Ing0607-3
c0486,0,1,Ing0607-3
c0486,0,2,Ing0607-3
c0486,0,3,Ing0607-3
c0486,0,4,Ing0607-3
c0486,1,0,Ing0607-3
c0486,1,1,Ing0607-3
c0486,3,0,Ing0607-3
c0486,3,1,Ing0607-3
c0486,3,2,Ing0607-3
c0486,3,3,Ing0607-3
c0486,4,0,Ing0607-3
c0486,4,1,Ing0607-3
c0498,0,0,Ing0607-3
c0498,0,1,Ing0607-3
c0498,0,2,Ing0607-3
c0498,4,2,Ing0607-3
c0498,4,3,Ing0607-3
c0498,4,4,Ing0607-3
c0501,0,0,Ing0607-3
c0501,1,0,Ing0607-3
c0501,4,0,Ing0607-3
c0501,4,1,Ing0607-3
c0501,4,2,Ing0607-3
c0501,4,3,Ing0607-3
c0501,4,4,Ing0607-3
c0506,0,0,Ing0607-3
c0506,0,1,Ing0607-3
c0506,0,2,Ing0607-3
c0506,4,0,Ing0607-3
c0506,4,2,Ing0607-3
c0527,0,0,Ing0607-3
c0527,0,1,Ing0607-3
c0527,0,2,Ing0607-3
c0527,0,3,Ing0607-3
c0527,0,4,Ing0607-3
c0527,4,3,Ing0607-3
c0527,4,4,Ing0607-3
c0738,0,0,Ing0607-3
c0738,0,1,Ing0607-3
c0738,0,2,Ing0607-3
c0738,0,3,Ing0607-3
c0738,0,4,Ing0607-3
c0738,1,0,Ing0607-3
c0738,1,1,Ing0607-3
c0738,1,2,Ing0607-3
c0738,1,3,Ing0607-3
c0738,4,0,Ing0607-3
c0738,4,1,Ing0607-3
c0738,4,2,Ing0607-3
c0738,4,3,Ing0607-3
c0738,4,4,Ing0607-3
c0745,0,0,Ing0607-3
c0745,0,1,Ing0607-3
c0745,0,2,Ing0607-3
c0745,4,2,Ing0607-3
c0745,4,3,Ing0607-3
c0773,2,0,Ing0607-3
c0773,2,2,Ing0607-3
c0773,2,3,Ing0607-3
c0773,3,0,Ing0607-3
c0773,3,1,Ing0607-3
c0773,3,2,Ing0607-3
c0773,3,3,Ing0607-3
c0814,2,3,Ing0607-3
c0814,2,4,Ing0607-3
c0815,2,3,Ing0607-3
c0815,2,4,Ing0607-3
c0828,0,0,Ing0607-3
c0828,0,2,Ing0607-3
c0828,1,2,Ing0607-3
c0828,2,2,Ing0607-3
c0828,3,2,Ing0607-3
c0828,3,4,Ing0607-3
c0828,4,2,Ing0607-3
c0828,4,4,Ing0607-3
c0844,2,1,Ing0607-3
c0844,2,2,Ing0607-3
c0844,4,2,Ing0607-3
c0844,4,4,Ing0607-3
c0741,1,3,Ing0607-3
c0741,3,0,Ing0607-3
c0741,3,1,Ing0607-3
c0741,3,3,Ing0607-3
c0741,3,4,Ing0607-3
c0741,4,4,Ing0607-3
c0845,0,2,Ing0607-3
c0845,1,2,Ing0607-3
c0845,2,1,Ing0607-3
c0845,2,2,Ing0607-3
c0850,0,2,Ing0607-3
c0850,0,3,Ing0607-3
c0850,0,4,Ing0607-3
c0850,1,2,Ing0607-3
c0850,1,4,Ing0607-3
c0850,2,2,Ing0607-3
c0850,2,3,Ing0607-3
c0850,2,4,Ing0607-3
c0850,3,4,Ing0607-3
c0850,4,3,Ing0607-3
c0850,4,4,Ing0607-3
c0851,2,1,Ing0607-3
c0851,2,2,Ing0607-3
c0851,4,2,Ing0607-3
c0851,4,4,Ing0607-3
c0898,0,2,Ing0607-3
c0898,2,2,Ing0607-3
c0898,3,2,Ing0607-3
nan,3,3,Ing0607-3
c0898,3,4,Ing0607-3
c0898,4,4,Ing0607-3
c0901,2,2,Ing0607-3
c0901,3,2,Ing0607-3
c0901,4,2,Ing0607-3
c0901,4,4,Ing0607-3
c0933,1,2,Ing0607-3
c0933,1,3,Ing0607-3
c0933,1,4,Ing0607-3
c0933,2,2,Ing0607-3
c0933,4,2,Ing0607-3
c0933,4,4,Ing0607-3
c1007,4,3,Ing0607-3
c1007,4,4,Ing0607-3
c1148,0,0,Ing0607-3
c1148,0,2,Ing0607-3
nan,1,0,Ing0607-3
c1148,1,2,Ing0607-3
c1148,2,2,Ing0607-3
c1148,4,2,Ing0607-3
c0196,0,0,Ing0607-3
c0196,0,1,Ing0607-3
c0196,0,2,Ing0607-3
c0196,4,0,Ing0607-3
c0196,4,2,Ing0607-3
c0196,4,3,Ing0607-3
c0196,4,4,Ing0607-3
c0013,0,0,Ing0304-3
c0013,0,2,Ing0304-3
c0013,1,2,Ing0304-3
c0013,2,0,Ing0304-3
c0013,3,2,Ing0304-3
c0013,4,0,Ing0304-3
c0013,4,2,Ing0304-3
c0035,0,0,Ing0304-3
c0035,0,1,Ing0304-3
c0035,4,1,Ing0304-3
c0035,4,2,Ing0304-3
c0035,4,3,Ing0304-3
c0035,4,4,Ing0304-3
c0052,0,0,Ing0304-3
c0052,0,1,Ing0304-3
c0052,0,2,Ing0304-3
c0052,1,0,Ing0304-3
c0052,1,1,Ing0304-3
c0052,1,2,Ing0304-3
c0052,1,3,Ing0304-3
c0053,1,2,Ing0304-3
c0053,1,3,Ing0304-3
c0053,3,0,Ing0304-3
c0053,3,1,Ing0304-3
c0053,3,2,Ing0304-3
c0053,3,3,Ing0304-3
c0053,3,4,Ing0304-3
c0055,1,0,Ing0304-3
c0055,1,4,Ing0304-3
c0055,3,0,Ing0304-3
c0055,4,0,Ing0304-3
c0055,4,4,Ing0304-3
c0060,0,0,Ing0304-3
c0060,1,0,Ing0304-3
c0060,2,0,Ing0304-3
c0060,3,0,Ing0304-3
c0060,4,0,Ing0304-3
c0060,4,1,Ing0304-3
c0060,4,3,Ing0304-3
c0104,0,2,Ing0304-3
nan,2,2,Ing0304-3
c0104,3,2,Ing0304-3
c0104,4,2,Ing0304-3
c0112,3,0,Ing0304-3
c0112,3,1,Ing0304-3
c0112,3,2,Ing0304-3
c0112,3,3,Ing0304-3
c0112,4,0,Ing0304-3
c0112,4,1,Ing0304-3
c0112,4,2,Ing0304-3
c0112,4,3,Ing0304-3
c0112,4,4,Ing0304-3
c0114,0,0,Ing0304-3
c0114,0,2,Ing0304-3
c0114,1,2,Ing0304-3
c0114,2,0,Ing0304-3
c0114,3,0,Ing0304-3
c0114,3,2,Ing0304-3
c0114,4,2,Ing0304-3
c0116,0,0,Ing0304-3
c0116,0,2,Ing0304-3
c0116,1,0,Ing0304-3
c0116,1,1,Ing0304-3
c0116,1,2,Ing0304-3
c0117,1,2,Ing0304-3
c0117,2,2,Ing0304-3
c0117,3,2,Ing0304-3
c0117,4,2,Ing0304-3
c0117,4,4,Ing0304-3
c0130,4,4,Ing0304-3
c0149,0,2,Ing0304-3
c0149,1,2,Ing0304-3
c0149,1,3,Ing0304-3
c0149,1,4,Ing0304-3
c0149,2,2,Ing0304-3
c0149,2,3,Ing0304-3
c0149,3,3,Ing0304-3
c0149,4,2,Ing0304-3
c0150,1,4,Ing0304-3
c0150,4,0,Ing0304-3
c0150,4,2,Ing0304-3
c0150,4,3,Ing0304-3
c0177,0,3,Ing0304-3
c0177,0,4,Ing0304-3
c0177,1,2,Ing0304-3
c0177,1,3,Ing0304-3
c0177,1,4,Ing0304-3
c0177,2,2,Ing0304-3
c0177,2,3,Ing0304-3
c0177,3,2,Ing0304-3
c0177,3,4,Ing0304-3
c0177,4,2,Ing0304-3
c0177,4,3,Ing0304-3
c0177,4,4,Ing0304-3
c0179,0,2,Ing0304-3
c0179,0,4,Ing0304-3
c0179,1,2,Ing0304-3
c0179,1,3,Ing0304-3
c0179,1,4,Ing0304-3
c0179,2,2,Ing0304-3
c0179,2,4,Ing0304-3
c0179,3,2,Ing0304-3
c0179,3,3,Ing0304-3
c0179,3,4,Ing0304-3
c0179,4,2,Ing0304-3
c0179,4,3,Ing0304-3
c0198,1,3,Ing0304-3
c0198,1,4,Ing0304-3
c0198,2,3,Ing0304-3
c0198,2,4,Ing0304-3
c0198,4,2,Ing0304-3
c0198,4,3,Ing0304-3
c0198,4,4,Ing0304-3
c0210,0,3,Ing0304-3
c0210,0,4,Ing0304-3
c0210,1,2,Ing0304-3
c0210,1,3,Ing0304-3
c0210,1,4,Ing0304-3
c0210,2,2,Ing0304-3
c0210,2,3,Ing0304-3
c0210,2,4,Ing0304-3
c0210,3,2,Ing0304-3
c0210,3,3,Ing0304-3
c0210,3,4,Ing0304-3
c0210,4,2,Ing0304-3
c0210,4,3,Ing0304-3
c0210,4,4,Ing0304-3
c0214,0,0,Ing0304-3
c0214,0,2,Ing0304-3
c0214,0,4,Ing0304-3
c0214,1,2,Ing0304-3
c0214,2,2,Ing0304-3
c0214,2,4,Ing0304-3
c0214,3,2,Ing0304-3
c0214,3,3,Ing0304-3
c0214,3,4,Ing0304-3
c0214,4,2,Ing0304-3
c0214,4,3,Ing0304-3
c0214,4,4,Ing0304-3
c0223,0,0,Ing0304-3
c0223,0,2,Ing0304-3
c0223,1,2,Ing0304-3
c0223,2,2,Ing0304-3
c0223,3,2,Ing0304-3
c0223,4,0,Ing0304-3
c0223,4,2,Ing0304-3
c0224,2,4,Ing0304-3
c0224,3,4,Ing0304-3
c0224,4,0,Ing0304-3
c0224,4,1,Ing0304-3
c0224,4,2,Ing0304-3
c0224,4,3,Ing0304-3
c0226,0,0,Ing0304-3
c0226,2,4,Ing0304-3
c0226,4,0,Ing0304-3
c0226,4,2,Ing0304-3
c0226,4,3,Ing0304-3
c0226,4,4,Ing0304-3
c0227,0,1,Ing0304-3
c0227,0,2,Ing0304-3
c0227,4,0,Ing0304-3
c0227,4,1,Ing0304-3
c0227,4,2,Ing0304-3
c0227,4,3,Ing0304-3
c0227,4,4,Ing0304-3
c0441,0,4,Ing0304-3
c0441,1,4,Ing0304-3
c0441,2,2,Ing0304-3
c0441,2,3,Ing0304-3
c0441,2,4,Ing0304-3
c0441,3,4,Ing0304-3
c0441,4,4,Ing0304-3
c0254,0,0,Ing0304-3
c0254,1,0,Ing0304-3
c0254,1,1,Ing0304-3
c0254,4,0,Ing0304-3
c0254,4,1,Ing0304-3
c0254,4,2,Ing0304-3
c0343,0,0,Ing0304-3
c0343,0,1,Ing0304-3
c0343,0,2,Ing0304-3
c0343,0,3,Ing0304-3
c0343,0,4,Ing0304-3
c0343,1,0,Ing0304-3
nan,1,2,Ing0304-3
c0343,1,3,Ing0304-3
c0343,2,0,Ing0304-3
c0344,0,0,Ing0304-3
c0344,0,1,Ing0304-3
c0344,0,2,Ing0304-3
c0344,0,3,Ing0304-3
c0344,0,4,Ing0304-3
c0344,1,0,Ing0304-3
c0344,1,1,Ing0304-3
c0344,1,2,Ing0304-3
c0344,1,4,Ing0304-3
c0344,2,2,Ing0304-3
c0344,2,3,Ing0304-3
c0344,3,0,Ing0304-3
c0344,4,4,Ing0304-3
c0378,1,0,Ing0304-3
c0378,2,2,Ing0304-3
c0378,2,4,Ing0304-3
c0378,4,4,Ing0304-3
c0411,0,0,Ing0304-3
c0411,0,1,Ing0304-3
c0411,0,2,Ing0304-3
c0411,0,3,Ing0304-3
c0411,0,4,Ing0304-3
c0411,1,0,Ing0304-3
c0411,1,1,Ing0304-3
c0411,1,2,Ing0304-3
c0457,3,3,Ing0304-3
c0457,4,0,Ing0304-3
c0457,4,1,Ing0304-3
c0457,4,2,Ing0304-3
c0457,4,3,Ing0304-3
c0503,0,0,Ing0304-3
c0503,0,1,Ing0304-3
c0503,0,2,Ing0304-3
c0503,0,3,Ing0304-3
c0503,0,4,Ing0304-3
c0503,1,0,Ing0304-3
c0503,1,1,Ing0304-3
c0503,1,2,Ing0304-3
c0506,0,0,Ing0304-3
c0506,0,1,Ing0304-3
c0506,0,2,Ing0304-3
c0506,0,3,Ing0304-3
c0506,0,4,Ing0304-3
c0506,1,0,Ing0304-3
c0506,1,1,Ing0304-3
c0506,1,2,Ing0304-3
c0506,1,3,Ing0304-3
c0506,1,4,Ing0304-3
c0506,4,4,Ing0304-3
c0527,0,1,Ing0304-3
nan,0,2,Ing0304-3
c0527,0,3,Ing0304-3
c0527,0,4,Ing0304-3
c0532,1,3,Ing0304-3
c0532,1,4,Ing0304-3
c0532,2,3,Ing0304-3
c0532,2,4,Ing0304-3
c0532,4,2,Ing0304-3
c0532,4,3,Ing0304-3
c0532,4,4,Ing0304-3
c0534,0,0,Ing0304-3
c0534,0,1,Ing0304-3
c0534,0,2,Ing0304-3
c0534,0,3,Ing0304-3
c0534,0,4,Ing0304-3
c0534,4,1,Ing0304-3
c0534,4,3,Ing0304-3
c0737,0,0,Ing0304-3
c0737,0,1,Ing0304-3
c0737,0,2,Ing0304-3
c0737,0,3,Ing0304-3
c0737,0,4,Ing0304-3
c0737,4,0,Ing0304-3
c0737,4,2,Ing0304-3
c0737,4,3,Ing0304-3
c0737,4,4,Ing0304-3
c0901,4,4,Ing0304-3
c0917,0,0,Ing0304-3
c0917,0,1,Ing0304-3
c0917,1,0,Ing0304-3
c0917,1,1,Ing0304-3
c0917,1,2,Ing0304-3
c0917,1,3,Ing0304-3
c0917,4,3,Ing0304-3
c0917,4,4,Ing0304-3
c0918,0,0,Ing0304-3
c0918,0,1,Ing0304-3
c0918,0,3,Ing0304-3
c0918,0,4,Ing0304-3
c0918,1,0,Ing0304-3
c0918,1,1,Ing0304-3
c0918,1,2,Ing0304-3
c0918,1,3,Ing0304-3
c0918,4,2,Ing0304-3
c0918,4,4,Ing0304-3
c0938,0,0,Ing0304-3
c0938,0,1,Ing0304-3
c0938,0,2,Ing0304-3
c0938,0,3,Ing0304-3
c0938,0,4,Ing0304-3
c0938,4,1,Ing0304-3
c0938,4,2,Ing0304-3
c0938,4,3,Ing0304-3
c0938,4,4,Ing0304-3
c0995,0,2,Ing0304-3
c0995,0,3,Ing0304-3
c0995,0,4,Ing0304-3
c0995,2,0,Ing0304-3
c0995,2,1,Ing0304-3
c0995,2,2,Ing0304-3
c0923,0,2,Ing0304-3
c0923,1,2,Ing0304-3
c0923,2,2,Ing0304-3
c0923,3,2,Ing0304-3
c0798,1,2,Ing0304-3
c0798,2,2,Ing0304-3
c0798,2,3,Ing0304-3
c0798,3,2,Ing0304-3
c0798,4,2,Ing0304-3
c0741,1,2,Ing0304-3
c0741,1,4,Ing0304-3
c0741,3,2,Ing0304-3
c0741,3,4,Ing0304-3
c0741,4,3,Ing0304-3
c0741,4,4,Ing0304-3
c0196,4,0,Ing0304-3
c0196,4,2,Ing0304-3
c0196,4,4,Ing0304-3
c0014,4,0,Ing0304-3
c0014,4,2,Ing0304-3
c0014,4,3,Ing0304-3
c0014,4,4,Ing0304-3
c0456,0,1,Ing0304-3
c0456,0,2,Ing0304-3
c0456,0,3,Ing0304-3
c0456,1,0,Ing0304-3
nan,2,0,Ing0304-3
c0456,3,0,Ing0304-3
c0456,4,0,Ing0304-3
c0909,0,0,Ing0304-3
c0909,0,1,Ing0304-3
c0909,0,3,Ing0304-3
c0909,0,4,Ing0304-3
c0909,1,2,Ing0304-3
c0103,0,0,Ing0405-2
c0103,0,1,Ing0405-2
c0103,0,2,Ing0405-2
c0103,0,3,Ing0405-2
c0103,0,4,Ing0405-2
c0103,1,2,Ing0405-2
c0103,2,2,Ing0405-2
c0103,3,2,Ing0405-2
c0103,4,2,Ing0405-2
c1053,0,0,Ing0405-2
c1053,0,2,Ing0405-2
c1053,0,3,Ing0405-2
c1053,0,4,Ing0405-2
c1053,2,4,Ing0405-2
c1053,3,1,Ing0405-2
c1053,3,2,Ing0405-2
c1053,3,3,Ing0405-2
c1053,4,1,Ing0405-2
c1053,4,2,Ing0405-2
c1053,4,3,Ing0405-2
c1053,4,4,Ing0405-2
c0106,0,0,Ing0405-2
c0106,0,1,Ing0405-2
c0106,0,2,Ing0405-2
c0106,0,3,Ing0405-2
c0106,0,4,Ing0405-2
c0106,2,0,Ing0405-2
nan,3,0,Ing0405-2
c0108,0,1,Ing0405-2
c0108,0,2,Ing0405-2
c0108,0,3,Ing0405-2
c0108,1,0,Ing0405-2
c0108,1,3,Ing0405-2
c0108,1,4,Ing0405-2
c0108,2,0,Ing0405-2
c0108,2,4,Ing0405-2
c0108,3,0,Ing0405-2
c0108,4,0,Ing0405-2
c0108,4,1,Ing0405-2
c0108,4,4,Ing0405-2
c0110,0,0,Ing0405-2
c0110,1,0,Ing0405-2
c0110,2,0,Ing0405-2
c0110,2,1,Ing0405-2
c0110,2,3,Ing0405-2
c0110,2,4,Ing0405-2
c0110,3,0,Ing0405-2
c0110,3,1,Ing0405-2
c0110,3,3,Ing0405-2
c0110,3,4,Ing0405-2
c0113,0,0,Ing0405-2
c0113,0,1,Ing0405-2
c0113,0,3,Ing0405-2
c0113,0,4,Ing0405-2
c0115,0,0,Ing0405-2
c0115,0,1,Ing0405-2
c0115,3,1,Ing0405-2
c0115,3,2,Ing0405-2
c0115,3,4,Ing0405-2
c0115,4,0,Ing0405-2
c0115,4,1,Ing0405-2
c0115,4,2,Ing0405-2
c0115,4,3,Ing0405-2
c0118,0,0,Ing0405-2
c0118,0,1,Ing0405-2
c0118,0,2,Ing0405-2
c0118,0,3,Ing0405-2
c0118,0,4,Ing0405-2
c0118,4,2,Ing0405-2
c0118,4,3,Ing0405-2
c0118,4,4,Ing0405-2
c0119,0,0,Ing0405-2
c0119,0,4,Ing0405-2
c0119,1,0,Ing0405-2
c0119,1,4,Ing0405-2
c0119,2,0,Ing0405-2
c0119,2,1,Ing0405-2
c0119,2,3,Ing0405-2
c0119,2,4,Ing0405-2
c0119,3,4,Ing0405-2
c0119,4,0,Ing0405-2
c0119,4,4,Ing0405-2
c0127,1,3,Ing0405-2
c0127,1,4,Ing0405-2
c0127,2,4,Ing0405-2
c0127,3,4,Ing0405-2
c0127,4,1,Ing0405-2
c0127,4,2,Ing0405-2
c0127,4,3,Ing0405-2
c0127,4,4,Ing0405-2
c0129,0,0,Ing0405-2
c0129,0,3,Ing0405-2
nan,0,4,Ing0405-2
c0129,1,0,Ing0405-2
c0129,1,1,Ing0405-2
c0129,4,4,Ing0405-2
c0133,2,4,Ing0405-2
c0133,3,0,Ing0405-2
c0133,3,4,Ing0405-2
c0133,4,0,Ing0405-2
c0133,4,4,Ing0405-2
c015a,1,2,Ing0405-2
c015a,1,3,Ing0405-2
c015a,2,2,Ing0405-2
c015a,3,2,Ing0405-2
c015a,3,3,Ing0405-2
c015a,4,0,Ing0405-2
c015a,4,1,Ing0405-2
c015a,4,2,Ing0405-2
c0152,0,2,Ing0405-2
c0152,0,3,Ing0405-2
c0152,1,2,Ing0405-2
c0152,1,3,Ing0405-2
c0152,1,4,Ing0405-2
c0152,2,2,Ing0405-2
c0152,2,3,Ing0405-2
c0152,3,2,Ing0405-2
c0152,3,3,Ing0405-2
c0152,3,4,Ing0405-2
c0152,4,3,Ing0405-2
c0152,4,4,Ing0405-2
c0153,0,0,Ing0405-2
c0153,0,1,Ing0405-2
c0153,1,0,Ing0405-2
c0153,1,1,Ing0405-2
c0153,4,3,Ing0405-2
c0153,4,4,Ing0405-2
c0191,0,0,Ing0405-2
c0191,0,2,Ing0405-2
c0191,4,0,Ing0405-2
c0191,4,1,Ing0405-2
c0191,4,2,Ing0405-2
c0191,4,3,Ing0405-2
c0191,4,4,Ing0405-2
c0193,0,0,Ing0405-2
c0193,0,1,Ing0405-2
c0193,0,2,Ing0405-2
c0193,0,3,Ing0405-2
c0193,0,4,Ing0405-2
c0193,4,0,Ing0405-2
nan,4,3,Ing0405-2
c0193,4,4,Ing0405-2
c0195,0,4,Ing0405-2
c0195,1,3,Ing0405-2
c0195,1,4,Ing0405-2
c0195,2,4,Ing0405-2
c0195,3,0,Ing0405-2
c0195,3,1,Ing0405-2
c0195,3,2,Ing0405-2
c0195,3,3,Ing0405-2
c0195,4,4,Ing0405-2
c0020,0,0,Ing0405-2
c0020,0,1,Ing0405-2
c0020,0,2,Ing0405-2
c0020,1,0,Ing0405-2
c0020,2,0,Ing0405-2
c0020,3,0,Ing0405-2
c0020,4,3,Ing0405-2
c0020,4,4,Ing0405-2
c0201,1,2,Ing0405-2
c0201,1,4,Ing0405-2
c0201,2,0,Ing0405-2
c0201,2,1,Ing0405-2
c0201,2,2,Ing0405-2
c0201,2,3,Ing0405-2
c0201,2,4,Ing0405-2
c0201,3,0,Ing0405-2
c0201,3,1,Ing0405-2
c0201,3,3,Ing0405-2
c0201,3,4,Ing0405-2
c0203,3,0,Ing0405-2
c0203,4,0,Ing0405-2
c0203,4,1,Ing0405-2
c0203,4,2,Ing0405-2
c0203,4,3,Ing0405-2
c0203,4,4,Ing0405-2
c0206,0,4,Ing0405-2
c0206,1,3,Ing0405-2
c0206,1,4,Ing0405-2
c0206,2,3,Ing0405-2
c0206,2,4,Ing0405-2
c0206,3,0,Ing0405-2
c0206,3,1,Ing0405-2
c0206,3,2,Ing0405-2
c0206,3,3,Ing0405-2
c0206,3,4,Ing0405-2
c0206,4,4,Ing0405-2
c0211,0,2,Ing0405-2
c0211,1,2,Ing0405-2
c0211,2,2,Ing0405-2
c0211,3,2,Ing0405-2
c0211,4,1,Ing0405-2
c0211,4,2,Ing0405-2
c0211,4,3,Ing0405-2
c0211,4,4,Ing0405-2
c0213,0,3,Ing0405-2
c0213,0,4,Ing0405-2
c0213,2,3,Ing0405-2
c0213,2,4,Ing0405-2
c0213,4,3,Ing0405-2
c0213,4,4,Ing0405-2
c0219,0,0,Ing0405-2
c0219,0,2,Ing0405-2
c0219,4,0,Ing0405-2
c0219,4,1,Ing0405-2
c0219,4,2,Ing0405-2
c0219,4,3,Ing0405-2
nan,4,4,Ing0405-2
c0023,0,0,Ing0405-2
c0023,0,1,Ing0405-2
c0023,0,2,Ing0405-2
c0023,0,3,Ing0405-2
c0023,1,3,Ing0405-2
c0023,1,4,Ing0405-2
c0023,2,2,Ing0405-2
c0023,2,3,Ing0405-2
c0023,2,4,Ing0405-2
c0023,3,2,Ing0405-2
c0023,3,3,Ing0405-2
nan,4,0,Ing0405-2
c0023,4,1,Ing0405-2
c0023,4,2,Ing0405-2
c0023,4,3,Ing0405-2
c0023,4,4,Ing0405-2
c0232,0,0,Ing0405-2
c0232,0,2,Ing0405-2
c0232,1,2,Ing0405-2
c0232,2,2,Ing0405-2
c0232,3,0,Ing0405-2
c0232,3,2,Ing0405-2
c0232,4,0,Ing0405-2
c0232,4,2,Ing0405-2
c0024,0,0,Ing0405-2
c0024,0,1,Ing0405-2
c0024,0,2,Ing0405-2
c0024,4,0,Ing0405-2
c0024,4,4,Ing0405-2
c0252,0,0,Ing0405-2
c0252,0,2,Ing0405-2
c0252,0,3,Ing0405-2
c0252,0,4,Ing0405-2
c0252,4,2,Ing0405-2
c0252,4,3,Ing0405-2
c0252,4,4,Ing0405-2
c0253,0,0,Ing0405-2
c0253,1,0,Ing0405-2
c0253,2,0,Ing0405-2
c0253,3,0,Ing0405-2
c0253,4,0,Ing0405-2
c0257,0,0,Ing0405-2
c0257,0,1,Ing0405-2
c0257,0,2,Ing0405-2
c0257,0,3,Ing0405-2
c0257,0,4,Ing0405-2
c0257,1,0,Ing0405-2
c0257,4,1,Ing0405-2
c0257,4,3,Ing0405-2
c0257,4,4,Ing0405-2
c0279,0,4,Ing0405-2
c0279,1,4,Ing0405-2
c0279,2,4,Ing0405-2
c0279,3,4,Ing0405-2
c0279,4,4,Ing0405-2
c0411,0,2,Ing0405-2
c0411,0,3,Ing0405-2
c0411,0,4,Ing0405-2
nan,1,0,Ing0405-2
c0411,1,1,Ing0405-2
c0411,1,2,Ing0405-2
c0423,0,2,Ing0405-2
c0423,1,2,Ing0405-2
c0423,2,2,Ing0405-2
c0423,3,4,Ing0405-2
c0423,4,2,Ing0405-2
c0423,4,3,Ing0405-2
c0423,4,4,Ing0405-2
c0044,0,0,Ing0405-2
c0044,1,0,Ing0405-2
c0044,3,0,Ing0405-2
c0044,4,0,Ing0405-2
c0044,4,1,Ing0405-2
c0044,4,2,Ing0405-2
c0044,4,3,Ing0405-2
c0443,0,0,Ing0405-2
c0443,0,1,Ing0405-2
c0443,0,2,Ing0405-2
c0443,0,3,Ing0405-2
c0443,0,4,Ing0405-2
c0443,4,2,Ing0405-2
c0443,4,3,Ing0405-2
c0449,1,0,Ing0405-2
c0449,2,0,Ing0405-2
c0449,3,0,Ing0405-2
c0449,4,0,Ing0405-2
c0455,1,1,Ing0405-2
c0455,1,2,Ing0405-2
c0455,2,0,Ing0405-2
c0455,2,1,Ing0405-2
c0455,2,3,Ing0405-2
c0455,2,4,Ing0405-2
c0467,1,2,Ing0405-2
c0467,3,2,Ing0405-2
c0467,4,2,Ing0405-2
c0047,0,0,Ing0405-2
c0047,0,1,Ing0405-2
c0047,0,3,Ing0405-2
c0047,1,0,Ing0405-2
c0047,1,1,Ing0405-2
c0047,4,3,Ing0405-2
c0047,4,4,Ing0405-2
c0478,0,2,Ing0405-2
c0478,0,3,Ing0405-2
c0478,0,4,Ing0405-2
c0478,2,2,Ing0405-2
c0478,2,3,Ing0405-2
c0478,2,4,Ing0405-2
c0479,0,0,Ing0405-2
c0479,0,1,Ing0405-2
c0479,0,2,Ing0405-2
c0479,0,3,Ing0405-2
c0479,0,4,Ing0405-2
c0479,4,2,Ing0405-2
c0479,4,3,Ing0405-2
c0487,0,0,Ing0405-2
c0487,0,1,Ing0405-2
c0487,0,2,Ing0405-2
c0487,0,4,Ing0405-2
c0487,1,0,Ing0405-2
c0487,1,2,Ing0405-2
c0487,1,3,Ing0405-2
c0487,2,0,Ing0405-2
c0487,2,2,Ing0405-2
c0487,2,3,Ing0405-2
c0487,3,1,Ing0405-2
c0487,4,0,Ing0405-2
c0487,4,1,Ing0405-2
c0049,0,0,Ing0405-2
c0049,0,2,Ing0405-2
c0049,0,3,Ing0405-2
c0049,4,2,Ing0405-2
c0049,4,4,Ing0405-2
c0497,1,0,Ing0405-2
c0497,1,4,Ing0405-2
c0497,2,4,Ing0405-2
c0497,3,0,Ing0405-2
c0497,3,4,Ing0405-2
c0497,4,0,Ing0405-2
c0497,4,4,Ing0405-2
c0503,0,0,Ing0405-2
c0503,0,1,Ing0405-2
c0503,0,2,Ing0405-2
c0503,0,3,Ing0405-2
c0503,0,4,Ing0405-2
c0503,1,0,Ing0405-2
c0503,1,1,Ing0405-2
c0503,1,2,Ing0405-2
c0504,0,0,Ing0405-2
c0504,0,1,Ing0405-2
c0504,0,2,Ing0405-2
c0504,0,3,Ing0405-2
c0504,0,4,Ing0405-2
c0504,4,0,Ing0405-2
c0504,4,2,Ing0405-2
c0504,4,3,Ing0405-2
c0504,4,4,Ing0405-2
c0515,0,3,Ing0405-2
c0515,0,4,Ing0405-2
c0515,2,2,Ing0405-2
c0515,2,3,Ing0405-2
c0515,2,4,Ing0405-2
c0515,4,2,Ing0405-2
c0515,4,4,Ing0405-2
c0520,0,0,Ing0405-2
c0520,0,1,Ing0405-2
c0520,0,2,Ing0405-2
c0520,0,3,Ing0405-2
c0520,0,4,Ing0405-2
c0520,1,0,Ing0405-2
c0520,2,0,Ing0405-2
c0526,0,0,Ing0405-2
c0526,0,2,Ing0405-2
c0526,0,3,Ing0405-2
c0526,0,4,Ing0405-2
c0532,0,2,Ing0405-2
c0532,1,2,Ing0405-2
c0532,1,4,Ing0405-2
c0532,2,2,Ing0405-2
c0532,2,4,Ing0405-2
c0534,0,0,Ing0405-2
c0534,0,1,Ing0405-2
c0534,0,3,Ing0405-2
c0534,0,4,Ing0405-2
c0534,4,0,Ing0405-2
c0534,4,2,Ing0405-2
c0534,4,3,Ing0405-2
c0535,0,4,Ing0405-2
c0535,1,0,Ing0405-2
c0535,1,4,Ing0405-2
nan,2,0,Ing0405-2
c0535,2,2,Ing0405-2
c0535,2,3,Ing0405-2
c0535,2,4,Ing0405-2
c0535,3,0,Ing0405-2
c0535,3,4,Ing0405-2
c0535,4,0,Ing0405-2
c0535,4,4,Ing0405-2
c0554,0,1,Ing0405-2
c0554,0,2,Ing0405-2
c0554,2,0,Ing0405-2
c0554,3,0,Ing0405-2
c0554,4,3,Ing0405-2
c0554,4,4,Ing0405-2
c0056,2,0,Ing0405-2
c0056,2,2,Ing0405-2
c0056,2,3,Ing0405-2
c0056,2,4,Ing0405-2
c0056,3,3,Ing0405-2
c0056,3,4,Ing0405-2
c0056,4,3,Ing0405-2
c0056,4,4,Ing0405-2
c0058,0,0,Ing0405-2
c0058,1,0,Ing0405-2
c0058,3,1,Ing0405-2
c0058,3,2,Ing0405-2
c0058,3,3,Ing0405-2
nan,3,4,Ing0405-2
c0058,4,0,Ing0405-2
c0602,0,2,Ing0405-2
c0602,2,2,Ing0405-2
c0602,3,0,Ing0405-2
c0602,3,1,Ing0405-2
c0602,3,3,Ing0405-2
c0602,3,4,Ing0405-2
c0602,4,1,Ing0405-2
c0602,4,2,Ing0405-2
c0602,4,4,Ing0405-2
c0061,0,0,Ing0405-2
c0061,0,1,Ing0405-2
c0061,0,2,Ing0405-2
c0061,1,0,Ing0405-2
c0061,1,2,Ing0405-2
c0061,1,3,Ing0405-2
c0061,2,0,Ing0405-2
c0061,4,0,Ing0405-2
c0062,0,1,Ing0405-2
c0062,0,2,Ing0405-2
c0062,0,3,Ing0405-2
c0062,0,4,Ing0405-2
c0062,1,0,Ing0405-2
c0062,4,4,Ing0405-2
c0069,0,4,Ing0405-2
c0069,1,4,Ing0405-2
c0069,2,1,Ing0405-2
c0069,2,4,Ing0405-2
c0069,3,2,Ing0405-2
c0069,3,3,Ing0405-2
c0069,3,4,Ing0405-2
c0069,4,3,Ing0405-2
c0069,4,4,Ing0405-2
c0007,0,0,Ing0405-2
c0007,0,1,Ing0405-2
c0007,0,2,Ing0405-2
c0007,0,3,Ing0405-2
c0007,1,2,Ing0405-2
c0007,2,2,Ing0405-2
c0007,3,2,Ing0405-2
c0072,0,0,Ing0405-2
c0072,0,1,Ing0405-2
c0072,0,3,Ing0405-2
c0072,0,4,Ing0405-2
c0072,1,0,Ing0405-2
c0072,1,1,Ing0405-2
c0072,1,3,Ing0405-2
c0072,1,4,Ing0405-2
c0723,1,0,Ing0405-2
c0723,1,1,Ing0405-2
c0723,1,2,Ing0405-2
c0723,1,3,Ing0405-2
c0723,2,3,Ing0405-2
c0723,3,3,Ing0405-2
c0723,3,4,Ing0405-2
c0730,0,0,Ing0405-2
c0730,0,1,Ing0405-2
c0730,0,2,Ing0405-2
c0730,0,3,Ing0405-2
c0730,0,4,Ing0405-2
c0730,1,1,Ing0405-2
c0730,4,3,Ing0405-2
c0730,4,4,Ing0405-2
c0737,0,0,Ing0405-2
c0737,0,1,Ing0405-2
c0737,0,3,Ing0405-2
c0737,0,4,Ing0405-2
c0737,4,0,Ing0405-2
c0737,4,3,Ing0405-2
c0737,4,4,Ing0405-2
c0742,0,1,Ing0405-2
c0742,0,2,Ing0405-2
c0742,0,3,Ing0405-2
c0742,4,1,Ing0405-2
c0742,4,3,Ing0405-2
c0742,4,4,Ing0405-2
c0076,0,0,Ing0405-2
c0076,0,4,Ing0405-2
c0076,1,0,Ing0405-2
c0076,1,4,Ing0405-2
c0076,2,0,Ing0405-2
c0076,3,0,Ing0405-2
c0076,4,0,Ing0405-2
c0076,4,4,Ing0405-2
c0785,0,0,Ing0405-2
c0785,0,1,Ing0405-2
c0785,2,0,Ing0405-2
c0785,2,1,Ing0405-2
c0785,2,2,Ing0405-2
c0804,3,2,Ing0405-2
c0804,3,3,Ing0405-2
c0804,3,4,Ing0405-2
c0804,4,0,Ing0405-2
c0804,4,2,Ing0405-2
c0804,4,3,Ing0405-2
c0804,4,4,Ing0405-2
c0807,0,0,Ing0405-2
c0807,0,4,Ing0405-2
c0807,1,0,Ing0405-2
c0807,1,4,Ing0405-2
c0807,3,0,Ing0405-2
c0807,4,4,Ing0405-2
c0808,0,0,Ing0405-2
c0808,0,1,Ing0405-2
nan,0,2,Ing0405-2
c0808,1,2,Ing0405-2
c0808,3,2,Ing0405-2
c0808,4,0,Ing0405-2
c0808,4,1,Ing0405-2
c0808,4,2,Ing0405-2
c088a,0,2,Ing0405-2
c088a,1,2,Ing0405-2
c088a,1,3,Ing0405-2
c088a,3,2,Ing0405-2
c088a,4,0,Ing0405-2
c088a,4,1,Ing0405-2
c088a,4,2,Ing0405-2
c088a,4,3,Ing0405-2
c088a,4,4,Ing0405-2
c0936,0,0,Ing0405-2
c0936,0,1,Ing0405-2
c0936,2,0,Ing0405-2
c0936,2,1,Ing0405-2
c0936,2,2,Ing0405-2
c0936,2,3,Ing0405-2
c0936,2,4,Ing0405-2
c0095,1,3,Ing0405-2
c0095,1,4,Ing0405-2
nan,2,4,Ing0405-2
c0095,3,1,Ing0405-2
c0095,3,2,Ing0405-2
c0095,3,3,Ing0405-2
c0095,3,4,Ing0405-2
c0095,4,2,Ing0405-2
c0095,4,3,Ing0405-2
c0095,4,4,Ing0405-2
c0998,0,0,Ing0405-2
c0998,0,1,Ing0405-2
c0998,0,3,Ing0405-2
c0998,0,4,Ing0405-2
c0998,4,2,Ing0405-2
c0998,4,3,Ing0405-2
c0006,4,1,Fis0506-2
c0006,4,2,Fis0506-2
c0006,4,3,Fis0506-2
c0006,4,5,Fis0506-2
c0007,0,0,Fis0506-2
c0007,0,2,Fis0506-2
c0007,0,3,Fis0506-2
c0007,0,4,Fis0506-2
c0026,3,0,Fis0506-2
c0026,3,1,Fis0506-2
c0026,3,2,Fis0506-2
c0026,3,3,Fis0506-2
c0026,3,4,Fis0506-2
c0026,3,5,Fis0506-2
c0009,2,2,Fis0506-2
c0009,2,4,Fis0506-2
c0009,3,1,Fis0506-2
c0009,3,2,Fis0506-2
c0009,3,3,Fis0506-2
c0009,3,4,Fis0506-2
c0009,3,5,Fis0506-2
c0038,3,2,Fis0506-2
c0038,3,3,Fis0506-2
c0038,3,4,Fis0506-2
c0038,4,2,Fis0506-2
c0038,4,3,Fis0506-2
c0038,4,4,Fis0506-2
c0038,4,5,Fis0506-2
c0113,0,0,Fis0506-2
c0113,1,0,Fis0506-2
c0113,3,0,Fis0506-2
c0113,0,1,Fis0506-2
c0113,1,1,Fis0506-2
c0113,2,1,Fis0506-2
c0113,1,2,Fis0506-2
c0113,3,2,Fis0506-2
c0113,4,2,Fis0506-2
c0113,0,3,Fis0506-2
c0113,1,3,Fis0506-2
c0113,2,3,Fis0506-2
c0113,3,3,Fis0506-2
c0113,4,3,Fis0506-2
c0115,0,3,Fis0506-2
c0115,1,3,Fis0506-2
c0115,2,3,Fis0506-2
c0115,4,3,Fis0506-2
c0115,0,4,Fis0506-2
c0115,1,4,Fis0506-2
c0115,2,4,Fis0506-2
c0115,3,4,Fis0506-2
c0115,0,5,Fis0506-2
c0115,1,5,Fis0506-2
c0115,2,5,Fis0506-2
c0115,3,5,Fis0506-2
c0115,4,5,Fis0506-2
c0116,0,0,Fis0506-2
c0116,0,1,Fis0506-2
ArcClaCS,0,0,Let0506-2
ArcClaCS,0,2,Let0506-2
ArcClaCS,4,3,Let0506-2
ArcClaCS,4,5,Let0506-2
ArcCla2,0,0,Let0506-2
ArcCla2,0,1,Let0506-2
ArcCla2,0,2,Let0506-2
ArcCla2,4,4,Let0506-2
ArcCla2,4,5,Let0506-2
ArcCriMed,0,0,Let0506-2
ArcCriMed,0,1,Let0506-2
ArcCriMed,2,0,Let0506-2
ArcCriMed,2,1,Let0506-2
ArcCriMed,2,3,Let0506-2
ArcCriMed,2,4,Let0506-2
ArcCriMed,2,5,Let0506-2
ArcCriMed,4,1,Let0506-2
ArcCriMed,4,2,Let0506-2
ArcCriMed,4,4,Let0506-2
ArcCriMed,4,5,Let0506-2
ArcVicOriAnt,0,0,Let0506-2
ArcVicOriAnt,0,1,Let0506-2
ArcVicOriAnt,0,2,Let0506-2
ArcVicOriAnt,0,5,Let0506-2
ArcVicOriAnt,1,0,Let0506-2
ArcVicOriAnt,1,1,Let0506-2
ArcVicOriAnt,1,2,Let0506-2
ArcVicOriAnt,1,5,Let0506-2
ArcVicOriAnt,2,1,Let0506-2
ArcVicOriAnt,2,2,Let0506-2
ArcVicOriAnt,2,5,Let0506-2
ArcVicOriAnt,3,0,Let0506-2
ArcVicOriAnt,3,1,Let0506-2
ArcVicOriAnt,3,2,Let0506-2
ArcVicOriAnt,3,5,Let0506-2
ArcVicOriAnt,4,0,Let0506-2
ArcVicOriAnt,4,2,Let0506-2
ArcVicOriAnt,4,5,Let0506-2
ArcMedCS,0,0,Let0506-2
ArcMedCS,2,0,Let0506-2
ArcMedCS,2,1,Let0506-2
ArcMedCS,2,2,Let0506-2
ArcMedCS,2,3,Let0506-2
ArcMedCS,2,4,Let0506-2
ArcMedCS,2,5,Let0506-2
ArcMedCS,4,0,Let0506-2
ArcMedCS,4,2,Let0506-2
ArcMedCS,4,3,Let0506-2
ArcMedCS,4,4,Let0506-2
ArcMedCS,4,5,Let0506-2
Archiv,0,0,Let0506-2
Archiv,0,1,Let0506-2
Archiv,0,2,Let0506-2
Archiv,0,4,Let0506-2
Archiv,0,5,Let0506-2
Archiv,1,3,Let0506-2
Archiv,1,4,Let0506-2
Archiv,2,3,Let0506-2
nan,2,4,Let0506-2
nan,2,5,Let0506-2
nan,3,3,Let0506-2
Archiv,3,4,Let0506-2
Archiv,3,5,Let0506-2
Archiv,4,4,Let0506-2
Archiv,4,5,Let0506-2
ArchivCS,0,0,Let0506-2
ArchivCS,0,1,Let0506-2
ArchivCS,0,2,Let0506-2
ArchivCS,0,3,Let0506-2
ArchivCS,0,5,Let0506-2
ArchivCS,1,0,Let0506-2
ArchivCS,1,1,Let0506-2
ArchivCS,1,2,Let0506-2
ArchivCS,2,1,Let0506-2
ArchivCS,2,2,Let0506-2
ArchivCS,3,0,Let0506-2
ArchivCS,4,0,Let0506-2
ArchivCS,4,1,Let0506-2
nan,4,2,Let0506-2
BioarcCS,0,0,Let0506-2
BioarcCS,0,1,Let0506-2
BioarcCS,0,2,Let0506-2
BioarcCS,1,0,Let0506-2
BioarcCS,1,1,Let0506-2
BioarcCS,1,2,Let0506-2
BioarcCS,2,3,Let0506-2
BioarcCS,2,4,Let0506-2
BioarcCS,3,0,Let0506-2
nan,3,1,Let0506-2
BioarcCS,3,2,Let0506-2
BioarcCS,3,4,Let0506-2
BioarcCS,3,5,Let0506-2
BioarcCS,4,0,Let0506-2
BioarcCS,4,2,Let0506-2
BioarcCS,4,3,Let0506-2
BioarcCS,4,4,Let0506-2
nan,4,5,Let0506-2
ChiResCS,0,0,Let0506-2
ChiResCS,0,2,Let0506-2
ChiResCS,0,3,Let0506-2
ChiResCS,0,4,Let0506-2
ChiResCS,0,5,Let0506-2
ChiResCS,1,0,Let0506-2
ChiResCS,1,1,Let0506-2
ChiResCS,1,2,Let0506-2
ChiResCS,1,3,Let0506-2
ChiResCS,1,4,Let0506-2
ChiResCS,1,5,Let0506-2
ChiResCS,4,2,Let0506-2
ChiResCS,4,3,Let0506-2
ChiResCS,4,5,Let0506-2
Codico,0,0,Let0506-2
Codico,1,0,Let0506-2
Codico,2,2,Let0506-2
Codico,2,3,Let0506-2
Codico,2,4,Let0506-2
Codico,2,5,Let0506-2
Codico,3,0,Let0506-2
Codico,3,1,Let0506-2
Codico,3,2,Let0506-2
Codico,3,4,Let0506-2
Codico,3,5,Let0506-2
Codico,4,0,Let0506-2
Codico,4,1,Let0506-2
Codico,4,2,Let0506-2
Codico,4,5,Let0506-2
CodicoCS,0,0,Let0506-2
CodicoCS,2,0,Let0506-2
CodicoCS,2,2,Let0506-2
CodicoCS,3,0,Let0506-2
CodicoCS,3,2,Let0506-2
CodicoCS,3,3,Let0506-2
CodicoCS,3,4,Let0506-2
CodicoCS,3,5,Let0506-2
CodicoCS,4,0,Let0506-2
CodicoCS,4,1,Let0506-2
CodicoCS,4,2,Let0506-2
CodicoCS,4,3,Let0506-2
CodicoCS,4,4,Let0506-2
CodicoCS,4,5,Let0506-2
EleInfSciCatBenCulM2,0,0,Let0506-2
EleInfSciCatBenCulM2,0,2,Let0506-2
EleInfSciCatBenCulM2,0,4,Let0506-2
EleInfSciCatBenCulM2,0,5,Let0506-2
EleInfSciCatBenCulM2,1,0,Let0506-2
EleInfSciCatBenCulM2,1,1,Let0506-2
EleInfSciCatBenCulM2,1,2,Let0506-2
EleInfSciCatBenCulM2,1,3,Let0506-2
EleInfSciCatBenCulM2,2,0,Let0506-2
EleInfSciCatBenCulM2,2,3,Let0506-2
EleInfSciCatBenCulM2,2,4,Let0506-2
EleInfSciCatBenCulM2,2,5,Let0506-2
EleInfSciCatBenCulM2,3,0,Let0506-2
EleInfSciCatBenCulM2,3,1,Let0506-2
EleInfSciCatBenCulM2,3,2,Let0506-2
EleInfSciCatBenCulM2,3,3,Let0506-2
EleInfSciCatBenCulM2,3,5,Let0506-2
EleInfSciCatBenCulM2,4,0,Let0506-2
EleInfSciCatBenCulM2,4,1,Let0506-2
EleInfSciCatBenCulM3,0,0,Let0506-2
EleInfSciCatBenCulM3,0,1,Let0506-2
EleInfSciCatBenCulM3,0,2,Let0506-2
EleInfSciCatBenCulM3,0,3,Let0506-2
EleInfSciCatBenCulM3,1,0,Let0506-2
EleInfSciCatBenCulM3,1,1,Let0506-2
EleInfSciCatBenCulM3,1,5,Let0506-2
EleInfSciCatBenCulM3,2,0,Let0506-2
EleInfSciCatBenCulM3,2,4,Let0506-2
EleInfSciCatBenCulM3,2,5,Let0506-2
EleInfSciCatBenCulM3,3,0,Let0506-2
EleInfSciCatBenCulM3,3,1,Let0506-2
EleInfSciCatBenCulM3,4,0,Let0506-2
EleInfSciCatBenCulM3,4,1,Let0506-2
EleInfSciCatBenCulM3,4,2,Let0506-2
EleInfSciCatBenCulM3,4,3,Let0506-2
EleInfSciCatBenCulM3,4,4,Let0506-2
EleInfSciCatBenCulM3,4,5,Let0506-2
Esteti,0,2,Let0506-2
Esteti,0,3,Let0506-2
Esteti,1,2,Let0506-2
Esteti,1,3,Let0506-2
Esteti,4,2,Let0506-2
Esteti,4,3,Let0506-2
FilTeo,0,0,Let0506-2
FilTeo,0,1,Let0506-2
FilTeo,0,2,Let0506-2
FilTeo,0,3,Let0506-2
FilTeo,0,4,Let0506-2
FilTeo,0,5,Let0506-2
FilTeo,4,0,Let0506-2
FilTeo,4,1,Let0506-2
FilTeo,4,2,Let0506-2
InfDoc,0,0,Let0506-2
InfDoc,0,1,Let0506-2
InfDoc,0,2,Let0506-2
InfDoc,1,4,Let0506-2
InfDoc,1,5,Let0506-2
InfDoc,2,1,Let0506-2
InfDoc,2,2,Let0506-2
InfDoc,3,1,Let0506-2
InfDoc,3,2,Let0506-2
LegBenCul2,0,0,Let0506-2
LegBenCul2,0,1,Let0506-2
LegBenCul2,0,2,Let0506-2
LegBenCul2,1,0,Let0506-2
LegBenCul2,1,1,Let0506-2
LegBenCul2,1,2,Let0506-2
LegBenCul2,2,2,Let0506-2
LegBenCul2,3,1,Let0506-2
LegBenCul2,4,0,Let0506-2
LegBenCul2,4,1,Let0506-2
LegBenCul2,4,2,Let0506-2
LetCriAnt,0,3,Let0506-2
LetCriAnt,0,4,Let0506-2
LetCriAnt,0,5,Let0506-2
LetCriAnt,1,0,Let0506-2
nan,1,1,Let0506-2
LetCriAnt,1,2,Let0506-2
LetCriAnt,1,5,Let0506-2
LetCriAnt,2,3,Let0506-2
LetCriAnt,2,4,Let0506-2
LetCriAnt,2,5,Let0506-2
LetCriAnt,3,0,Let0506-2
LetCriAnt,3,1,Let0506-2
LetCriAnt,3,2,Let0506-2
LetCriAnt,3,3,Let0506-2
nan,3,4,Let0506-2
LetCriAnt,3,5,Let0506-2
LetCriAnt,4,0,Let0506-2
nan,4,3,Let0506-2
LinLetGre1,0,0,Let0506-2
LinLetGre1,0,4,Let0506-2
LinLetGre1,0,5,Let0506-2
LinLetGre1,1,0,Let0506-2
LinLetGre1,1,4,Let0506-2
LinLetGre1,2,0,Let0506-2
LinLetGre1,2,4,Let0506-2
LinLetGre1,2,5,Let0506-2
LinLetGre1,3,0,Let0506-2
LinLetGre1,3,4,Let0506-2
LinLetGre1,3,5,Let0506-2
LinLetGre1,4,0,Let0506-2
LinLetGre1,4,4,Let0506-2
LinLetGre1,4,5,Let0506-2
LinLetLatCS,0,0,Let0506-2
LinLetLatCS,0,1,Let0506-2
LinLetLatCS,0,2,Let0506-2
LinLetLatCS,2,3,Let0506-2
LinLetLatCS,2,4,Let0506-2
LinLetLatCS,3,0,Let0506-2
LinLetLatCS,3,1,Let0506-2
LinLetLatCS,3,2,Let0506-2
LinLetLatCS,3,3,Let0506-2
LinLetLatCS,3,4,Let0506-2
LinLetLatCS,3,5,Let0506-2
LinLetLatCS,4,0,Let0506-2
LinLetLatCS,4,1,Let0506-2
LinLetLatCS,4,3,Let0506-2
LinLetLatCS,4,4,Let0506-2
LinLetLatCS,4,5,Let0506-2
LinLetLat2,0,1,Let0506-2
LinLetLat2,0,2,Let0506-2
LinLetLat2,0,3,Let0506-2
LinLetLat2,2,3,Let0506-2
LinLetLat2,2,4,Let0506-2
LinLetLat2,2,5,Let0506-2
nan,3,0,Let0506-2
LinLetLat2,3,3,Let0506-2
LinLetLat2,3,5,Let0506-2
LinLetLat2,4,0,Let0506-2
LinLetLat2,4,1,Let0506-2
LinLetLat2,4,2,Let0506-2
LinLetLat2,4,3,Let0506-2
LinLetLat2,4,4,Let0506-2
LinLetLat2,4,5,Let0506-2
LinIta,0,1,Let0506-2
LinIta,0,2,Let0506-2
LinIta,0,3,Let0506-2
LinIta,0,4,Let0506-2
LinIta,0,5,Let0506-2
LinIta,1,0,Let0506-2
LinIta,1,1,Let0506-2
LinIta,1,3,Let0506-2
LinIta,1,4,Let0506-2
LinIta,1,5,Let0506-2
LinIta,2,0,Let0506-2
LinIta,2,1,Let0506-2
nan,4,4,Let0506-2
LinIta,4,5,Let0506-2
MatCarCosResEdiSto,0,0,Let0506-2
MatCarCosResEdiSto,0,2,Let0506-2
MatCarCosResEdiSto,2,3,Let0506-2
MatCarCosResEdiSto,2,4,Let0506-2
MatCarCosResEdiSto,2,5,Let0506-2
MatCarCosResEdiSto,3,1,Let0506-2
MatCarCosResEdiSto,3,2,Let0506-2
MatCarCosResEdiSto,3,3,Let0506-2
MatCarCosResEdiSto,3,4,Let0506-2
MatCarCosResEdiSto,3,5,Let0506-2
MatCarCosResEdiSto,4,0,Let0506-2
MatCarCosResEdiSto,4,1,Let0506-2
MatCarCosResEdiSto,4,2,Let0506-2
MatCarCosResEdiSto,4,3,Let0506-2
MatCarCosResEdiSto,4,4,Let0506-2
MatCarCosResEdiSto,4,5,Let0506-2
MetRicStoArt,0,3,Let0506-2
MetRicStoArt,1,3,Let0506-2
nan,1,4,Let0506-2
MetRicStoArt,1,5,Let0506-2
MetRicStoArt,2,3,Let0506-2
MetRicStoArt,2,4,Let0506-2
MetRicStoArt,2,5,Let0506-2
MetRicStoArt,3,0,Let0506-2
MetRicStoArt,3,1,Let0506-2
MetRicStoArt,3,2,Let0506-2
MetRicStoArt,3,3,Let0506-2
MetRicStoArt,3,4,Let0506-2
MetRicStoArt,3,5,Let0506-2
MetRicStoArt,4,0,Let0506-2
MetRicStoArt,4,1,Let0506-2
MetRicStoArt,4,2,Let0506-2
MetRicStoArt,4,3,Let0506-2
MetRicStoArt,4,5,Let0506-2
NumismCS,0,0,Let0506-2
NumismCS,0,1,Let0506-2
NumismCS,0,2,Let0506-2
NumismCS,0,5,Let0506-2
NumismCS,1,0,Let0506-2
NumismCS,1,1,Let0506-2
NumismCS,1,2,Let0506-2
NumismCS,1,5,Let0506-2
NumismCS,2,1,Let0506-2
NumismCS,2,5,Let0506-2
NumismCS,3,1,Let0506-2
NumismCS,3,2,Let0506-2
NumismCS,3,5,Let0506-2
NumismCS,4,0,Let0506-2
NumismCS,4,1,Let0506-2
NumismCS,4,5,Let0506-2
OrientCS,0,0,Let0506-2
OrientCS,0,1,Let0506-2
OrientCS,0,2,Let0506-2
OrientCS,0,4,Let0506-2
OrientCS,1,1,Let0506-2
OrientCS,1,2,Let0506-2
OrientCS,1,3,Let0506-2
OrientCS,1,4,Let0506-2
OrientCS,2,1,Let0506-2
OrientCS,2,2,Let0506-2
OrientCS,2,5,Let0506-2
OrientCS,3,0,Let0506-2
OrientCS,3,1,Let0506-2
OrientCS,3,2,Let0506-2
OrientCS,3,5,Let0506-2
OrientCS,4,0,Let0506-2
OrientCS,4,1,Let0506-2
OrientCS,4,2,Let0506-2
OrientCS,4,3,Let0506-2
OrientCS,4,4,Let0506-2
OrientCS,4,5,Let0506-2
Paleoa,0,0,Let0506-2
Paleoa,0,2,Let0506-2
Paleoa,1,0,Let0506-2
Paleoa,1,1,Let0506-2
Paleoa,2,3,Let0506-2
Paleoa,2,4,Let0506-2
Paleoa,2,5,Let0506-2
Paleoa,3,0,Let0506-2
Paleoa,3,1,Let0506-2
Paleoa,3,2,Let0506-2
Paleoa,3,3,Let0506-2
Paleoa,3,4,Let0506-2
Paleoa,3,5,Let0506-2
Paleoa,4,0,Let0506-2
Paleoa,4,1,Let0506-2
Paleoa,4,2,Let0506-2
Paleoa,4,4,Let0506-2
Paleoa,4,5,Let0506-2
PalLat,0,0,Let0506-2
PalLat,0,5,Let0506-2
PalLat,1,0,Let0506-2
PalLat,1,5,Let0506-2
PalLat,2,0,Let0506-2
PalLat,2,5,Let0506-2
PalLat,3,0,Let0506-2
PalLat,3,5,Let0506-2
PalLat,4,0,Let0506-2
PalLat,4,5,Let0506-2
PapiroCS,0,0,Let0506-2
PapiroCS,0,2,Let0506-2
PapiroCS,0,3,Let0506-2
PapiroCS,2,3,Let0506-2
PapiroCS,2,4,Let0506-2
PapiroCS,3,0,Let0506-2
PapiroCS,3,1,Let0506-2
PapiroCS,3,2,Let0506-2
PapiroCS,3,3,Let0506-2
PapiroCS,3,4,Let0506-2
PapiroCS,3,5,Let0506-2
PapiroCS,4,0,Let0506-2
PapiroCS,4,2,Let0506-2
PapiroCS,4,3,Let0506-2
PapiroCS,4,4,Let0506-2
PapiroCS,4,5,Let0506-2
ProMedCS,0,0,Let0506-2
ProMedCS,0,3,Let0506-2
ProMedCS,0,4,Let0506-2
ProMedCS,1,0,Let0506-2
ProMedCS,1,3,Let0506-2
ProMedCS,1,4,Let0506-2
ProMedCS,1,5,Let0506-2
ProMedCS,2,0,Let0506-2
ProMedCS,2,3,Let0506-2
ProMedCS,2,4,Let0506-2
ProMedCS,2,5,Let0506-2
ProMedCS,3,4,Let0506-2
ProMedCS,3,5,Let0506-2
ProMedCS,4,0,Let0506-2
ProMedCS,4,3,Let0506-2
ProMedCS,4,4,Let0506-2
ProMedCS,4,5,Let0506-2
PsiTur,0,0,Let0506-2
PsiTur,0,1,Let0506-2
PsiTur,0,2,Let0506-2
PsiTur,0,3,Let0506-2
PsiTur,0,4,Let0506-2
PsiTur,0,5,Let0506-2
PsiTur,1,0,Let0506-2
PsiTur,2,0,Let0506-2
PsiTur,3,0,Let0506-2
StoAntStaItaCS,0,0,Let0506-2
StoAntStaItaCS,0,2,Let0506-2
StoAntStaItaCS,2,3,Let0506-2
StoAntStaItaCS,2,4,Let0506-2
StoAntStaItaCS,3,0,Let0506-2
StoAntStaItaCS,3,2,Let0506-2
StoAntStaItaCS,3,3,Let0506-2
StoAntStaItaCS,3,4,Let0506-2
StoAntStaItaCS,3,5,Let0506-2
StoAntStaItaCS,4,0,Let0506-2
StoAntStaItaCS,4,1,Let0506-2
StoAntStaItaCS,4,2,Let0506-2
StoAntStaItaCS,4,3,Let0506-2
StoAntStaItaCS,4,4,Let0506-2
StoAntStaItaCS,4,5,Let0506-2
StoColIstMus,0,0,Let0506-2
StoColIstMus,0,5,Let0506-2
StoColIstMus,1,0,Let0506-2
StoColIstMus,1,5,Let0506-2
StoColIstMus,2,0,Let0506-2
StoColIstMus,3,2,Let0506-2
StoColIstMus,3,4,Let0506-2
StoColIstMus,3,5,Let0506-2
StoColIstMus,4,1,Let0506-2
StoColIstMus,4,4,Let0506-2
StoColIstMus,4,5,Let0506-2
StoDisGra,0,0,Let0506-2
StoDisGra,0,1,Let0506-2
StoDisGra,0,2,Let0506-2
StoDisGra,2,3,Let0506-2
StoDisGra,2,4,Let0506-2
StoDisGra,2,5,Let0506-2
StoDisGra,3,0,Let0506-2
StoDisGra,3,2,Let0506-2
StoDisGra,3,3,Let0506-2
StoDisGra,3,4,Let0506-2
StoDisGra,3,5,Let0506-2
StoDisGra,4,0,Let0506-2
StoDisGra,4,1,Let0506-2
StoDisGra,4,2,Let0506-2
StoDisGra,4,3,Let0506-2
StoDisGra,4,4,Let0506-2
StoFriCS,0,0,Let0506-2
StoFriCS,0,1,Let0506-2
StoFriCS,0,2,Let0506-2
StoFriCS,0,4,Let0506-2
StoFriCS,1,0,Let0506-2
StoFriCS,1,1,Let0506-2
StoFriCS,1,2,Let0506-2
StoFriCS,1,3,Let0506-2
StoFriCS,1,4,Let0506-2
StoFriCS,1,5,Let0506-2
StoFriCS,2,3,Let0506-2
StoFriCS,2,4,Let0506-2
StoFriCS,3,3,Let0506-2
StoFriCS,3,5,Let0506-2
StoFriCS,4,3,Let0506-2
StoFriCS,4,5,Let0506-2
StoLibSta,0,0,Let0506-2
StoLibSta,0,1,Let0506-2
StoLibSta,0,2,Let0506-2
StoLibSta,2,3,Let0506-2
StoLibSta,2,5,Let0506-2
StoLibSta,3,1,Let0506-2
StoLibSta,3,3,Let0506-2
StoLibSta,3,4,Let0506-2
StoLibSta,3,5,Let0506-2
StoLibSta,4,1,Let0506-2
StoLibSta,4,2,Let0506-2
StoLibSta,4,4,Let0506-2
StoLibSta,4,5,Let0506-2
StoRes,0,0,Let0506-2
StoRes,0,1,Let0506-2
StoRes,0,2,Let0506-2
StoRes,0,3,Let0506-2
StoRes,1,0,Let0506-2
StoRes,1,1,Let0506-2
StoRes,2,0,Let0506-2
StoRes,2,1,Let0506-2
StoRes,2,2,Let0506-2
StoRes,2,3,Let0506-2
StoRes,3,0,Let0506-2
StoRes,3,1,Let0506-2
StoRes,3,3,Let0506-2
StoRes,3,4,Let0506-2
StoRes,4,0,Let0506-2
StoRes,4,1,Let0506-2
StoArcCon,1,4,Let0506-2
StoArcCon,1,5,Let0506-2
StoArcCon,2,4,Let0506-2
StoCriArt,0,0,Let0506-2
StoCriArt,0,1,Let0506-2
StoCriArt,0,2,Let0506-2
StoCriArt,0,3,Let0506-2
StoCriArt,2,2,Let0506-2
StoCriArt,2,3,Let0506-2
StoCriArt,2,4,Let0506-2
StoCriArt,2,5,Let0506-2
StoCriArt,3,0,Let0506-2
StoCriArt,3,2,Let0506-2
StoCriArt,3,5,Let0506-2
StoCriArt,4,0,Let0506-2
StoCriArt,4,1,Let0506-2
StoCriArt,4,2,Let0506-2
StoCriArt,4,3,Let0506-2
StoCriArt,4,4,Let0506-2
StoCriArt,4,5,Let0506-2
StoFilCS,0,1,Let0506-2
StoFilCS,0,3,Let0506-2
StoFilCS,2,3,Let0506-2
StoFilCS,2,4,Let0506-2
StoFilCS,2,5,Let0506-2
StoFilCS,3,0,Let0506-2
StoFilCS,3,1,Let0506-2
StoFilCS,3,2,Let0506-2
StoFilCS,3,3,Let0506-2
StoFilCS,3,4,Let0506-2
StoFilCS,3,5,Let0506-2
StoFilCS,4,2,Let0506-2
StoFilCS,4,3,Let0506-2
StoFilCS,4,4,Let0506-2
StoFilCS,4,5,Let0506-2
StoFilMedCS,0,0,Let0506-2
StoFilMedCS,0,1,Let0506-2
StoFilMedCS,0,2,Let0506-2
StoFilMedCS,0,3,Let0506-2
StoFilMedCS,0,5,Let0506-2
StoFilMedCS,1,0,Let0506-2
StoFilMedCS,1,4,Let0506-2
StoFilMedCS,1,5,Let0506-2
StoFilMedCS,2,0,Let0506-2
StoFilMedCS,2,2,Let0506-2
StoFilMedCS,4,3,Let0506-2
StoFilMedCS,4,4,Let0506-2
StoLinItaCS,0,0,Let0506-2
StoLinItaCS,0,1,Let0506-2
StoLinItaCS,0,3,Let0506-2
StoLinItaCS,0,5,Let0506-2
StoLinItaCS,1,0,Let0506-2
StoLinItaCS,1,1,Let0506-2
StoLinItaCS,1,2,Let0506-2
StoLinItaCS,1,3,Let0506-2
StoLinItaCS,1,4,Let0506-2
StoLinItaCS,1,5,Let0506-2
StoLinItaCS,2,0,Let0506-2
StoLinItaCS,2,1,Let0506-2
StoLinItaCS,4,4,Let0506-2
StoLinItaCS,4,5,Let0506-2
StoArtCon2CS,0,2,Let0506-2
StoArtCon2CS,0,3,Let0506-2
StoArtCon2CS,0,4,Let0506-2
StoArtCon2CS,0,5,Let0506-2
StoArtCon2CS,1,2,Let0506-2
StoArtCon2CS,1,3,Let0506-2
StoArtCon2CS,1,4,Let0506-2
StoArtCon2CS,1,5,Let0506-2
StoArtMod2CS,0,0,Let0506-2
StoArtMod2CS,0,2,Let0506-2
StoArtMod2CS,0,3,Let0506-2
StoArtMod2CS,0,4,Let0506-2
StoArtMod2CS,1,0,Let0506-2
StoArtMod2CS,1,1,Let0506-2
StoArtMod2CS,1,2,Let0506-2
StoArtMod2CS,1,4,Let0506-2
StoArtMod2CS,2,0,Let0506-2
StoArtMod2CS,2,1,Let0506-2
StoArtMod2CS,2,2,Let0506-2
StoArtMod2CS,4,4,Let0506-2
StoArtMod2CS,4,5,Let0506-2
StoBib,0,0,Let0506-2
StoBib,0,1,Let0506-2
StoBib,0,2,Let0506-2
StoBib,0,3,Let0506-2
StoBib,1,0,Let0506-2
StoBib,1,1,Let0506-2
StoBib,1,4,Let0506-2
StoBib,1,5,Let0506-2
StoBib,2,0,Let0506-2
StoBib,2,1,Let0506-2
StoBib,2,4,Let0506-2
StoBib,2,5,Let0506-2
StoBib,3,0,Let0506-2
StoBib,4,0,Let0506-2
StoBib,4,1,Let0506-2
StoBib,4,2,Let0506-2
StoBib,4,3,Let0506-2
StoBib,4,4,Let0506-2
StoBib,4,5,Let0506-2
StoTecArtM3,0,1,Let0506-2
StoTecArtM3,0,2,Let0506-2
StoTecArtM3,0,3,Let0506-2
StoTecArtM3,0,4,Let0506-2
StoTecArtM3,1,1,Let0506-2
StoTecArtM3,1,3,Let0506-2
StoTecArtM3,1,5,Let0506-2
StoTecArtM3,2,1,Let0506-2
StoTecArtM3,2,2,Let0506-2
StoTecArtM3,2,5,Let0506-2
StoTecArtM3,3,3,Let0506-2
StoTecArtM3,3,4,Let0506-2
StoTecArtM3,3,5,Let0506-2
StoTecArtM3,4,0,Let0506-2
StoTecArtM3,4,1,Let0506-2
StoTecArtM3,4,3,Let0506-2
StoTecArtM3,4,4,Let0506-2
StoTecArtM3,4,5,Let0506-2
StoCriCin,0,0,Let0506-2
StoCriCin,0,1,Let0506-2
StoCriCin,0,3,Let0506-2
StoCriCin,0,4,Let0506-2
StoCriCin,0,5,Let0506-2
StoCriCin,1,0,Let0506-2
StoCriCin,1,1,Let0506-2
StoCriCin,1,3,Let0506-2
StoCriCin,1,4,Let0506-2
StoCriCin,2,0,Let0506-2
StoCriCin,2,1,Let0506-2
StoCriCin,2,2,Let0506-2
StoCriCin,2,3,Let0506-2
StoCriCin,2,4,Let0506-2
StoCriCin,2,5,Let0506-2
StoCriCin,3,0,Let0506-2
StoCriCin,3,1,Let0506-2
StoCriCin,3,2,Let0506-2
StoCriCin,3,3,Let0506-2
StoCriCin,4,1,Let0506-2
StoCriCin,4,2,Let0506-2
StoTecFot,0,0,Let0506-2
StoTecFot,0,2,Let0506-2
StoTecFot,0,3,Let0506-2
StoTecFot,1,0,Let0506-2
StoTecFot,1,1,Let0506-2
StoTecFot,1,2,Let0506-2
StoTecFot,1,3,Let0506-2
StoTecFot,2,0,Let0506-2
StoTecFot,2,2,Let0506-2
StoTecFot,3,0,Let0506-2
StoTecFot,3,2,Let0506-2
StoTecFot,3,3,Let0506-2
StoTecFot,4,0,Let0506-2
StoTecFot,4,1,Let0506-2
StoTecFot,4,2,Let0506-2
StoGre,0,2,Let0506-2
StoGre,0,3,Let0506-2
StoGre,0,4,Let0506-2
StoGre,0,5,Let0506-2
StoGre,1,2,Let0506-2
StoGre,1,3,Let0506-2
StoGre,1,5,Let0506-2
StoGre,2,2,Let0506-2
StoGre,2,4,Let0506-2
StoGre,2,5,Let0506-2
StoGre,3,1,Let0506-2
StoGre,3,2,Let0506-2
StoGre,3,3,Let0506-2
StoGre,3,5,Let0506-2
StoGre,4,0,Let0506-2
StoGre,4,2,Let0506-2
StoGre,4,5,Let0506-2
StoMod2,0,0,Let0506-2
StoMod2,0,1,Let0506-2
StoMod2,0,2,Let0506-2
StoMod2,0,3,Let0506-2
StoMod2,0,4,Let0506-2
StoMod2,0,5,Let0506-2
StoMod2,1,0,Let0506-2
StoMod2,1,1,Let0506-2
StoMod2,1,2,Let0506-2
StoMod2,1,3,Let0506-2
StoMod2,1,4,Let0506-2
StoMod2,1,5,Let0506-2
StoMod2,2,5,Let0506-2
StoMod2,3,4,Let0506-2
StoMod2,3,5,Let0506-2
StoMod2,4,4,Let0506-2
StoMod2,4,5,Let0506-2
StoRom,0,0,Let0506-2
StoRom,0,1,Let0506-2
nan,0,2,Let0506-2
StoRom,0,3,Let0506-2
nan,0,4,Let0506-2
StoRom,0,5,Let0506-2
StoRom,1,0,Let0506-2
StoRom,1,1,Let0506-2
StoRom,1,2,Let0506-2
StoRom,1,3,Let0506-2
StoRom,4,3,Let0506-2
StoRom,4,4,Let0506-2
StoRom,4,5,Let0506-2
StoRomCS,0,0,Let0506-2
StoRomCS,0,1,Let0506-2
StoRomCS,0,3,Let0506-2
StoRomCS,0,5,Let0506-2
StoRomCS,1,0,Let0506-2
StoRomCS,1,1,Let0506-2
StoRomCS,1,2,Let0506-2
StoRomCS,1,3,Let0506-2
StoRomCS,2,0,Let0506-2
StoRomCS,2,2,Let0506-2
StoRomCS,4,3,Let0506-2
StoRomCS,4,4,Let0506-2
StoRomCS,4,5,Let0506-2
TopRilMonAnt,0,0,Let0506-2
TopRilMonAnt,0,1,Let0506-2
TopRilMonAnt,0,2,Let0506-2
TopRilMonAnt,2,0,Let0506-2
TopRilMonAnt,2,1,Let0506-2
TopRilMonAnt,2,2,Let0506-2
TopRilMonAnt,2,3,Let0506-2
TopRilMonAnt,2,4,Let0506-2
TopRilMonAnt,4,1,Let0506-2
TopRilMonAnt,4,2,Let0506-2
TopRilMonAnt,4,3,Let0506-2
TopRilMonAnt,4,4,Let0506-2
TopRilMonAnt,4,5,Let0506-2
c0013,0,0,Ing0506-3
c0013,0,2,Ing0506-3
c0013,1,2,Ing0506-3
c0013,2,2,Ing0506-3
c0013,3,2,Ing0506-3
c0013,4,0,Ing0506-3
c0013,4,2,Ing0506-3
c0013,4,4,Ing0506-3
c0014,1,2,Ing0506-3
c0014,2,2,Ing0506-3
c0014,3,2,Ing0506-3
c0014,4,0,Ing0506-3
c0014,4,2,Ing0506-3
c0014,4,3,Ing0506-3
c0035,0,1,Ing0506-3
c0035,0,2,Ing0506-3
c0035,4,0,Ing0506-3
c0035,4,2,Ing0506-3
c0035,4,3,Ing0506-3
c0035,4,4,Ing0506-3
c0045,0,0,Ing0506-3
c0045,0,1,Ing0506-3
c0045,0,2,Ing0506-3
c0045,0,3,Ing0506-3
c0045,0,4,Ing0506-3
c0045,4,2,Ing0506-3
c0045,4,3,Ing0506-3
c0052,0,0,Ing0506-3
c0052,0,1,Ing0506-3
nan,1,0,Ing0506-3
c0052,1,1,Ing0506-3
c0052,1,2,Ing0506-3
c0052,1,4,Ing0506-3
c0053,0,0,Ing0506-3
c0053,0,1,Ing0506-3
c0053,0,2,Ing0506-3
c0053,0,3,Ing0506-3
c0053,0,4,Ing0506-3
c0053,4,4,Ing0506-3
c0055,0,0,Ing0506-3
c0055,0,4,Ing0506-3
c0055,1,4,Ing0506-3
c0055,2,0,Ing0506-3
c0055,3,0,Ing0506-3
c0055,4,0,Ing0506-3
c0055,4,4,Ing0506-3
c0057,0,0,Ing0506-3
c0057,1,0,Ing0506-3
c0057,2,0,Ing0506-3
c0057,2,4,Ing0506-3
c0057,3,0,Ing0506-3
c0057,4,0,Ing0506-3
c0057,4,3,Ing0506-3
c0060,0,0,Ing0506-3
c0060,0,1,Ing0506-3
c0060,0,2,Ing0506-3
c0060,4,0,Ing0506-3
c0060,4,1,Ing0506-3
nan,4,2,Ing0506-3
c0060,4,3,Ing0506-3
c0060,4,4,Ing0506-3
c0094,0,0,Ing0506-3
c0094,0,1,Ing0506-3
c0094,0,2,Ing0506-3
c0094,0,3,Ing0506-3
c0094,0,4,Ing0506-3
c0094,4,2,Ing0506-3
c0094,4,3,Ing0506-3
c0098,0,0,Ing0506-3
c0098,0,1,Ing0506-3
c0098,0,2,Ing0506-3
c0098,0,3,Ing0506-3
c0098,0,4,Ing0506-3
c0107,0,0,Ing0506-3
c0107,0,1,Ing0506-3
c0107,0,2,Ing0506-3
c0107,0,4,Ing0506-3
c0107,4,2,Ing0506-3
c0107,4,3,Ing0506-3
c0107,4,4,Ing0506-3
c0112,3,0,Ing0506-3
c0112,3,1,Ing0506-3
c0112,3,3,Ing0506-3
c0112,3,4,Ing0506-3
c0112,4,0,Ing0506-3
c0112,4,4,Ing0506-3
c0114,0,0,Ing0506-3
c0114,0,2,Ing0506-3
c0114,1,0,Ing0506-3
c0114,2,0,Ing0506-3
c0114,3,0,Ing0506-3
c0114,3,2,Ing0506-3
c0114,4,0,Ing0506-3
c0114,4,2,Ing0506-3
c0116,0,0,Ing0506-3
c0116,0,1,Ing0506-3
c0116,1,0,Ing0506-3
c0116,1,1,Ing0506-3
c0116,1,2,Ing0506-3
c0116,1,3,Ing0506-3
c0116,1,4,Ing0506-3
c0116,4,3,Ing0506-3
c0116,4,4,Ing0506-3
c0117,0,0,Ing0506-3
c0117,0,1,Ing0506-3
c0117,0,2,Ing0506-3
c0117,0,4,Ing0506-3
c0117,1,0,Ing0506-3
c0117,1,1,Ing0506-3
c0117,1,2,Ing0506-3
c0117,1,3,Ing0506-3
c0117,2,2,Ing0506-3
nan,3,2,Ing0506-3
c0117,4,2,Ing0506-3
c0117,4,3,Ing0506-3
c0117,4,4,Ing0506-3
c0130,0,0,Ing0506-3
c0130,0,2,Ing0506-3
c0130,0,4,Ing0506-3
c0130,1,0,Ing0506-3
c0130,1,4,Ing0506-3
c0130,2,0,Ing0506-3
c0130,2,1,Ing0506-3
c0130,2,2,Ing0506-3
c0130,2,4,Ing0506-3
c0130,3,2,Ing0506-3
c0130,4,2,Ing0506-3
c0130,4,4,Ing0506-3
c0148,0,2,Ing0506-3
c0148,1,0,Ing0506-3
c0148,1,1,Ing0506-3
c0148,1,2,Ing0506-3
c0148,1,4,Ing0506-3
c0149,0,2,Ing0506-3
c0149,1,2,Ing0506-3
c0149,1,4,Ing0506-3
c0150,0,2,Ing0506-3
c0150,1,4,Ing0506-3
c0162,3,2,Ing0506-3
c0162,4,2,Ing0506-3
c0163,0,0,Ing0506-3
c0163,0,3,Ing0506-3
c0163,0,4,Ing0506-3
c0163,3,2,Ing0506-3
c0163,4,1,Ing0506-3
c0163,4,2,Ing0506-3
c0163,4,3,Ing0506-3
c0177,0,0,Ing0506-3
c0177,0,1,Ing0506-3
c0177,0,2,Ing0506-3
c0177,0,3,Ing0506-3
c0177,0,4,Ing0506-3
c0177,4,2,Ing0506-3
c0177,4,3,Ing0506-3
c0177,4,4,Ing0506-3
c0179,4,4,Ing0506-3
c0181,0,0,Ing0506-3
c0181,0,2,Ing0506-3
c0181,1,0,Ing0506-3
c0181,1,2,Ing0506-3
c0181,2,0,Ing0506-3
c0181,2,2,Ing0506-3
c0181,3,2,Ing0506-3
c0181,4,0,Ing0506-3
c0181,4,3,Ing0506-3
c0181,4,4,Ing0506-3
c0198,1,2,Ing0506-3
c0198,1,3,Ing0506-3
c0198,1,4,Ing0506-3
c0198,2,2,Ing0506-3
c0198,2,4,Ing0506-3
c0198,3,2,Ing0506-3
c0198,4,2,Ing0506-3
c0210,0,4,Ing0506-3
c0210,2,4,Ing0506-3
c0210,3,0,Ing0506-3
c0210,3,1,Ing0506-3
c0210,3,2,Ing0506-3
c0210,3,4,Ing0506-3
c0210,4,3,Ing0506-3
c0210,4,4,Ing0506-3
nan,0,0,Ing0506-3
c0214,0,1,Ing0506-3
c0214,0,2,Ing0506-3
c0214,0,3,Ing0506-3
c0214,4,1,Ing0506-3
c0214,4,2,Ing0506-3
c0214,4,3,Ing0506-3
c0214,4,4,Ing0506-3
c0223,0,0,Ing0506-3
c0223,0,2,Ing0506-3
c0223,1,2,Ing0506-3
c0223,2,2,Ing0506-3
c0223,3,2,Ing0506-3
nan,4,0,Ing0506-3
c0223,4,4,Ing0506-3
c0224,1,4,Ing0506-3
c0224,2,4,Ing0506-3
c0224,3,4,Ing0506-3
c0224,4,1,Ing0506-3
c0224,4,3,Ing0506-3
c0224,4,4,Ing0506-3
c0226,4,3,Ing0506-3
c0227,0,0,Ing0506-3
c0227,0,1,Ing0506-3
nan,0,2,Ing0506-3
c0227,0,3,Ing0506-3
c0227,4,1,Ing0506-3
c0227,4,2,Ing0506-3
c0227,4,3,Ing0506-3
c0254,0,0,Ing0506-3
c0254,0,3,Ing0506-3
c0254,0,4,Ing0506-3
c0254,4,0,Ing0506-3
c0254,4,2,Ing0506-3
c0254,4,3,Ing0506-3
c0254,4,4,Ing0506-3
c0420,0,0,Ing0506-3
c0420,0,1,Ing0506-3
c0420,0,3,Ing0506-3
nan,0,4,Ing0506-3
c0420,1,1,Ing0506-3
nan,1,2,Ing0506-3
c0441,0,2,Ing0506-3
c0441,2,2,Ing0506-3
c0441,3,0,Ing0506-3
c0441,3,1,Ing0506-3
c0441,3,2,Ing0506-3
c0441,3,3,Ing0506-3
c0441,3,4,Ing0506-3
c0441,4,2,Ing0506-3
c0456,0,0,Ing0506-3
c0456,0,1,Ing0506-3
c0456,0,2,Ing0506-3
c0456,0,3,Ing0506-3
c0456,0,4,Ing0506-3
c0456,4,0,Ing0506-3
c0456,4,1,Ing0506-3
c0456,4,2,Ing0506-3
c0456,4,4,Ing0506-3
c0457,3,2,Ing0506-3
c0457,3,3,Ing0506-3
c0457,3,4,Ing0506-3
c0457,4,0,Ing0506-3
c0457,4,1,Ing0506-3
c0457,4,2,Ing0506-3
c0457,4,3,Ing0506-3
c0486,0,1,Ing0506-3
c0486,0,2,Ing0506-3
c0486,0,3,Ing0506-3
c0486,3,0,Ing0506-3
c0486,3,1,Ing0506-3
c0486,3,2,Ing0506-3
c0486,3,4,Ing0506-3
c0486,4,1,Ing0506-3
c0486,4,2,Ing0506-3
c0486,4,3,Ing0506-3
c0498,0,4,Ing0506-3
c0498,1,4,Ing0506-3
c0498,2,4,Ing0506-3
c0498,3,4,Ing0506-3
c0498,4,3,Ing0506-3
c0506,0,0,Ing0506-3
c0506,0,1,Ing0506-3
c0506,0,2,Ing0506-3
c0506,0,4,Ing0506-3
c0506,1,0,Ing0506-3
c0506,1,1,Ing0506-3
c0506,1,2,Ing0506-3
c0506,1,4,Ing0506-3
c0506,4,0,Ing0506-3
c0506,4,3,Ing0506-3
c0506,4,4,Ing0506-3
c0510,3,3,Ing0506-3
c0510,3,4,Ing0506-3
c0527,0,1,Ing0506-3
c0527,4,2,Ing0506-3
c0527,4,3,Ing0506-3
c0527,4,4,Ing0506-3
c0738,0,1,Ing0506-3
c0738,0,2,Ing0506-3
c0738,0,3,Ing0506-3
c0738,0,4,Ing0506-3
c0738,1,0,Ing0506-3
c0738,1,2,Ing0506-3
c0738,1,3,Ing0506-3
c0738,1,4,Ing0506-3
c0738,4,1,Ing0506-3
c0738,4,3,Ing0506-3
c0745,0,1,Ing0506-3
c0745,4,4,Ing0506-3
c0773,0,0,Ing0506-3
c0773,1,0,Ing0506-3
nan,2,0,Ing0506-3
c0773,2,1,Ing0506-3
c0773,2,2,Ing0506-3
c0773,2,3,Ing0506-3
c0773,3,0,Ing0506-3
c0773,3,1,Ing0506-3
c0773,3,2,Ing0506-3
c0773,3,3,Ing0506-3
c0773,3,4,Ing0506-3
c0773,4,1,Ing0506-3
c0773,4,2,Ing0506-3
c0773,4,3,Ing0506-3
c0773,4,4,Ing0506-3
c0814,2,3,Ing0506-3
c0814,2,4,Ing0506-3
c0825,0,2,Ing0506-3
c0825,1,2,Ing0506-3
c0825,1,3,Ing0506-3
c0825,2,2,Ing0506-3
c0825,3,2,Ing0506-3
c0825,3,3,Ing0506-3
c0825,4,3,Ing0506-3
c0828,3,4,Ing0506-3
c0828,4,4,Ing0506-3
c0845,0,2,Ing0506-3
c0845,1,2,Ing0506-3
c0845,1,4,Ing0506-3
c0850,0,1,Ing0506-3
c0850,0,3,Ing0506-3
c0850,0,4,Ing0506-3
c0850,1,2,Ing0506-3
c0850,1,4,Ing0506-3
c0850,2,4,Ing0506-3
c0850,3,4,Ing0506-3
c0850,4,4,Ing0506-3
c0869,3,0,Ing0506-3
c0869,3,1,Ing0506-3
c0869,3,2,Ing0506-3
c0869,4,0,Ing0506-3
c0869,4,1,Ing0506-3
c0869,4,2,Ing0506-3
c0869,4,3,Ing0506-3
c0869,4,4,Ing0506-3
c0884,3,0,Ing0506-3
c0884,3,1,Ing0506-3
c0884,3,2,Ing0506-3
c0884,4,0,Ing0506-3
c0884,4,1,Ing0506-3
c0884,4,2,Ing0506-3
c0884,4,3,Ing0506-3
c0884,4,4,Ing0506-3
c0899,0,2,Ing0506-3
c0899,1,2,Ing0506-3
c0899,1,4,Ing0506-3
c0899,2,2,Ing0506-3
c0899,2,3,Ing0506-3
c0899,2,4,Ing0506-3
c0899,3,1,Ing0506-3
c0899,3,2,Ing0506-3
c0899,3,3,Ing0506-3
c0899,3,4,Ing0506-3
c0901,4,2,Ing0506-3
c0901,4,4,Ing0506-3
c0933,0,4,Ing0506-3
c0933,1,0,Ing0506-3
c0933,1,1,Ing0506-3
c0933,3,0,Ing0506-3
c0933,3,1,Ing0506-3
c0933,3,3,Ing0506-3
c0933,3,4,Ing0506-3
c0978,0,0,Ing0506-3
c0978,0,1,Ing0506-3
c0978,0,2,Ing0506-3
c0978,1,0,Ing0506-3
c0978,1,2,Ing0506-3
c0978,2,1,Ing0506-3
c1007,4,4,Ing0506-3
c0741,2,3,Ing0506-3
c0741,3,0,Ing0506-3
c0741,3,1,Ing0506-3
c0741,3,2,Ing0506-3
c0741,3,4,Ing0506-3
c0741,4,4,Ing0506-3
c0196,0,0,Ing0506-3
c0196,0,1,Ing0506-3
c0196,4,0,Ing0506-3
c0196,4,1,Ing0506-3
c0196,4,2,Ing0506-3
c0196,4,3,Ing0506-3
c0196,4,4,Ing0506-3
c0803,0,2,Ing0708-1
c0803,2,2,Ing0708-1
c0803,3,2,Ing0708-1
c0803,4,2,Ing0708-1
c0806,1,4,Ing0708-1
c0806,3,4,Ing0708-1
c0806,4,1,Ing0708-1
c0806,4,2,Ing0708-1
c0806,4,4,Ing0708-1
c0821,1,4,Ing0708-1
c0821,2,4,Ing0708-1
c0821,3,4,Ing0708-1
c0821,4,2,Ing0708-1
c0821,4,3,Ing0708-1
c0824,1,4,Ing0708-1
c0824,2,4,Ing0708-1
c0824,4,0,Ing0708-1
c0824,4,1,Ing0708-1
c0824,4,3,Ing0708-1
c0824,4,4,Ing0708-1
c0830,0,4,Ing0708-1
c0830,1,4,Ing0708-1
c0830,2,4,Ing0708-1
c0830,3,4,Ing0708-1
c0830,4,3,Ing0708-1
c0830,4,4,Ing0708-1
c0935,3,2,Ing0708-1
c0935,3,3,Ing0708-1
c0935,3,4,Ing0708-1
c0935,4,0,Ing0708-1
c0935,4,1,Ing0708-1
c0935,4,2,Ing0708-1
c0935,4,3,Ing0708-1
c1009,1,3,Ing0708-1
c1009,1,4,Ing0708-1
c1009,2,0,Ing0708-1
c1009,2,1,Ing0708-1
c1009,2,2,Ing0708-1
c1009,2,3,Ing0708-1
c1009,2,4,Ing0708-1
c1009,3,0,Ing0708-1
c1009,3,1,Ing0708-1
c1009,3,2,Ing0708-1
c1009,3,3,Ing0708-1
c1009,3,4,Ing0708-1
c1009,4,0,Ing0708-1
c1009,4,1,Ing0708-1
c1009,4,3,Ing0708-1
c1009,4,4,Ing0708-1
c1027,0,2,Ing0708-1
c1027,0,3,Ing0708-1
c1027,0,4,Ing0708-1
c1027,1,2,Ing0708-1
c1027,1,3,Ing0708-1
c1027,1,4,Ing0708-1
c1027,2,2,Ing0708-1
c1027,2,4,Ing0708-1
c1027,3,3,Ing0708-1
c1027,3,4,Ing0708-1
c1027,4,2,Ing0708-1
c1027,4,3,Ing0708-1
c1027,4,4,Ing0708-1
c1031,0,2,Ing0708-1
c1031,0,3,Ing0708-1
c1031,0,4,Ing0708-1
c1031,1,2,Ing0708-1
c1031,1,3,Ing0708-1
c1031,1,4,Ing0708-1
c1031,2,2,Ing0708-1
c1031,2,4,Ing0708-1
c1031,3,2,Ing0708-1
c1031,3,3,Ing0708-1
c1031,3,4,Ing0708-1
c1031,4,2,Ing0708-1
c1031,4,3,Ing0708-1
c1031,4,4,Ing0708-1
c1033,0,2,Ing0708-1
c1033,0,3,Ing0708-1
c1033,1,3,Ing0708-1
c1033,2,2,Ing0708-1
c1033,2,3,Ing0708-1
c1033,2,4,Ing0708-1
c1033,3,3,Ing0708-1
c1033,3,4,Ing0708-1
c1033,4,2,Ing0708-1
c1033,4,3,Ing0708-1
c1033,4,4,Ing0708-1
c1057,0,2,Ing0708-1
c1057,1,2,Ing0708-1
c1057,2,2,Ing0708-1
c1057,4,2,Ing0708-1
c1067,0,0,Ing0708-1
c1067,0,1,Ing0708-1
c1067,3,4,Ing0708-1
c1067,4,0,Ing0708-1
c1067,4,1,Ing0708-1
c1067,4,2,Ing0708-1
c1067,4,3,Ing0708-1
c1067,4,4,Ing0708-1
c1068,0,0,Ing0708-1
c1068,0,2,Ing0708-1
c1068,4,0,Ing0708-1
c1068,4,1,Ing0708-1
c1068,4,2,Ing0708-1
c1068,4,3,Ing0708-1
c1068,4,4,Ing0708-1
c1074,0,2,Ing0708-1
c1074,2,2,Ing0708-1
c1074,3,2,Ing0708-1
c1074,4,2,Ing0708-1
c0006,0,0,Ing0708-1
c0006,0,1,Ing0708-1
c0006,0,2,Ing0708-1
c0006,3,0,Ing0708-1
c0006,3,1,Ing0708-1
c0006,3,2,Ing0708-1
c0006,4,0,Ing0708-1
c0018,0,0,Ing0708-1
c0018,0,1,Ing0708-1
c0018,0,2,Ing0708-1
c0018,1,0,Ing0708-1
c0018,4,3,Ing0708-1
c0018,4,4,Ing0708-1
c0046,0,0,Ing0708-1
c0046,1,4,Ing0708-1
c0046,2,4,Ing0708-1
c0046,3,0,Ing0708-1
c0046,4,0,Ing0708-1
c0050,0,1,Ing0708-1
c0050,0,2,Ing0708-1
c0050,0,3,Ing0708-1
c0050,0,4,Ing0708-1
c0050,1,0,Ing0708-1
c0050,1,1,Ing0708-1
c0050,1,2,Ing0708-1
nan,1,3,Ing0708-1
c0050,2,0,Ing0708-1
c0050,2,1,Ing0708-1
c0050,2,2,Ing0708-1
c0050,3,0,Ing0708-1
c0050,3,1,Ing0708-1
c0050,3,3,Ing0708-1
c0050,3,4,Ing0708-1
c0050,4,0,Ing0708-1
c0051,1,4,Ing0708-1
c0051,3,1,Ing0708-1
c0051,3,2,Ing0708-1
c0051,3,3,Ing0708-1
c0051,4,3,Ing0708-1
c0051,4,4,Ing0708-1
c0059,0,0,Ing0708-1
c0059,1,0,Ing0708-1
c0059,2,0,Ing0708-1
c0059,2,3,Ing0708-1
c0059,3,0,Ing0708-1
c0059,3,1,Ing0708-1
c0059,3,2,Ing0708-1
c0059,4,0,Ing0708-1
c0064,0,1,Ing0708-1
c0064,0,2,Ing0708-1
c0064,0,3,Ing0708-1
c0064,0,4,Ing0708-1
c0064,1,0,Ing0708-1
c0064,3,3,Ing0708-1
c0073,0,1,Ing0708-1
c0073,0,3,Ing0708-1
c0073,0,4,Ing0708-1
c0073,4,0,Ing0708-1
c0073,4,1,Ing0708-1
c0073,4,3,Ing0708-1
c0080,0,0,Ing0708-1
c0080,0,1,Ing0708-1
c0080,0,2,Ing0708-1
c0080,0,3,Ing0708-1
c0080,0,4,Ing0708-1
c0080,2,2,Ing0708-1
c0080,2,3,Ing0708-1
c0080,4,2,Ing0708-1
c0097,0,0,Ing0708-1
c0097,0,1,Ing0708-1
c0097,0,2,Ing0708-1
c0097,0,3,Ing0708-1
c0097,0,4,Ing0708-1
c0097,1,0,Ing0708-1
c0097,1,1,Ing0708-1
c0097,1,2,Ing0708-1
c0097,1,3,Ing0708-1
c0097,1,4,Ing0708-1
c0099,0,4,Ing0708-1
c0099,1,4,Ing0708-1
c0099,2,0,Ing0708-1
c0099,2,1,Ing0708-1
c0099,2,4,Ing0708-1
c0099,3,0,Ing0708-1
c0099,3,1,Ing0708-1
c0099,3,2,Ing0708-1
c0099,3,4,Ing0708-1
c0099,4,3,Ing0708-1
c0099,4,4,Ing0708-1
c0105,3,1,Ing0708-1
c0105,3,2,Ing0708-1
c0105,3,3,Ing0708-1
c0105,3,4,Ing0708-1
c0105,4,0,Ing0708-1
c0105,4,1,Ing0708-1
c0105,4,2,Ing0708-1
c0109,0,2,Ing0708-1
c0109,2,2,Ing0708-1
c0109,3,2,Ing0708-1
c0109,4,2,Ing0708-1
c0180,0,3,Ing0708-1
c0180,0,4,Ing0708-1
c0180,1,4,Ing0708-1
c0180,2,3,Ing0708-1
c0180,2,4,Ing0708-1
c0180,3,3,Ing0708-1
c0180,3,4,Ing0708-1
c0180,4,4,Ing0708-1
c0199,3,2,Ing0708-1
c0199,3,3,Ing0708-1
c0199,3,4,Ing0708-1
c0199,4,0,Ing0708-1
c0199,4,1,Ing0708-1
c0199,4,3,Ing0708-1
c0199,4,4,Ing0708-1
c0212,0,4,Ing0708-1
c0212,1,2,Ing0708-1
c0212,1,4,Ing0708-1
c0212,2,2,Ing0708-1
c0212,2,4,Ing0708-1
c0212,3,2,Ing0708-1
c0212,3,4,Ing0708-1
c0212,4,2,Ing0708-1
c0212,4,4,Ing0708-1
c0215,0,0,Ing0708-1
c0215,1,2,Ing0708-1
c0215,2,2,Ing0708-1
c0215,2,3,Ing0708-1
c0215,2,4,Ing0708-1
c0215,4,2,Ing0708-1
c0215,4,3,Ing0708-1
c0215,4,4,Ing0708-1
c0228,0,0,Ing0708-1
c0228,1,0,Ing0708-1
c0228,1,4,Ing0708-1
c0228,2,0,Ing0708-1
c0228,4,0,Ing0708-1
c0228,4,4,Ing0708-1
c0231,0,0,Ing0708-1
c0231,3,2,Ing0708-1
c0231,4,0,Ing0708-1
c0231,4,2,Ing0708-1
c0231,4,4,Ing0708-1
c0261,2,2,Ing0708-1
c0261,2,3,Ing0708-1
c0261,4,0,Ing0708-1
c0261,4,1,Ing0708-1
c0261,4,2,Ing0708-1
c0261,4,4,Ing0708-1
c0281,0,4,Ing0708-1
c0281,2,4,Ing0708-1
c0281,3,4,Ing0708-1
c0281,4,4,Ing0708-1
c0427,0,4,Ing0708-1
c0427,1,4,Ing0708-1
c0427,4,3,Ing0708-1
c0427,4,4,Ing0708-1
c0433,0,2,Ing0708-1
c0433,1,2,Ing0708-1
c0433,3,2,Ing0708-1
c0433,4,2,Ing0708-1
c0440,0,0,Ing0708-1
c0440,0,1,Ing0708-1
c0440,0,2,Ing0708-1
c0440,1,2,Ing0708-1
c0440,2,2,Ing0708-1
c0440,3,2,Ing0708-1
c0442,0,0,Ing0708-1
nan,0,1,Ing0708-1
c0442,0,2,Ing0708-1
c0442,0,4,Ing0708-1
c0442,4,2,Ing0708-1
c0442,4,3,Ing0708-1
c0446,3,3,Ing0708-1
c0446,4,1,Ing0708-1
c0446,4,2,Ing0708-1
c0446,4,3,Ing0708-1
c0446,4,4,Ing0708-1
c0450,4,0,Ing0708-1
nan,4,1,Ing0708-1
c0450,4,3,Ing0708-1
c1089,0,2,Ing0708-1
c1089,0,3,Ing0708-1
c1089,0,4,Ing0708-1
c1089,1,2,Ing0708-1
c1089,1,3,Ing0708-1
c1089,2,2,Ing0708-1
c1089,2,3,Ing0708-1
c1089,3,2,Ing0708-1
c1089,3,3,Ing0708-1
c1089,4,2,Ing0708-1
c1089,4,4,Ing0708-1
c0462,1,0,Ing0708-1
c0462,3,0,Ing0708-1
c0462,4,1,Ing0708-1
c0462,4,2,Ing0708-1
c0462,4,3,Ing0708-1
c0462,4,4,Ing0708-1
c0474,0,0,Ing0708-1
c0474,0,1,Ing0708-1
c0474,0,2,Ing0708-1
c0474,0,4,Ing0708-1
c0474,1,0,Ing0708-1
c0474,1,2,Ing0708-1
c0474,1,3,Ing0708-1
c0474,1,4,Ing0708-1
c0474,2,0,Ing0708-1
c0474,2,1,Ing0708-1
c0474,2,2,Ing0708-1
c0474,2,3,Ing0708-1
c0474,2,4,Ing0708-1
c0474,3,0,Ing0708-1
c0474,4,4,Ing0708-1
c0495,0,1,Ing0708-1
c0495,4,3,Ing0708-1
c0495,4,4,Ing0708-1
c0516,3,0,Ing0708-1
c0516,3,1,Ing0708-1
c0516,3,2,Ing0708-1
c0516,3,3,Ing0708-1
c0516,3,4,Ing0708-1
c0516,4,2,Ing0708-1
c0519,0,2,Ing0708-1
c0519,0,3,Ing0708-1
c0519,0,4,Ing0708-1
c0519,1,2,Ing0708-1
c0519,1,3,Ing0708-1
c0519,1,4,Ing0708-1
c0519,2,3,Ing0708-1
c0519,2,4,Ing0708-1
c0519,3,3,Ing0708-1
c0519,3,4,Ing0708-1
c0519,4,4,Ing0708-1
c0524,0,0,Ing0708-1
c0524,0,1,Ing0708-1
c0524,0,2,Ing0708-1
c0524,0,3,Ing0708-1
c0524,0,4,Ing0708-1
c0524,1,0,Ing0708-1
c0524,1,1,Ing0708-1
nan,1,2,Ing0708-1
c0524,1,3,Ing0708-1
c0533,0,0,Ing0708-1
c0533,1,0,Ing0708-1
c0533,1,1,Ing0708-1
c0533,3,0,Ing0708-1
c0533,4,3,Ing0708-1
c0533,4,4,Ing0708-1
c0536,0,1,Ing0708-1
c0536,0,2,Ing0708-1
c0536,0,4,Ing0708-1
c0536,4,0,Ing0708-1
c0536,4,1,Ing0708-1
c0536,4,2,Ing0708-1
c0536,4,3,Ing0708-1
c0600,4,4,Ing0708-1
c0513,0,0,Ing0708-1
c0513,0,1,Ing0708-1
c0513,0,2,Ing0708-1
c0513,1,0,Ing0708-1
c0513,3,0,Ing0708-1
c0513,4,0,Ing0708-1
c0513,4,4,Ing0708-1
c1180,0,0,Ing0708-1
c1180,1,0,Ing0708-1
nan,2,0,Ing0708-1
c1180,3,0,Ing0708-1
c1020,0,1,Ing0708-1
c1020,3,4,Ing0708-1
c1020,4,0,Ing0708-1
c1020,4,1,Ing0708-1
c1020,4,3,Ing0708-1
c1020,4,4,Ing0708-1
ChiGenAn,0,4,Ing0203-1
ChiGenAn,4,4,Ing0203-1
CamEleAn,0,0,Ing0203-1
CamEleAn,0,2,Ing0203-1
CamEleAn,0,3,Ing0203-1
CamEleAn,4,1,Ing0203-1
CamEleAn,4,2,Ing0203-1
CamEleAn,4,3,Ing0203-1
CamEleAn,4,4,Ing0203-1
nan,0,0,Ing0203-1
FonChiAn,4,3,Ing0203-1
StrIndAn,0,2,Ing0203-1
StrIndAn,1,2,Ing0203-1
StrIndAn,2,2,Ing0203-1
StrIndAn,4,2,Ing0203-1
TecCosAn,1,0,Ing0203-1
TecCosAn,1,2,Ing0203-1
TecCosAn,1,3,Ing0203-1
TecCosAn,1,4,Ing0203-1
TecCosAn,4,2,Ing0203-1
TecCosAn,4,3,Ing0203-1
TecCosAn,4,4,Ing0203-1
Mat1Cn,0,2,Ing0203-1
Mat1Cn,0,3,Ing0203-1
Mat1Cn,0,4,Ing0203-1
Mat1Cn,1,2,Ing0203-1
Mat1Cn,1,3,Ing0203-1
Mat1Cn,2,2,Ing0203-1
Mat1Cn,2,3,Ing0203-1
Mat1Cn,2,4,Ing0203-1
Mat1Cn,3,2,Ing0203-1
Mat1Cn,3,3,Ing0203-1
Mat1Cn,3,4,Ing0203-1
Mat1Cn,4,2,Ing0203-1
Mat1Cn,4,3,Ing0203-1
MecRazCn,0,4,Ing0203-1
MecRazCn,1,4,Ing0203-1
MecRazCn,2,4,Ing0203-1
MecRazCn,3,4,Ing0203-1
MecRazCn,4,4,Ing0203-1
TecMatCn,0,0,Ing0203-1
TecMatCn,0,4,Ing0203-1
TecMatCn,1,0,Ing0203-1
TecMatCn,1,4,Ing0203-1
TecMatCn,2,0,Ing0203-1
nan,2,4,Ing0203-1
TecMatCn,3,0,Ing0203-1
ArcTecCn,0,0,Ing0203-1
ArcTecCn,0,1,Ing0203-1
ArcTecCn,4,0,Ing0203-1
ArcTecCn,4,1,Ing0203-1
ArcTecCn,4,2,Ing0203-1
ArcTecCn,4,4,Ing0203-1
Idr2Cn,0,2,Ing0203-1
Idr2Cn,2,2,Ing0203-1
Idr2Cn,4,2,Ing0203-1
nan,0,3,Ing0203-1
Mat1En,1,4,Ing0203-1
Mat1En,2,3,Ing0203-1
Mat1En,2,4,Ing0203-1
Mat1En,3,2,Ing0203-1
Mat1En,3,3,Ing0203-1
Mat1En,3,4,Ing0203-1
Mat1En,4,2,Ing0203-1
Mat1En,4,3,Ing0203-1
Mat1En,4,4,Ing0203-1
nan,1,2,Ing0203-1
RetLogEn,1,3,Ing0203-1
RetLogEn,1,4,Ing0203-1
RetLogEn,2,3,Ing0203-1
RetLogEn,2,4,Ing0203-1
RetLogEn,3,0,Ing0203-1
RetLogEn,3,1,Ing0203-1
RetLogEn,3,2,Ing0203-1
RetLogEn,3,3,Ing0203-1
RetLogEn,3,4,Ing0203-1
RetLogEn,4,1,Ing0203-1
RetLogEn,4,2,Ing0203-1
RetLogEn,4,3,Ing0203-1
RetLogEn,4,4,Ing0203-1
ComEleEn,0,0,Ing0203-1
ComEleEn,0,1,Ing0203-1
ComEleEn,0,2,Ing0203-1
ComEleEn,1,2,Ing0203-1
ComEleEn,3,2,Ing0203-1
ComEleEn,4,2,Ing0203-1
ComEleEn,4,3,Ing0203-1
ComEleEn,4,4,Ing0203-1
EleSis1En,1,0,Ing0203-1
EleSis1En,1,1,Ing0203-1
EleSis1En,1,2,Ing0203-1
EleSis1En,1,3,Ing0203-1
EleSis1En,1,4,Ing0203-1
EleSis1En,3,0,Ing0203-1
EleSis1En,3,1,Ing0203-1
EleSis1En,3,2,Ing0203-1
MetMatEn,0,4,Ing0203-1
MetMatEn,1,4,Ing0203-1
MetMatEn,2,4,Ing0203-1
MetMatEn,4,4,Ing0203-1
RetCal1G1n,3,0,Ing0203-1
RetCal1G1n,3,1,Ing0203-1
RetCal1G1n,3,2,Ing0203-1
RetCal1G1n,3,3,Ing0203-1
RetCal1G1n,3,4,Ing0203-1
RetCal1G1n,4,3,Ing0203-1
RetCal1G1n,4,4,Ing0203-1
Mat1G2n,0,2,Ing0203-1
Mat1G2n,0,3,Ing0203-1
Mat1G2n,0,4,Ing0203-1
Mat1G2n,1,2,Ing0203-1
Mat1G2n,2,2,Ing0203-1
Mat1G2n,2,4,Ing0203-1
Mat1G2n,3,2,Ing0203-1
Mat1G2n,3,4,Ing0203-1
Mat1G2n,4,2,Ing0203-1
Mat1G2n,4,3,Ing0203-1
Mat1G2n,4,4,Ing0203-1
ChiG2n,0,4,Ing0203-1
ChiG2n,4,4,Ing0203-1
TerAppG2n,0,2,Ing0203-1
TerAppG2n,2,2,Ing0203-1
TerAppG2n,4,0,Ing0203-1
TerAppG2n,4,1,Ing0203-1
TerAppG2n,4,2,Ing0203-1
TerAppG2n,4,3,Ing0203-1
CalProG2n,1,2,Ing0203-1
CalProG2n,2,2,Ing0203-1
CalProG2n,3,2,Ing0203-1
CalProG2n,4,0,Ing0203-1
CalProG2n,4,1,Ing0203-1
CalProG2n,4,2,Ing0203-1
CalProG2n,4,3,Ing0203-1
CalProG2n,4,4,Ing0203-1
Mat1Mn,0,2,Ing0203-1
Mat1Mn,0,3,Ing0203-1
Mat1Mn,0,4,Ing0203-1
Mat1Mn,1,3,Ing0203-1
Mat1Mn,2,2,Ing0203-1
Mat1Mn,2,3,Ing0203-1
Mat1Mn,2,4,Ing0203-1
Mat1Mn,3,2,Ing0203-1
Mat1Mn,3,3,Ing0203-1
Mat1Mn,3,4,Ing0203-1
nan,4,2,Ing0203-1
Mat1Mn,4,3,Ing0203-1
Mat1Mn,4,4,Ing0203-1
DisIndMn,0,0,Ing0203-1
DisIndMn,0,1,Ing0203-1
DisIndMn,0,2,Ing0203-1
DisIndMn,0,3,Ing0203-1
DisIndMn,0,4,Ing0203-1
DisIndMn,1,1,Ing0203-1
DisIndMn,4,3,Ing0203-1
DisIndMn,4,4,Ing0203-1
ComMecMn,1,2,Ing0203-1
ComMecMn,3,2,Ing0203-1
ComMecMn,4,3,Ing0203-1
ComMecMn,4,4,Ing0203-1
CosMacMn,0,0,Ing0203-1
CosMacMn,0,1,Ing0203-1
CosMacMn,0,2,Ing0203-1
CosMacMn,0,4,Ing0203-1
CosMacMn,4,2,Ing0203-1
CosMacMn,4,3,Ing0203-1
TecMec1Mn,0,0,Ing0203-1
TecMec1Mn,0,1,Ing0203-1
TecMec1Mn,0,2,Ing0203-1
TecMec1Mn,4,1,Ing0203-1
TecMec1Mn,4,3,Ing0203-1
IdrNumAns,0,0,Ing0203-1
IdrNumAns,0,1,Ing0203-1
IdrNumAns,0,2,Ing0203-1
IdrNumAns,3,1,Ing0203-1
IdrNumAns,3,2,Ing0203-1
IdrNumAns,4,0,Ing0203-1
IdrNumAns,4,1,Ing0203-1
IdrNumAns,4,2,Ing0203-1
PriIngAns,0,0,Ing0203-1
PriIngAns,0,2,Ing0203-1
PriIngAns,1,2,Ing0203-1
PriIngAns,2,0,Ing0203-1
PriIngAns,4,0,Ing0203-1
StaAns,0,2,Ing0203-1
StaAns,2,2,Ing0203-1
StaAns,3,2,Ing0203-1
StaAns,4,0,Ing0203-1
StaAns,4,1,Ing0203-1
StaAns,4,2,Ing0203-1
StaAns,4,4,Ing0203-1
ArcTecCns,0,1,Ing0203-1
ArcTecCns,0,2,Ing0203-1
ArcTecCns,4,0,Ing0203-1
ArcTecCns,4,1,Ing0203-1
ArcTecCns,4,2,Ing0203-1
ArcTecCns,4,3,Ing0203-1
EleTel1Ens,0,0,Ing0203-1
EleTel1Ens,0,1,Ing0203-1
EleTel1Ens,0,2,Ing0203-1
EleTel1Ens,0,3,Ing0203-1
EleTel1Ens,0,4,Ing0203-1
EleTel1Ens,4,2,Ing0203-1
EleTel1Ens,4,3,Ing0203-1
AppIndGns,0,0,Ing0203-1
AppIndGns,0,2,Ing0203-1
AppIndGns,0,3,Ing0203-1
AppIndGns,0,4,Ing0203-1
AppIndGns,1,0,Ing0203-1
AppIndGns,1,2,Ing0203-1
AppIndGns,2,2,Ing0203-1
AppIndGns,2,3,Ing0203-1
AppIndGns,2,4,Ing0203-1
AppIndGns,3,2,Ing0203-1
AppIndGns,3,4,Ing0203-1
AppIndGns,4,0,Ing0203-1
AppIndGns,4,2,Ing0203-1
AppIndGns,4,3,Ing0203-1
AppIndGns,4,4,Ing0203-1
RetCal2Gns,3,1,Ing0203-1
RetCal2Gns,3,2,Ing0203-1
RetCal2Gns,3,3,Ing0203-1
RetCal2Gns,3,4,Ing0203-1
RetCal2Gns,4,2,Ing0203-1
RetCal2Gns,4,3,Ing0203-1
RetCal2Gns,4,4,Ing0203-1
TecCos1Cv,0,2,Ing0203-1
TecCos1Cv,2,2,Ing0203-1
TecCos1Cv,3,2,Ing0203-1
StoArcCv,0,0,Ing0203-1
StoArcCv,0,1,Ing0203-1
StoArcCv,0,4,Ing0203-1
TeoStr1Cv,0,0,Ing0203-1
TeoStr1Cv,0,1,Ing0203-1
TeoStr1Cv,1,0,Ing0203-1
TeoStr1Cv,1,1,Ing0203-1
TeoStr1Cv,2,3,Ing0203-1
TeoStr1Cv,2,4,Ing0203-1
ArcComCv,0,2,Ing0203-1
ArcComCv,2,1,Ing0203-1
ArcComCv,2,2,Ing0203-1
ArcComCv,3,2,Ing0203-1
CalAut1Cv,0,0,Ing0203-1
CalAut1Cv,0,1,Ing0203-1
CalAut1Cv,0,2,Ing0203-1
CalAut1Cv,0,3,Ing0203-1
CalAut1Cv,0,4,Ing0203-1
CalAut1Cv,1,0,Ing0203-1
CalAut1Cv,1,1,Ing0203-1
CosZonCv,0,2,Ing0203-1
CosZonCv,1,2,Ing0203-1
CosZonCv,2,2,Ing0203-1
CosZonCv,3,2,Ing0203-1
CosZonCv,4,4,Ing0203-1
ImpTec1Cv,4,4,Ing0203-1
IdrAppCv,0,2,Ing0203-1
IdrAppCv,0,4,Ing0203-1
IdrAppCv,2,2,Ing0203-1
IdrAppCv,2,4,Ing0203-1
IdrAppCv,4,4,Ing0203-1
CalEle1Ev,0,4,Ing0203-1
CalEle1Ev,1,4,Ing0203-1
CalEle1Ev,2,4,Ing0203-1
CalEle1Ev,3,4,Ing0203-1
CamEle1Ev,0,0,Ing0203-1
CamEle1Ev,0,1,Ing0203-1
CamEle1Ev,0,2,Ing0203-1
CamEle1Ev,4,1,Ing0203-1
CamEle1Ev,4,2,Ing0203-1
CamEle1Ev,4,4,Ing0203-1
EleIndEv,3,3,Ing0203-1
EleIndEv,3,4,Ing0203-1
EleIndEv,4,0,Ing0203-1
EleIndEv,4,1,Ing0203-1
EleIndEv,4,2,Ing0203-1
EleIndEv,4,3,Ing0203-1
EleIndEv,4,4,Ing0203-1
GesAziGv,4,0,Ing0203-1
GesAziGv,4,3,Ing0203-1
ChiInd1Gv,0,0,Ing0203-1
ChiInd1Gv,0,1,Ing0203-1
ChiInd1Gv,4,1,Ing0203-1
ChiInd1Gv,4,2,Ing0203-1
ChiInd1Gv,4,3,Ing0203-1
ChiInd1Gv,4,4,Ing0203-1
OrgPro1Gv,0,0,Ing0203-1
OrgPro1Gv,0,2,Ing0203-1
OrgPro1Gv,0,3,Ing0203-1
OrgPro1Gv,0,4,Ing0203-1
OrgPro1Gv,4,2,Ing0203-1
OrgPro1Gv,4,3,Ing0203-1
OrgPro1Gv,4,4,Ing0203-1
Mac1Mv,0,2,Ing0203-1
Mac1Mv,1,2,Ing0203-1
Mac1Mv,2,2,Ing0203-1
Mac1Mv,3,2,Ing0203-1
TerAppMv,0,1,Ing0203-1
TerAppMv,0,2,Ing0203-1
TerAppMv,4,4,Ing0203-1
DisAssMv,0,0,Ing0203-1
DisAssMv,0,1,Ing0203-1
DisAssMv,0,2,Ing0203-1
DisAssMv,4,3,Ing0203-1
DisAssMv,4,4,Ing0203-1
MecVibMn,0,2,Ing0203-1
MecVibMn,1,2,Ing0203-1
MecVibMn,2,2,Ing0203-1
MecVibMn,3,2,Ing0203-1
MecVibMn,4,2,Ing0203-1
c0011,0,2,Ing0607-1
c0011,1,2,Ing0607-1
c0011,2,0,Ing0607-1
c0011,2,1,Ing0607-1
c0011,2,2,Ing0607-1
c0011,3,2,Ing0607-1
c0018,0,0,Ing0607-1
c0018,0,1,Ing0607-1
c0018,0,2,Ing0607-1
c0018,4,0,Ing0607-1
c0018,4,1,Ing0607-1
c0018,4,2,Ing0607-1
c0018,4,3,Ing0607-1
c0018,4,4,Ing0607-1
c0026,0,0,Ing0607-1
c0026,1,0,Ing0607-1
c0026,3,0,Ing0607-1
c0026,4,0,Ing0607-1
c0026,4,2,Ing0607-1
c0026,4,3,Ing0607-1
c0026,4,4,Ing0607-1
c0027,0,0,Ing0607-1
c0027,0,1,Ing0607-1
c0027,4,0,Ing0607-1
c0027,4,1,Ing0607-1
c0027,4,2,Ing0607-1
c0027,4,3,Ing0607-1
c0027,4,4,Ing0607-1
c0046,0,0,Ing0607-1
c0046,1,0,Ing0607-1
c0046,1,4,Ing0607-1
c0046,2,0,Ing0607-1
c0046,2,4,Ing0607-1
c0046,3,0,Ing0607-1
c0046,4,0,Ing0607-1
c0051,2,0,Ing0607-1
c0051,2,1,Ing0607-1
c0051,2,2,Ing0607-1
c0051,2,3,Ing0607-1
c0051,2,4,Ing0607-1
c0051,3,4,Ing0607-1
c0051,4,3,Ing0607-1
c0051,4,4,Ing0607-1
c0059,1,0,Ing0607-1
c0059,2,0,Ing0607-1
c0059,3,0,Ing0607-1
c0059,3,1,Ing0607-1
c0059,3,3,Ing0607-1
c0064,1,3,Ing0607-1
c0064,2,3,Ing0607-1
c0064,2,4,Ing0607-1
c0064,3,3,Ing0607-1
c0064,3,4,Ing0607-1
c0064,4,3,Ing0607-1
c0064,4,4,Ing0607-1
c0073,0,0,Ing0607-1
c0073,0,1,Ing0607-1
c0073,0,2,Ing0607-1
c0073,0,3,Ing0607-1
c0073,0,4,Ing0607-1
c0073,3,0,Ing0607-1
c0073,3,2,Ing0607-1
c0073,3,3,Ing0607-1
c0073,3,4,Ing0607-1
c0073,4,0,Ing0607-1
c0073,4,1,Ing0607-1
c0073,4,2,Ing0607-1
c0073,4,3,Ing0607-1
c0073,4,4,Ing0607-1
c0080,0,0,Ing0607-1
c0080,0,1,Ing0607-1
c0080,0,2,Ing0607-1
c0080,0,3,Ing0607-1
nan,0,4,Ing0607-1
c0080,2,2,Ing0607-1
c0080,2,3,Ing0607-1
c0080,4,2,Ing0607-1
c0085,4,0,Ing0607-1
c0085,4,1,Ing0607-1
c0085,4,2,Ing0607-1
c0085,4,3,Ing0607-1
c0091,4,0,Ing0607-1
c0091,4,1,Ing0607-1
c0091,4,2,Ing0607-1
c0091,4,3,Ing0607-1
c0091,4,4,Ing0607-1
c0097,0,0,Ing0607-1
c0097,0,1,Ing0607-1
c0097,0,3,Ing0607-1
c0097,0,4,Ing0607-1
c0097,1,0,Ing0607-1
c0097,1,1,Ing0607-1
c0097,1,2,Ing0607-1
c0097,1,3,Ing0607-1
c0099,0,0,Ing0607-1
c0099,0,1,Ing0607-1
c0099,0,2,Ing0607-1
c0099,0,3,Ing0607-1
c0099,0,4,Ing0607-1
c0099,3,3,Ing0607-1
c0099,4,4,Ing0607-1
c0105,3,3,Ing0607-1
c0105,3,4,Ing0607-1
c0105,4,0,Ing0607-1
c0105,4,2,Ing0607-1
c0105,4,3,Ing0607-1
c0105,4,4,Ing0607-1
c0128,0,2,Ing0607-1
c0128,1,2,Ing0607-1
c0128,1,4,Ing0607-1
c0128,2,2,Ing0607-1
c0128,2,4,Ing0607-1
c0128,3,2,Ing0607-1
c0128,3,4,Ing0607-1
c0128,4,2,Ing0607-1
c0142,0,0,Ing0607-1
c0142,0,1,Ing0607-1
c0142,0,3,Ing0607-1
c0142,0,4,Ing0607-1
c0142,1,0,Ing0607-1
c0142,1,1,Ing0607-1
c0142,1,2,Ing0607-1
c0142,1,3,Ing0607-1
c0142,2,3,Ing0607-1
c0142,2,4,Ing0607-1
c0142,3,0,Ing0607-1
c0142,3,1,Ing0607-1
c0142,3,2,Ing0607-1
c0142,4,3,Ing0607-1
c0154,0,4,Ing0607-1
c0154,1,0,Ing0607-1
c0154,1,4,Ing0607-1
c0154,2,0,Ing0607-1
c0154,2,4,Ing0607-1
c0154,3,0,Ing0607-1
nan,3,2,Ing0607-1
c0154,4,0,Ing0607-1
c0154,4,2,Ing0607-1
c0154,4,4,Ing0607-1
c0184,3,2,Ing0607-1
c0184,3,3,Ing0607-1
c0184,3,4,Ing0607-1
c0184,4,0,Ing0607-1
c0184,4,1,Ing0607-1
c0184,4,2,Ing0607-1
c0184,4,3,Ing0607-1
c0184,4,4,Ing0607-1
c0185,2,0,Ing0607-1
c0185,2,2,Ing0607-1
c0185,2,3,Ing0607-1
c0185,2,4,Ing0607-1
c0199,3,2,Ing0607-1
c0199,3,3,Ing0607-1
c0199,3,4,Ing0607-1
c0199,4,0,Ing0607-1
c0199,4,1,Ing0607-1
c0199,4,3,Ing0607-1
c0199,4,4,Ing0607-1
c0202,0,0,Ing0607-1
c0202,1,0,Ing0607-1
c0202,2,0,Ing0607-1
c0202,3,0,Ing0607-1
c0202,4,0,Ing0607-1
c0212,0,2,Ing0607-1
c0212,1,2,Ing0607-1
c0212,1,3,Ing0607-1
c0212,2,2,Ing0607-1
c0212,3,2,Ing0607-1
c0212,4,2,Ing0607-1
nan,0,0,Ing0607-1
c0228,0,4,Ing0607-1
c0228,1,0,Ing0607-1
c0228,2,0,Ing0607-1
c0228,2,4,Ing0607-1
c0228,3,0,Ing0607-1
c0228,4,4,Ing0607-1
c0231,0,0,Ing0607-1
c0231,0,2,Ing0607-1
c0231,1,2,Ing0607-1
c0231,3,2,Ing0607-1
c0231,4,0,Ing0607-1
c0231,4,2,Ing0607-1
c0231,4,4,Ing0607-1
c0261,3,2,Ing0607-1
c0261,3,3,Ing0607-1
c0261,3,4,Ing0607-1
c0261,4,0,Ing0607-1
c0261,4,1,Ing0607-1
c0261,4,2,Ing0607-1
nan,4,3,Ing0607-1
c0281,0,4,Ing0607-1
c0281,1,4,Ing0607-1
c0281,2,4,Ing0607-1
c0281,3,4,Ing0607-1
c0281,4,4,Ing0607-1
c0417,0,4,Ing0607-1
c0417,1,4,Ing0607-1
c0417,2,4,Ing0607-1
c0417,3,2,Ing0607-1
c0417,3,4,Ing0607-1
c0417,4,2,Ing0607-1
c0427,1,4,Ing0607-1
c0427,2,4,Ing0607-1
c0427,3,4,Ing0607-1
c0427,4,0,Ing0607-1
c0427,4,1,Ing0607-1
c0427,4,2,Ing0607-1
c0429,0,4,Ing0607-1
c0429,1,4,Ing0607-1
c0429,2,4,Ing0607-1
c0429,3,2,Ing0607-1
c0429,3,4,Ing0607-1
nan,4,2,Ing0607-1
c0429,4,3,Ing0607-1
c0429,4,4,Ing0607-1
c0433,0,2,Ing0607-1
c0433,1,2,Ing0607-1
c0433,2,2,Ing0607-1
c0433,4,2,Ing0607-1
c0439,0,2,Ing0607-1
c0439,1,2,Ing0607-1
c0439,2,2,Ing0607-1
c0439,3,2,Ing0607-1
c0439,4,2,Ing0607-1
c0440,0,0,Ing0607-1
c0440,0,1,Ing0607-1
c0440,0,2,Ing0607-1
c0440,0,3,Ing0607-1
c0440,0,4,Ing0607-1
c0440,1,1,Ing0607-1
c0440,1,2,Ing0607-1
c0442,0,0,Ing0607-1
c0442,0,1,Ing0607-1
c0442,0,3,Ing0607-1
c0442,0,4,Ing0607-1
c0442,4,4,Ing0607-1
c0450,3,3,Ing0607-1
c0450,3,4,Ing0607-1
c0450,4,0,Ing0607-1
c0450,4,2,Ing0607-1
c0450,4,3,Ing0607-1
c0450,4,4,Ing0607-1
c0452,0,1,Ing0607-1
c0452,0,2,Ing0607-1
c0452,0,3,Ing0607-1
c0452,0,4,Ing0607-1
c0452,2,3,Ing0607-1
c0452,2,4,Ing0607-1
c0452,4,1,Ing0607-1
c0452,4,2,Ing0607-1
c0452,4,3,Ing0607-1
c0462,0,0,Ing0607-1
c0462,1,0,Ing0607-1
c0462,2,0,Ing0607-1
c0462,4,0,Ing0607-1
c0462,4,1,Ing0607-1
c0462,4,2,Ing0607-1
c0462,4,3,Ing0607-1
c0462,4,4,Ing0607-1
c0474,0,0,Ing0607-1
c0474,0,3,Ing0607-1
c0474,0,4,Ing0607-1
c0474,4,3,Ing0607-1
c0484,0,0,Ing0607-1
c0484,0,1,Ing0607-1
c0484,0,2,Ing0607-1
c0484,0,3,Ing0607-1
c0484,4,2,Ing0607-1
c0484,4,3,Ing0607-1
c0484,4,4,Ing0607-1
c0495,0,0,Ing0607-1
c0495,0,1,Ing0607-1
c0495,4,3,Ing0607-1
c0513,0,0,Ing0607-1
c0513,0,2,Ing0607-1
c0513,1,0,Ing0607-1
c0513,2,0,Ing0607-1
c0513,3,0,Ing0607-1
c0513,4,0,Ing0607-1
c0513,4,4,Ing0607-1
c0524,0,0,Ing0607-1
c0524,0,2,Ing0607-1
c0524,0,3,Ing0607-1
c0524,0,4,Ing0607-1
c0524,1,1,Ing0607-1
c0524,1,2,Ing0607-1
c0524,1,3,Ing0607-1
c0536,0,0,Ing0607-1
c0536,0,1,Ing0607-1
c0536,0,2,Ing0607-1
c0536,0,3,Ing0607-1
c0536,4,1,Ing0607-1
c0536,4,2,Ing0607-1
c0536,4,3,Ing0607-1
c0536,4,4,Ing0607-1
c0600,3,4,Ing0607-1
c0600,4,4,Ing0607-1
c0816,0,0,Ing0607-1
c0816,0,1,Ing0607-1
c0816,0,2,Ing0607-1
c0816,0,3,Ing0607-1
c0816,0,4,Ing0607-1
c0820,0,0,Ing0607-1
c0820,0,2,Ing0607-1
c0820,0,4,Ing0607-1
c0830,0,3,Ing0607-1
c0830,0,4,Ing0607-1
c0830,1,4,Ing0607-1
c0830,2,3,Ing0607-1
c0830,2,4,Ing0607-1
c0830,3,4,Ing0607-1
c0830,4,4,Ing0607-1
c0836,0,2,Ing0607-1
c0836,1,2,Ing0607-1
c0836,2,1,Ing0607-1
c0836,2,2,Ing0607-1
c0836,2,4,Ing0607-1
c0836,3,2,Ing0607-1
c0840,3,2,Ing0607-1
c0840,4,4,Ing0607-1
c0846,3,2,Ing0607-1
c0846,4,2,Ing0607-1
c0846,4,4,Ing0607-1
c0852,3,2,Ing0607-1
c0852,3,3,Ing0607-1
c0852,3,4,Ing0607-1
c0852,4,0,Ing0607-1
c0852,4,1,Ing0607-1
c0852,4,2,Ing0607-1
c0852,4,4,Ing0607-1
c0881,0,0,Ing0607-1
c0881,0,2,Ing0607-1
c0881,1,4,Ing0607-1
c0881,2,0,Ing0607-1
c0881,3,0,Ing0607-1
c0881,4,0,Ing0607-1
c0881,4,1,Ing0607-1
c0881,4,2,Ing0607-1
c0881,4,3,Ing0607-1
c0881,4,4,Ing0607-1
c0896,3,2,Ing0607-1
c0896,4,2,Ing0607-1
c0896,4,4,Ing0607-1
c0899,1,0,Ing0607-1
c0899,1,1,Ing0607-1
c0899,1,2,Ing0607-1
c0899,2,4,Ing0607-1
c0899,3,0,Ing0607-1
c0899,3,1,Ing0607-1
c0899,3,2,Ing0607-1
c0899,4,2,Ing0607-1
c0899,4,4,Ing0607-1
c0935,0,0,Ing0607-1
c0935,0,2,Ing0607-1
c0935,0,4,Ing0607-1
c0935,4,3,Ing0607-1
c0935,4,4,Ing0607-1
c1009,0,0,Ing0607-1
c1009,1,1,Ing0607-1
c1009,1,2,Ing0607-1
c1009,1,3,Ing0607-1
c1009,2,1,Ing0607-1
c1009,2,2,Ing0607-1
c1009,2,4,Ing0607-1
c1009,3,0,Ing0607-1
c1009,3,1,Ing0607-1
c1009,3,2,Ing0607-1
c1009,3,3,Ing0607-1
c1009,3,4,Ing0607-1
c1009,4,1,Ing0607-1
c1009,4,2,Ing0607-1
c1009,4,3,Ing0607-1
c1009,4,4,Ing0607-1
c1013,0,4,Ing0607-1
c1013,1,4,Ing0607-1
c1013,2,4,Ing0607-1
c1013,3,4,Ing0607-1
c1031,0,2,Ing0607-1
c1031,1,2,Ing0607-1
c1031,2,2,Ing0607-1
c1031,3,2,Ing0607-1
c1031,4,2,Ing0607-1
c1031,4,3,Ing0607-1
c1031,4,4,Ing0607-1
c1033,0,1,Ing0607-1
c1033,0,2,Ing0607-1
c1033,1,1,Ing0607-1
c1033,1,3,Ing0607-1
c1033,1,4,Ing0607-1
c1033,2,2,Ing0607-1
c1033,2,3,Ing0607-1
c1033,3,1,Ing0607-1
c1033,3,2,Ing0607-1
c1033,3,4,Ing0607-1
c1033,4,1,Ing0607-1
c1033,4,2,Ing0607-1
c1033,4,3,Ing0607-1
c1033,4,4,Ing0607-1
c1067,0,0,Ing0607-1
c1067,0,1,Ing0607-1
c1067,0,2,Ing0607-1
c1067,4,2,Ing0607-1
c1067,4,3,Ing0607-1
c1067,4,4,Ing0607-1
c1068,0,0,Ing0607-1
c1068,0,1,Ing0607-1
c1068,0,2,Ing0607-1
c1068,0,3,Ing0607-1
c1068,4,1,Ing0607-1
c1068,4,3,Ing0607-1
c1068,4,4,Ing0607-1
c1089,0,2,Ing0607-1
c1089,1,2,Ing0607-1
c1089,2,2,Ing0607-1
c1089,3,2,Ing0607-1
c1089,4,3,Ing0607-1
c1089,4,4,Ing0607-1
c1020,0,0,Ing0607-1
c1020,0,1,Ing0607-1
c1020,0,2,Ing0607-1
c1020,0,3,Ing0607-1
c1020,0,4,Ing0607-1
c1020,4,2,Ing0607-1
c1020,4,4,Ing0607-1
c1058,0,1,Ing0607-1
c1058,0,2,Ing0607-1
c1058,0,3,Ing0607-1
c1058,0,4,Ing0607-1
c1058,4,2,Ing0607-1
c1058,4,4,Ing0607-1
c0006,1,0,Ing0405-1
c0006,2,0,Ing0405-1
c0006,4,0,Ing0405-1
c0011,1,0,Ing0405-1
c0011,1,1,Ing0405-1
c0011,1,2,Ing0405-1
c0011,1,3,Ing0405-1
c0011,1,4,Ing0405-1
c0011,2,2,Ing0405-1
c0011,3,2,Ing0405-1
c0011,4,2,Ing0405-1
c0018,0,0,Ing0405-1
c0018,0,1,Ing0405-1
c0018,0,2,Ing0405-1
c0018,0,3,Ing0405-1
c0018,0,4,Ing0405-1
c0018,4,2,Ing0405-1
c0018,4,4,Ing0405-1
c0026,0,2,Ing0405-1
c0026,2,2,Ing0405-1
c0026,3,2,Ing0405-1
c0026,4,2,Ing0405-1
c0027,0,2,Ing0405-1
c0027,3,0,Ing0405-1
c0027,3,2,Ing0405-1
c0027,3,3,Ing0405-1
c0027,3,4,Ing0405-1
c0027,4,0,Ing0405-1
c0027,4,1,Ing0405-1
c0027,4,2,Ing0405-1
c0027,4,3,Ing0405-1
c0027,4,4,Ing0405-1
c0050,0,0,Ing0405-1
c0050,0,1,Ing0405-1
c0050,0,2,Ing0405-1
c0050,0,3,Ing0405-1
c0050,0,4,Ing0405-1
c0050,1,0,Ing0405-1
nan,1,1,Ing0405-1
c0050,1,2,Ing0405-1
c0050,1,3,Ing0405-1
c0050,1,4,Ing0405-1
c0050,2,0,Ing0405-1
c0050,2,1,Ing0405-1
c0050,2,2,Ing0405-1
c0050,2,3,Ing0405-1
c0050,2,4,Ing0405-1
c0050,3,0,Ing0405-1
c0050,3,1,Ing0405-1
c0050,3,2,Ing0405-1
c0051,1,2,Ing0405-1
c0051,1,3,Ing0405-1
c0051,1,4,Ing0405-1
c0051,3,2,Ing0405-1
c0051,3,3,Ing0405-1
c0051,4,3,Ing0405-1
c0051,4,4,Ing0405-1
c0059,0,0,Ing0405-1
c0059,2,0,Ing0405-1
c0059,3,0,Ing0405-1
c0059,3,1,Ing0405-1
c0059,3,2,Ing0405-1
c0059,3,3,Ing0405-1
c0059,3,4,Ing0405-1
c0064,0,0,Ing0405-1
c0064,0,1,Ing0405-1
c0064,0,2,Ing0405-1
c0064,0,3,Ing0405-1
c0064,4,1,Ing0405-1
c0064,4,2,Ing0405-1
c0073,0,0,Ing0405-1
c0073,0,4,Ing0405-1
c0073,4,1,Ing0405-1
c0073,4,2,Ing0405-1
c0073,4,4,Ing0405-1
c0080,0,0,Ing0405-1
c0080,0,2,Ing0405-1
c0080,0,4,Ing0405-1
c0080,2,2,Ing0405-1
c0080,2,3,Ing0405-1
c0097,0,0,Ing0405-1
c0097,0,1,Ing0405-1
c0097,0,2,Ing0405-1
c0097,0,3,Ing0405-1
c0097,0,4,Ing0405-1
c0097,4,0,Ing0405-1
c0097,4,1,Ing0405-1
c0097,4,2,Ing0405-1
c0097,4,3,Ing0405-1
c0097,4,4,Ing0405-1
c0099,1,0,Ing0405-1
c0099,1,1,Ing0405-1
c0099,1,2,Ing0405-1
c0099,1,4,Ing0405-1
c0099,2,3,Ing0405-1
c0099,3,3,Ing0405-1
c0099,3,4,Ing0405-1
c0101,0,0,Ing0405-1
c0101,0,1,Ing0405-1
c0101,0,2,Ing0405-1
c0101,0,4,Ing0405-1
c0101,4,0,Ing0405-1
c0101,4,1,Ing0405-1
c0101,4,3,Ing0405-1
c0105,0,0,Ing0405-1
c0105,0,1,Ing0405-1
c0105,0,2,Ing0405-1
c0105,3,3,Ing0405-1
c0105,3,4,Ing0405-1
c0105,4,0,Ing0405-1
c0105,4,1,Ing0405-1
c0105,4,2,Ing0405-1
c0105,4,4,Ing0405-1
c0109,0,2,Ing0405-1
c0109,1,2,Ing0405-1
c0109,2,2,Ing0405-1
nan,3,2,Ing0405-1
c0109,4,2,Ing0405-1
c0128,0,2,Ing0405-1
c0128,0,4,Ing0405-1
c0128,1,2,Ing0405-1
c0128,1,4,Ing0405-1
c0128,2,2,Ing0405-1
c0128,3,2,Ing0405-1
c0128,3,4,Ing0405-1
c0128,4,2,Ing0405-1
c0137,0,2,Ing0405-1
c0137,1,2,Ing0405-1
c0137,2,2,Ing0405-1
c0137,4,1,Ing0405-1
c0137,4,2,Ing0405-1
c0142,0,0,Ing0405-1
c0142,0,1,Ing0405-1
c0142,0,2,Ing0405-1
c0142,0,4,Ing0405-1
c0142,1,0,Ing0405-1
c0142,1,1,Ing0405-1
c0142,1,2,Ing0405-1
c0142,1,3,Ing0405-1
c0142,1,4,Ing0405-1
c0142,2,0,Ing0405-1
c0142,2,1,Ing0405-1
nan,2,4,Ing0405-1
c0154,0,2,Ing0405-1
c0154,0,3,Ing0405-1
nan,0,4,Ing0405-1
c0154,1,2,Ing0405-1
c0154,1,3,Ing0405-1
c0154,1,4,Ing0405-1
c0154,4,4,Ing0405-1
c0180,0,0,Ing0405-1
c0180,1,0,Ing0405-1
c0180,2,0,Ing0405-1
c0180,3,0,Ing0405-1
c0180,4,0,Ing0405-1
c0180,4,4,Ing0405-1
c0184,3,0,Ing0405-1
c0184,3,1,Ing0405-1
c0184,3,2,Ing0405-1
c0184,3,4,Ing0405-1
c0184,4,0,Ing0405-1
c0184,4,1,Ing0405-1
c0184,4,2,Ing0405-1
c0184,4,3,Ing0405-1
c0184,4,4,Ing0405-1
c0185,3,2,Ing0405-1
c0185,4,0,Ing0405-1
c0185,4,1,Ing0405-1
c0185,4,2,Ing0405-1
c0185,4,3,Ing0405-1
c0185,4,4,Ing0405-1
c0199,3,2,Ing0405-1
c0199,3,4,Ing0405-1
c0199,4,1,Ing0405-1
c0199,4,2,Ing0405-1
c0199,4,3,Ing0405-1
c0199,4,4,Ing0405-1
c0212,0,2,Ing0405-1
c0212,1,2,Ing0405-1
c0212,2,2,Ing0405-1
c0212,3,2,Ing0405-1
c0212,4,2,Ing0405-1
c0228,0,0,Ing0405-1
c0228,0,4,Ing0405-1
c0228,2,0,Ing0405-1
c0228,3,0,Ing0405-1
c0228,4,0,Ing0405-1
c0228,4,4,Ing0405-1
c0231,0,0,Ing0405-1
c0231,0,2,Ing0405-1
c0231,1,2,Ing0405-1
c0231,2,0,Ing0405-1
c0231,2,2,Ing0405-1
c0231,3,2,Ing0405-1
c0231,4,0,Ing0405-1
c0830,0,0,Ing0405-1
c0830,0,2,Ing0405-1
c0830,0,3,Ing0405-1
c0830,0,4,Ing0405-1
c0830,1,0,Ing0405-1
c0830,4,0,Ing0405-1
c0836,0,0,Ing0405-1
c0836,0,1,Ing0405-1
c0836,0,3,Ing0405-1
c0836,0,4,Ing0405-1
c0836,1,0,Ing0405-1
c0836,1,2,Ing0405-1
c0881,0,1,Ing0405-1
c0881,0,2,Ing0405-1
c0881,0,3,Ing0405-1
c0881,0,4,Ing0405-1
c0881,1,2,Ing0405-1
c0881,1,4,Ing0405-1
c0881,2,2,Ing0405-1
c0881,4,2,Ing0405-1
c0896,2,0,Ing0405-1
c0896,2,1,Ing0405-1
c0896,2,2,Ing0405-1
c0896,2,4,Ing0405-1
c0896,4,0,Ing0405-1
c0896,4,1,Ing0405-1
c0896,4,2,Ing0405-1
c0896,4,3,Ing0405-1
c0898,1,4,Ing0405-1
c0935,4,1,Ing0405-1
c0935,4,3,Ing0405-1
c0261,2,2,Ing0405-1
c0261,2,3,Ing0405-1
c0261,2,4,Ing0405-1
c0261,3,1,Ing0405-1
c0261,3,3,Ing0405-1
c0281,1,4,Ing0405-1
c0281,2,4,Ing0405-1
c0281,3,4,Ing0405-1
c0281,4,4,Ing0405-1
c0417,0,2,Ing0405-1
c0417,0,3,Ing0405-1
c0417,1,2,Ing0405-1
c0417,1,3,Ing0405-1
c0417,2,2,Ing0405-1
c0417,3,2,Ing0405-1
c0417,4,2,Ing0405-1
c0427,1,4,Ing0405-1
c0427,2,4,Ing0405-1
c0427,3,4,Ing0405-1
c0427,4,1,Ing0405-1
c0427,4,2,Ing0405-1
c0427,4,3,Ing0405-1
c0427,4,4,Ing0405-1
c0433,0,2,Ing0405-1
c0433,1,2,Ing0405-1
c0433,2,2,Ing0405-1
c0433,3,2,Ing0405-1
c0433,4,0,Ing0405-1
c0433,4,1,Ing0405-1
c0433,4,2,Ing0405-1
c0433,4,3,Ing0405-1
c0433,4,4,Ing0405-1
c0440,0,0,Ing0405-1
c0440,0,1,Ing0405-1
c0440,0,2,Ing0405-1
c0440,0,3,Ing0405-1
c0440,1,0,Ing0405-1
c0440,1,1,Ing0405-1
c0440,1,2,Ing0405-1
c0442,0,0,Ing0405-1
c0442,0,1,Ing0405-1
c0442,0,2,Ing0405-1
c0442,0,3,Ing0405-1
c0442,0,4,Ing0405-1
c0442,4,2,Ing0405-1
c0442,4,3,Ing0405-1
c0442,4,4,Ing0405-1
c0450,3,0,Ing0405-1
c0450,3,1,Ing0405-1
c0450,3,3,Ing0405-1
c0450,3,4,Ing0405-1
c0450,4,2,Ing0405-1
c0450,4,4,Ing0405-1
c0474,0,0,Ing0405-1
c0474,0,1,Ing0405-1
c0474,0,2,Ing0405-1
c0474,0,3,Ing0405-1
c0474,0,4,Ing0405-1
c0474,4,2,Ing0405-1
c0474,4,3,Ing0405-1
c0481,0,0,Ing0405-1
c0481,0,1,Ing0405-1
c0481,0,2,Ing0405-1
c0481,0,3,Ing0405-1
c0481,1,0,Ing0405-1
c0481,4,0,Ing0405-1
c0481,4,1,Ing0405-1
c0481,4,2,Ing0405-1
c0481,4,3,Ing0405-1
c0481,4,4,Ing0405-1
c0484,0,0,Ing0405-1
c0484,0,2,Ing0405-1
c0484,0,3,Ing0405-1
c0484,0,4,Ing0405-1
nan,1,0,Ing0405-1
c0484,1,1,Ing0405-1
c0484,1,2,Ing0405-1
c0484,1,3,Ing0405-1
c0485,0,0,Ing0405-1
c0485,0,2,Ing0405-1
c0485,0,3,Ing0405-1
c0485,4,1,Ing0405-1
c0485,4,3,Ing0405-1
c0485,4,4,Ing0405-1
c0489,0,2,Ing0405-1
c0489,0,3,Ing0405-1
c0489,0,4,Ing0405-1
c0489,2,2,Ing0405-1
c0489,2,3,Ing0405-1
c0513,0,2,Ing0405-1
c0513,1,0,Ing0405-1
c0513,2,0,Ing0405-1
nan,3,0,Ing0405-1
c0513,4,0,Ing0405-1
c0513,4,4,Ing0405-1
c0519,0,2,Ing0405-1
c0519,1,2,Ing0405-1
c0519,2,2,Ing0405-1
c0519,3,2,Ing0405-1
c0519,3,4,Ing0405-1
c0519,4,2,Ing0405-1
c0519,4,4,Ing0405-1
c1009,0,2,Ing0405-1
c1009,0,3,Ing0405-1
c1009,2,2,Ing0405-1
c1009,2,3,Ing0405-1
c1013,0,1,Ing0405-1
c1013,4,1,Ing0405-1
c1024,1,2,Ing0405-1
c1024,2,2,Ing0405-1
c1024,3,2,Ing0405-1
c1024,4,2,Ing0405-1
c1031,4,2,Ing0405-1
c1031,4,3,Ing0405-1
c1031,4,4,Ing0405-1
c1033,0,1,Ing0405-1
c1033,0,2,Ing0405-1
c1033,0,3,Ing0405-1
c1033,0,4,Ing0405-1
c1033,1,1,Ing0405-1
c1033,1,2,Ing0405-1
c1033,1,3,Ing0405-1
c1033,1,4,Ing0405-1
c1033,2,1,Ing0405-1
c1033,2,4,Ing0405-1
c1033,3,1,Ing0405-1
c1033,3,2,Ing0405-1
c1033,3,3,Ing0405-1
c1033,3,4,Ing0405-1
c1033,4,2,Ing0405-1
c1033,4,3,Ing0405-1
c1033,4,4,Ing0405-1
c1042,0,2,Ing0405-1
c1042,0,3,Ing0405-1
c1042,1,3,Ing0405-1
c1042,2,2,Ing0405-1
c1042,3,2,Ing0405-1
c1042,4,2,Ing0405-1
c0524,0,0,Ing0405-1
c0524,0,1,Ing0405-1
c0524,0,2,Ing0405-1
c0524,0,4,Ing0405-1
c0524,4,0,Ing0405-1
c0524,4,1,Ing0405-1
c0524,4,2,Ing0405-1
c0524,4,4,Ing0405-1
c0600,2,2,Ing0405-1
c0600,2,3,Ing0405-1
c0600,3,0,Ing0405-1
c0600,3,1,Ing0405-1
c0600,3,2,Ing0405-1
c0600,3,3,Ing0405-1
c0600,3,4,Ing0405-1
c0724,0,0,Ing0405-1
c0724,0,2,Ing0405-1
c0724,1,0,Ing0405-1
c0724,4,0,Ing0405-1
c0724,4,4,Ing0405-1
c0767,0,2,Ing0405-1
c0767,2,2,Ing0405-1
c0767,3,2,Ing0405-1
c0767,4,0,Ing0405-1
c0767,4,1,Ing0405-1
c0767,4,2,Ing0405-1
c0767,4,3,Ing0405-1
c0767,4,4,Ing0405-1
c0793,0,0,Ing0405-1
c0793,0,1,Ing0405-1
c0793,3,0,Ing0405-1
c0793,3,2,Ing0405-1
c0793,3,3,Ing0405-1
c0793,3,4,Ing0405-1
c0793,4,0,Ing0405-1
c0793,4,3,Ing0405-1
c0803,1,2,Ing0405-1
c0803,2,2,Ing0405-1
c0803,3,2,Ing0405-1
c0806,0,0,Ing0405-1
c0806,0,1,Ing0405-1
c0806,0,2,Ing0405-1
c0806,1,0,Ing0405-1
c0806,1,1,Ing0405-1
c0806,1,2,Ing0405-1
c0806,2,0,Ing0405-1
c0806,2,2,Ing0405-1
c0806,3,0,Ing0405-1
c0806,3,1,Ing0405-1
c0806,4,2,Ing0405-1
c1020,0,0,Ing0405-1
c1020,0,1,Ing0405-1
c1020,0,2,Ing0405-1
c1020,0,3,Ing0405-1
c1020,0,4,Ing0405-1
c1020,1,0,Ing0405-1
c1020,4,1,Ing0405-1
c1020,4,2,Ing0405-1
c1058,0,0,Ing0405-1
c1058,0,1,Ing0405-1
c1058,0,2,Ing0405-1
c1058,0,4,Ing0405-1
c1058,4,0,Ing0405-1
c1058,4,2,Ing0405-1
c1058,4,3,Ing0405-1
c1058,4,4,Ing0405-1
c0821,0,2,Ing0405-1
c0821,1,1,Ing0405-1
c0821,1,2,Ing0405-1
c0821,2,1,Ing0405-1
c0821,2,2,Ing0405-1
c0821,2,4,Ing0405-1
c0821,3,0,Ing0405-1
c0821,3,2,Ing0405-1
c0821,4,0,Ing0405-1
c0821,4,1,Ing0405-1
LET-STO-StoMed2,0,5,Let0304-1
LET-STO-StoMed2,1,5,Let0304-1
LET-STO-StoMed2,4,5,Let0304-1
LET-STO-StoMed1,0,5,Let0304-1
LET-STO-StoMed1,1,5,Let0304-1
LET-STO-StoMed1,4,5,Let0304-1
LET-ITA-LinIta,0,5,Let0304-1
LET-ITA-LinIta,4,5,Let0304-1
LET-ITA-LetIta2,0,5,Let0304-1
LET-ITA-LetIta2,4,5,Let0304-1
LET-ITA-EleLinGenFil,0,0,Let0304-1
LET-ITA-EleLinGenFil,0,1,Let0304-1
LET-ITA-EleLinGenFil,0,2,Let0304-1
LET-ITA-EleLinGenFil,0,5,Let0304-1
LET-ITA-EleLinGenFil,1,5,Let0304-1
LET-ITA-EleLinGenFil,2,4,Let0304-1
LET-ITA-EleLinGenFil,2,5,Let0304-1
LET-ITA-EleLinGenFil,3,0,Let0304-1
LET-ITA-EleLinGenFil,3,2,Let0304-1
LET-ITA-EleLinGenFil,3,3,Let0304-1
LET-ITA-EleLinGenFil,3,4,Let0304-1
LET-ITA-EleLinGenFil,3,5,Let0304-1
LET-ITA-EleLinGenFil,4,0,Let0304-1
LET-ITA-EleLinGenFil,4,1,Let0304-1
LET-ITA-EleLinGenFil,4,4,Let0304-1
LET-ITA-EleLinGenFil,4,5,Let0304-1
LET-GEO-StoCriCin,0,0,Let0304-1
LET-GEO-StoCriCin,0,2,Let0304-1
LET-GEO-StoCriCin,0,3,Let0304-1
LET-GEO-StoCriCin,0,4,Let0304-1
LET-GEO-StoCriCin,0,5,Let0304-1
LET-GEO-StoCriCin,1,0,Let0304-1
LET-GEO-StoCriCin,1,1,Let0304-1
LET-GEO-StoCriCin,1,2,Let0304-1
LET-GEO-StoCriCin,1,3,Let0304-1
LET-GEO-StoCriCin,1,5,Let0304-1
LET-GEO-StoCriCin,2,0,Let0304-1
LET-GEO-StoCriCin,2,1,Let0304-1
LET-GEO-StoCriCin,2,2,Let0304-1
LET-GEO-StoCriCin,4,3,Let0304-1
LET-GEO-StoCriCin,4,4,Let0304-1
LET-GEO-StoCriCin,4,5,Let0304-1
LET-GEO-Geo2,0,5,Let0304-1
LET-GEO-Geo2,1,5,Let0304-1
LET-GEO-Geo2,4,5,Let0304-1
LET-GEO-Geo1,0,5,Let0304-1
LET-GEO-Geo1,1,5,Let0304-1
LET-GEO-Geo1,4,5,Let0304-1
LET-FIL-StoSci,0,0,Let0304-1
LET-FIL-StoSci,0,1,Let0304-1
LET-FIL-StoSci,0,4,Let0304-1
LET-FIL-StoSci,0,5,Let0304-1
LET-FIL-StoSci,1,1,Let0304-1
LET-FIL-StoSci,1,2,Let0304-1
LET-FIL-StoSci,1,3,Let0304-1
LET-FIL-StoSci,1,4,Let0304-1
LET-FIL-StoSci,1,5,Let0304-1
LET-FIL-StoSci,2,1,Let0304-1
LET-FIL-StoSci,2,2,Let0304-1
LET-FIL-StoSci,4,3,Let0304-1
LET-FIL-StoSci,4,5,Let0304-1
LET-FIL-Est,0,0,Let0304-1
LET-FIL-Est,0,1,Let0304-1
LET-FIL-Est,0,3,Let0304-1
LET-FIL-Est,0,4,Let0304-1
LET-FIL-Est,0,5,Let0304-1
LET-FIL-Est,1,0,Let0304-1
LET-FIL-Est,1,1,Let0304-1
LET-FIL-Est,1,3,Let0304-1
LET-FIL-Est,1,4,Let0304-1
LET-FIL-Est,2,0,Let0304-1
LET-FIL-Est,2,1,Let0304-1
LET-FIL-Est,4,4,Let0304-1
LET-FIL-Est,4,5,Let0304-1
LET-CST-StoRom,0,0,Let0304-1
LET-CST-StoRom,0,1,Let0304-1
LET-CST-StoRom,0,2,Let0304-1
LET-CST-StoRom,0,3,Let0304-1
LET-CST-StoRom,0,4,Let0304-1
LET-CST-StoRom,0,5,Let0304-1
LET-CST-StoRom,1,0,Let0304-1
LET-CST-StoRom,1,1,Let0304-1
LET-CST-StoRom,1,2,Let0304-1
LET-CST-StoRom,1,3,Let0304-1
LET-CST-StoRom,1,5,Let0304-1
LET-CST-StoRom,2,0,Let0304-1
LET-CST-StoRom,2,1,Let0304-1
nan,2,2,Let0304-1
LET-CST-StoRom,4,3,Let0304-1
LET-CST-StoGre,0,0,Let0304-1
LET-CST-StoGre,0,2,Let0304-1
LET-CST-StoGre,0,3,Let0304-1
LET-CST-StoGre,0,4,Let0304-1
LET-CST-StoGre,1,0,Let0304-1
LET-CST-StoGre,1,1,Let0304-1
LET-CST-StoGre,1,2,Let0304-1
LET-CST-StoGre,1,3,Let0304-1
LET-CST-StoGre,1,4,Let0304-1
LET-CST-StoGre,1,5,Let0304-1
LET-CST-StoGre,2,0,Let0304-1
LET-CST-StoGre,2,1,Let0304-1
LET-CST-StoGre,4,3,Let0304-1
LET-CST-StoGre,4,4,Let0304-1
LET-CST-StoGre,4,5,Let0304-1
LET-CST-EpiLat,0,5,Let0304-1
LET-CST-EpiLat,1,5,Let0304-1
LET-CST-EpiLat,4,5,Let0304-1
LET-CLE-LinLetGre2,0,0,Let0304-1
LET-CLE-LinLetGre2,0,1,Let0304-1
LET-CLE-LinLetGre2,0,2,Let0304-1
nan,1,5,Let0304-1
LET-CLE-LinLetGre2,2,3,Let0304-1
LET-CLE-LinLetGre2,2,5,Let0304-1
LET-CLE-LinLetGre2,3,0,Let0304-1
LET-CLE-LinLetGre2,3,1,Let0304-1
LET-CLE-LinLetGre2,3,2,Let0304-1
LET-CLE-LinLetGre2,3,3,Let0304-1
LET-CLE-LinLetGre2,3,4,Let0304-1
LET-CLE-LinLetGre2,3,5,Let0304-1
LET-CLE-LinLetGre2,4,1,Let0304-1
LET-CLE-LinLetGre2,4,2,Let0304-1
LET-CLE-LinLetGre2,4,3,Let0304-1
LET-CLE-LinLetGre2,4,4,Let0304-1
LET-CLE-LinLetGre2,4,5,Let0304-1
LET-CLE-LinLat,4,5,Let0304-1
LET-CLE-LinGre,0,5,Let0304-1
LET-CLE-LinGre,1,5,Let0304-1
LET-CLE-LinGre,4,5,Let0304-1
LET-CLE-Glo,1,5,Let0304-1
LET-CLE-Glo,4,5,Let0304-1
LET-CLE-FilCla,0,0,Let0304-1
LET-CLE-FilCla,0,1,Let0304-1
LET-CLE-FilCla,0,2,Let0304-1
nan,0,5,Let0304-1
LET-CLE-FilCla,1,5,Let0304-1
LET-CLE-FilCla,2,3,Let0304-1
LET-CLE-FilCla,3,0,Let0304-1
LET-CLE-FilCla,3,4,Let0304-1
LET-CLE-FilCla,3,5,Let0304-1
LET-CLE-FilCla,4,0,Let0304-1
LET-CLE-FilCla,4,2,Let0304-1
LET-CLE-FilCla,4,3,Let0304-1
LET-CLE-FilCla,4,5,Let0304-1
CBC-LIB-StoLibSta,0,5,Let0304-1
CBC-LIB-StoLibSta,1,5,Let0304-1
CBC-LIB-StoLibSta,4,5,Let0304-1
CBC-LIB-StoBib,0,5,Let0304-1
CBC-LIB-StoBib,1,5,Let0304-1
CBC-LIB-StoBib,4,5,Let0304-1
CBC-LIB-PalLat,0,5,Let0304-1
CBC-LIB-InfDoc,1,5,Let0304-1
CBC-LIB-InfDoc,4,5,Let0304-1
CBC-LIB-Cod,0,0,Let0304-1
CBC-LIB-Cod,0,1,Let0304-1
CBC-LIB-Cod,0,2,Let0304-1
CBC-LIB-Cod,0,5,Let0304-1
CBC-LIB-Cod,1,5,Let0304-1
CBC-LIB-Cod,2,3,Let0304-1
CBC-LIB-Cod,2,4,Let0304-1
CBC-LIB-Cod,2,5,Let0304-1
CBC-LIB-Cod,3,1,Let0304-1
CBC-LIB-Cod,3,2,Let0304-1
CBC-LIB-Cod,3,3,Let0304-1
CBC-LIB-Cod,3,4,Let0304-1
CBC-LIB-Cod,3,5,Let0304-1
CBC-LIB-Cod,4,0,Let0304-1
CBC-LIB-Cod,4,1,Let0304-1
CBC-LIB-Cod,4,2,Let0304-1
CBC-LIB-Cod,4,3,Let0304-1
CBC-LIB-Cod,4,4,Let0304-1
CBC-LIB-Cod,4,5,Let0304-1
CBC-LIB-ArcSpe,0,5,Let0304-1
CBC-LIB-ArcSpe,1,5,Let0304-1
CBC-LIB-ArcSpe,4,5,Let0304-1
CBC-LIB-Arc,0,0,Let0304-1
CBC-LIB-Arc,0,1,Let0304-1
CBC-LIB-Arc,0,2,Let0304-1
CBC-LIB-Arc,1,5,Let0304-1
CBC-LIB-Arc,2,3,Let0304-1
CBC-LIB-Arc,2,4,Let0304-1
CBC-LIB-Arc,2,5,Let0304-1
CBC-LIB-Arc,3,0,Let0304-1
CBC-LIB-Arc,3,1,Let0304-1
CBC-LIB-Arc,3,3,Let0304-1
CBC-LIB-Arc,3,5,Let0304-1
CBC-LIB-Arc,4,0,Let0304-1
CBC-LIB-Arc,4,1,Let0304-1
CBC-LIB-Arc,4,3,Let0304-1
CBC-LIB-Arc,4,4,Let0304-1
CBC-LIB-Arc,4,5,Let0304-1
CBC-ART-StoTecFot,0,5,Let0304-1
CBC-ART-StoTecFot,1,5,Let0304-1
CBC-ART-StoTecFot,4,5,Let0304-1
CBC-ART-StoTecArt,4,5,Let0304-1
CBC-ART-StoRes,0,5,Let0304-1
CBC-ART-StoRes,4,5,Let0304-1
CBC-ART-StoProArtCulMatMed,0,5,Let0304-1
CBC-ART-StoProArtCulMatMed,1,5,Let0304-1
CBC-ART-StoMus,0,1,Let0304-1
CBC-ART-StoMus,0,3,Let0304-1
CBC-ART-StoMus,0,5,Let0304-1
CBC-ART-StoMus,1,0,Let0304-1
CBC-ART-StoMus,1,1,Let0304-1
CBC-ART-StoMus,1,3,Let0304-1
CBC-ART-StoMus,1,4,Let0304-1
CBC-ART-StoMus,1,5,Let0304-1
CBC-ART-StoMus,2,1,Let0304-1
CBC-ART-StoMus,4,3,Let0304-1
CBC-ART-StoMus,4,4,Let0304-1
CBC-ART-StoMus,4,5,Let0304-1
CBC-ART-StoDisGra,1,5,Let0304-1
CBC-ART-StoCriCin,0,5,Let0304-1
CBC-ART-StoCriCin,1,5,Let0304-1
CBC-ART-StoCriCin,4,5,Let0304-1
CBC-ART-StoCriArt,0,0,Let0304-1
CBC-ART-StoCriArt,0,1,Let0304-1
CBC-ART-StoCriArt,0,2,Let0304-1
CBC-ART-StoCriArt,0,3,Let0304-1
CBC-ART-StoCriArt,0,4,Let0304-1
CBC-ART-StoCriArt,0,5,Let0304-1
CBC-ART-StoCriArt,1,1,Let0304-1
CBC-ART-StoCriArt,1,2,Let0304-1
CBC-ART-StoCriArt,1,3,Let0304-1
CBC-ART-StoCriArt,1,4,Let0304-1
CBC-ART-StoCriArt,1,5,Let0304-1
CBC-ART-StoCriArt,2,0,Let0304-1
CBC-ART-StoCriArt,2,1,Let0304-1
CBC-ART-StoCriArt,2,2,Let0304-1
CBC-ART-StoCriArt,4,3,Let0304-1
CBC-ART-StoCriArt,4,4,Let0304-1
CBC-ART-StoCriArt,4,5,Let0304-1
CBC-ART-StoArcMed,0,5,Let0304-1
CBC-ART-StoArcMed,3,0,Let0304-1
CBC-ART-StoArcMed,3,1,Let0304-1
CBC-ART-StoArcMed,3,3,Let0304-1
CBC-ART-StoArcMed,3,4,Let0304-1
CBC-ART-StoArcMed,4,0,Let0304-1
CBC-ART-StoArcMed,4,1,Let0304-1
CBC-ART-StoArcMed,4,2,Let0304-1
CBC-ART-StoArcMed,4,3,Let0304-1
CBC-ART-StoArcMed,4,4,Let0304-1
CBC-ART-StoArcMed,4,5,Let0304-1
CBC-ART-StoArcCon,0,5,Let0304-1
CBC-ART-StoArcCon,1,5,Let0304-1
CBC-ART-SocArt,1,5,Let0304-1
CBC-ART-SocArt,4,5,Let0304-1
CBC-ART-MatCarCosResEdiSto,0,0,Let0304-1
CBC-ART-MatCarCosResEdiSto,0,1,Let0304-1
CBC-ART-MatCarCosResEdiSto,0,2,Let0304-1
CBC-ART-MatCarCosResEdiSto,1,5,Let0304-1
CBC-ART-MatCarCosResEdiSto,2,3,Let0304-1
CBC-ART-MatCarCosResEdiSto,2,4,Let0304-1
CBC-ART-MatCarCosResEdiSto,2,5,Let0304-1
CBC-ART-MatCarCosResEdiSto,3,0,Let0304-1
CBC-ART-MatCarCosResEdiSto,3,2,Let0304-1
CBC-ART-MatCarCosResEdiSto,3,3,Let0304-1
CBC-ART-MatCarCosResEdiSto,3,4,Let0304-1
CBC-ART-MatCarCosResEdiSto,3,5,Let0304-1
CBC-ART-MatCarCosResEdiSto,4,1,Let0304-1
CBC-ART-MatCarCosResEdiSto,4,2,Let0304-1
CBC-ART-MatCarCosResEdiSto,4,3,Let0304-1
CBC-ART-MatCarCosResEdiSto,4,4,Let0304-1
CBC-ART-MatCarCosResEdiSto,4,5,Let0304-1
CBC-ART-EleInfSciCatBenCul,0,5,Let0304-1
CBC-ART-EleInfSciCatBenCul,1,5,Let0304-1
nan,4,5,Let0304-1
CBC-ART-ArcStoArtMusA,0,5,Let0304-1
CBC-ART-ArcStoArtMusA,4,5,Let0304-1
CBC-ARC-TopRilMonAnt,0,5,Let0304-1
CBC-ARC-TopRilMonAnt,1,5,Let0304-1
CBC-ARC-TopRilMonAnt,4,5,Let0304-1
CBC-ARC-Palantro,0,5,Let0304-1
CBC-ARC-Palantro,1,5,Let0304-1
CBC-ARC-Palantro,4,5,Let0304-1
CBC-ARC-MatTecAppArc,0,0,Let0304-1
CBC-ARC-MatTecAppArc,0,1,Let0304-1
CBC-ARC-MatTecAppArc,0,2,Let0304-1
CBC-ARC-MatTecAppArc,0,5,Let0304-1
CBC-ARC-MatTecAppArc,1,5,Let0304-1
CBC-ARC-MatTecAppArc,2,3,Let0304-1
CBC-ARC-MatTecAppArc,2,4,Let0304-1
CBC-ARC-MatTecAppArc,2,5,Let0304-1
CBC-ARC-MatTecAppArc,3,0,Let0304-1
CBC-ARC-MatTecAppArc,3,1,Let0304-1
CBC-ARC-MatTecAppArc,3,2,Let0304-1
CBC-ARC-MatTecAppArc,3,3,Let0304-1
CBC-ARC-MatTecAppArc,3,4,Let0304-1
CBC-ARC-MatTecAppArc,3,5,Let0304-1
CBC-ARC-MatTecAppArc,4,0,Let0304-1
CBC-ARC-MatTecAppArc,4,1,Let0304-1
CBC-ARC-MatTecAppArc,4,2,Let0304-1
CBC-ARC-MatTecAppArc,4,4,Let0304-1
CBC-ARC-MatTecAppArc,4,5,Let0304-1
CBC-ARC-LinLat,0,5,Let0304-1
CBC-ARC-LinLat,1,5,Let0304-1
CBC-ARC-LinLat,4,5,Let0304-1
CBC-ARC-Geo1,0,5,Let0304-1
CBC-ARC-Geo1,1,5,Let0304-1
CBC-ARC-Geo1,4,5,Let0304-1
CBC-ARC-EtrAntIta,0,5,Let0304-1
CBC-ARC-EtrAntIta,1,5,Let0304-1
CBC-ARC-EtrAntIta,4,5,Let0304-1
CBC-ARC-ArcCla2,0,5,Let0304-1
CBC-ARC-ArcCla2,1,5,Let0304-1
CBC-ARC-ArcCla2,4,5,Let0304-1
c0012,0,3,Ing0203-3
c0012,0,4,Ing0203-3
c0012,2,1,Ing0203-3
c0012,2,2,Ing0203-3
c0012,2,3,Ing0203-3
c0012,2,4,Ing0203-3
c0013,0,0,Ing0203-3
c0013,2,0,Ing0203-3
c0013,4,0,Ing0203-3
c0035,0,0,Ing0203-3
c0035,0,1,Ing0203-3
c0035,0,2,Ing0203-3
c0035,3,1,Ing0203-3
c0035,3,2,Ing0203-3
c0035,3,3,Ing0203-3
c0035,3,4,Ing0203-3
c0035,4,0,Ing0203-3
c0035,4,2,Ing0203-3
c0035,4,3,Ing0203-3
c0035,4,4,Ing0203-3
c0036,0,0,Ing0203-3
c0036,2,0,Ing0203-3
c0036,2,1,Ing0203-3
c0036,2,2,Ing0203-3
c0036,2,3,Ing0203-3
c0036,2,4,Ing0203-3
c0036,4,4,Ing0203-3
c0042,0,2,Ing0203-3
c0042,0,3,Ing0203-3
c0042,1,2,Ing0203-3
c0042,1,3,Ing0203-3
c0042,1,4,Ing0203-3
c0042,3,2,Ing0203-3
c0042,3,3,Ing0203-3
c0042,4,3,Ing0203-3
c0042,4,4,Ing0203-3
c0045,0,0,Ing0203-3
c0045,1,0,Ing0203-3
c0045,2,0,Ing0203-3
c0045,3,0,Ing0203-3
c0045,4,0,Ing0203-3
nan,2,0,Ing0203-3
c0052,3,0,Ing0203-3
c0052,3,1,Ing0203-3
c0052,4,3,Ing0203-3
c0052,4,4,Ing0203-3
c0053,3,0,Ing0203-3
c0053,3,1,Ing0203-3
c0053,3,2,Ing0203-3
c0053,3,4,Ing0203-3
c0055,0,0,Ing0203-3
c0055,1,0,Ing0203-3
c0055,3,0,Ing0203-3
c0057,0,2,Ing0203-3
c0057,0,4,Ing0203-3
c0057,1,2,Ing0203-3
c0057,1,3,Ing0203-3
c0057,2,2,Ing0203-3
c0057,2,3,Ing0203-3
c0057,2,4,Ing0203-3
c0057,3,2,Ing0203-3
c0057,3,4,Ing0203-3
c0057,4,2,Ing0203-3
c0057,4,3,Ing0203-3
c0057,4,4,Ing0203-3
c0094,0,2,Ing0203-3
c0094,0,3,Ing0203-3
c0094,0,4,Ing0203-3
c0094,1,2,Ing0203-3
c0094,1,3,Ing0203-3
c0094,1,4,Ing0203-3
c0094,2,3,Ing0203-3
c0094,2,4,Ing0203-3
c0094,3,2,Ing0203-3
c0094,3,3,Ing0203-3
c0094,3,4,Ing0203-3
c0094,4,2,Ing0203-3
c0094,4,3,Ing0203-3
c0098,0,0,Ing0203-3
c0098,0,1,Ing0203-3
c0098,0,2,Ing0203-3
c0098,0,3,Ing0203-3
c0098,0,4,Ing0203-3
c0098,4,0,Ing0203-3
c0098,4,2,Ing0203-3
c0098,4,3,Ing0203-3
c0098,4,4,Ing0203-3
c0104,0,2,Ing0203-3
c0104,1,2,Ing0203-3
c0104,2,2,Ing0203-3
c0107,0,2,Ing0203-3
c0107,0,3,Ing0203-3
c0107,0,4,Ing0203-3
c0107,1,0,Ing0203-3
c0107,1,1,Ing0203-3
c0107,1,2,Ing0203-3
c0107,1,3,Ing0203-3
c0107,1,4,Ing0203-3
c0107,2,0,Ing0203-3
c0107,2,1,Ing0203-3
c0107,2,2,Ing0203-3
c0107,2,3,Ing0203-3
c0107,2,4,Ing0203-3
c0107,3,2,Ing0203-3
c0107,3,4,Ing0203-3
c0107,4,2,Ing0203-3
c0107,4,3,Ing0203-3
c0107,4,4,Ing0203-3
c0112,0,2,Ing0203-3
c0112,0,4,Ing0203-3
c0112,1,2,Ing0203-3
c0112,1,3,Ing0203-3
c0112,1,4,Ing0203-3
c0112,2,3,Ing0203-3
c0112,3,2,Ing0203-3
c0112,3,3,Ing0203-3
c0112,3,4,Ing0203-3
c0112,4,2,Ing0203-3
c0112,4,3,Ing0203-3
c0112,4,4,Ing0203-3
c0114,0,0,Ing0203-3
c0114,2,0,Ing0203-3
c0114,3,0,Ing0203-3
c0114,3,4,Ing0203-3
c0114,4,0,Ing0203-3
c0114,4,4,Ing0203-3
c0116,2,0,Ing0203-3
c0116,2,1,Ing0203-3
c0116,3,0,Ing0203-3
c0116,3,1,Ing0203-3
c0116,4,3,Ing0203-3
c0117,0,4,Ing0203-3
c0117,1,4,Ing0203-3
c0117,2,4,Ing0203-3
c0130,4,4,Ing0203-3
c0151,4,4,Ing0203-3
nan,0,2,Ing0203-3
c0177,0,3,Ing0203-3
c0177,0,4,Ing0203-3
c0177,1,2,Ing0203-3
c0177,1,3,Ing0203-3
c0177,1,4,Ing0203-3
c0177,2,2,Ing0203-3
c0177,2,3,Ing0203-3
c0177,3,2,Ing0203-3
c0177,3,3,Ing0203-3
c0177,3,4,Ing0203-3
c0177,4,2,Ing0203-3
c0177,4,4,Ing0203-3
c0179,0,2,Ing0203-3
c0179,0,3,Ing0203-3
c0179,0,4,Ing0203-3
c0179,1,2,Ing0203-3
c0179,1,3,Ing0203-3
c0179,1,4,Ing0203-3
c0179,2,2,Ing0203-3
c0179,2,3,Ing0203-3
c0179,2,4,Ing0203-3
c0179,3,3,Ing0203-3
c0179,4,2,Ing0203-3
c0179,4,4,Ing0203-3
c0181,0,2,Ing0203-3
c0181,0,3,Ing0203-3
c0181,0,4,Ing0203-3
c0181,1,2,Ing0203-3
c0181,1,3,Ing0203-3
c0181,1,4,Ing0203-3
c0181,2,2,Ing0203-3
c0181,2,3,Ing0203-3
c0181,2,4,Ing0203-3
c0181,3,2,Ing0203-3
c0181,3,3,Ing0203-3
c0181,3,4,Ing0203-3
c0181,4,3,Ing0203-3
c0181,4,4,Ing0203-3
c0198,0,0,Ing0203-3
c0198,0,1,Ing0203-3
c0198,2,3,Ing0203-3
c0198,2,4,Ing0203-3
c0198,4,1,Ing0203-3
c0210,0,2,Ing0203-3
c0210,0,3,Ing0203-3
c0210,0,4,Ing0203-3
c0210,1,2,Ing0203-3
c0210,2,3,Ing0203-3
c0210,2,4,Ing0203-3
c0210,3,3,Ing0203-3
c0210,3,4,Ing0203-3
c0210,4,2,Ing0203-3
c0210,4,3,Ing0203-3
c0210,4,4,Ing0203-3
c0214,0,0,Ing0203-3
c0214,0,1,Ing0203-3
c0214,0,2,Ing0203-3
c0214,0,3,Ing0203-3
c0214,0,4,Ing0203-3
c0214,1,0,Ing0203-3
c0214,1,1,Ing0203-3
c0214,1,2,Ing0203-3
c0214,1,3,Ing0203-3
nan,1,4,Ing0203-3
c0214,2,2,Ing0203-3
c0214,2,3,Ing0203-3
c0214,2,4,Ing0203-3
c0214,3,2,Ing0203-3
c0214,3,3,Ing0203-3
c0214,3,4,Ing0203-3
c0214,4,2,Ing0203-3
c0214,4,3,Ing0203-3
c0214,4,4,Ing0203-3
c0218,1,0,Ing0203-3
c0218,1,1,Ing0203-3
c0218,1,2,Ing0203-3
c0218,1,3,Ing0203-3
c0218,2,3,Ing0203-3
c0218,2,4,Ing0203-3
c0218,3,0,Ing0203-3
c0218,3,1,Ing0203-3
c0223,0,0,Ing0203-3
c0223,2,0,Ing0203-3
c0223,4,0,Ing0203-3
c0226,0,2,Ing0203-3
c0226,0,3,Ing0203-3
c0226,1,2,Ing0203-3
c0226,1,3,Ing0203-3
c0226,1,4,Ing0203-3
c0226,2,2,Ing0203-3
c0226,2,3,Ing0203-3
c0226,3,3,Ing0203-3
c0226,3,4,Ing0203-3
c0226,4,2,Ing0203-3
c0226,4,3,Ing0203-3
c0226,4,4,Ing0203-3
c0227,0,0,Ing0203-3
c0227,0,1,Ing0203-3
c0227,3,4,Ing0203-3
c0227,4,0,Ing0203-3
c0227,4,1,Ing0203-3
c0227,4,2,Ing0203-3
c0227,4,3,Ing0203-3
c0227,4,4,Ing0203-3
c0254,0,0,Ing0203-3
c0254,0,1,Ing0203-3
c0254,0,2,Ing0203-3
c0254,3,0,Ing0203-3
c0254,3,1,Ing0203-3
c0254,3,2,Ing0203-3
c0259,0,0,Ing0203-3
c0259,0,1,Ing0203-3
c0259,0,2,Ing0203-3
c0259,0,3,Ing0203-3
c0259,1,0,Ing0203-3
c0259,2,0,Ing0203-3
c0259,4,0,Ing0203-3
c0259,4,1,Ing0203-3
c0259,4,2,Ing0203-3
c0259,4,3,Ing0203-3
c0259,4,4,Ing0203-3
c0271,1,2,Ing0203-3
c0271,1,3,Ing0203-3
c0271,3,3,Ing0203-3
c0271,3,4,Ing0203-3
c0271,4,3,Ing0203-3
c0625,0,0,Ing0203-3
c0625,0,1,Ing0203-3
c0625,0,2,Ing0203-3
c0625,0,3,Ing0203-3
c0625,0,4,Ing0203-3
c0625,1,0,Ing0203-3
c0625,1,1,Ing0203-3
c0625,1,3,Ing0203-3
c0624,2,4,Ing0203-3
c0624,3,4,Ing0203-3
c0624,4,0,Ing0203-3
c0624,4,2,Ing0203-3
c0624,4,3,Ing0203-3
c0624,4,4,Ing0203-3
c0063,2,4,Ing0203-3
c0063,3,2,Ing0203-3
c0063,4,3,Ing0203-3
c0063,4,4,Ing0203-3
c0309,0,0,Ing0203-3
c0309,0,1,Ing0203-3
c0309,0,2,Ing0203-3
c0309,0,3,Ing0203-3
c0309,3,2,Ing0203-3
c0309,3,3,Ing0203-3
c0309,3,4,Ing0203-3
c0309,4,0,Ing0203-3
c0309,4,1,Ing0203-3
c0309,4,3,Ing0203-3
c0301,0,3,Ing0203-3
c0301,0,4,Ing0203-3
c0301,2,2,Ing0203-3
c0301,3,3,Ing0203-3
c0301,4,3,Ing0203-3
c0301,4,4,Ing0203-3
c0317,0,0,Ing0203-3
c0317,0,1,Ing0203-3
c0317,0,2,Ing0203-3
c0317,0,3,Ing0203-3
c0317,0,4,Ing0203-3
c0317,1,1,Ing0203-3
c0284,4,1,Ing0203-3
c0284,4,2,Ing0203-3
c0284,4,3,Ing0203-3
c0284,4,4,Ing0203-3
c0330,0,0,Ing0203-3
c0330,0,1,Ing0203-3
c0330,0,2,Ing0203-3
c0343,0,0,Ing0203-3
c0343,0,1,Ing0203-3
c0343,0,2,Ing0203-3
c0343,1,0,Ing0203-3
c0343,2,0,Ing0203-3
c0343,3,0,Ing0203-3
c0331,0,0,Ing0203-3
c0331,0,1,Ing0203-3
c0331,0,2,Ing0203-3
c0331,0,3,Ing0203-3
c0331,0,4,Ing0203-3
c0331,4,3,Ing0203-3
c0331,4,4,Ing0203-3
c0344,0,1,Ing0203-3
c0344,0,3,Ing0203-3
c0344,0,4,Ing0203-3
c0344,1,0,Ing0203-3
c0344,1,2,Ing0203-3
c0344,1,3,Ing0203-3
c0344,1,4,Ing0203-3
c0344,4,0,Ing0203-3
c0344,4,1,Ing0203-3
c0344,4,2,Ing0203-3
c0344,4,3,Ing0203-3
c0344,4,4,Ing0203-3
c0369,0,2,Ing0203-3
c0369,1,4,Ing0203-3
c0369,2,2,Ing0203-3
c0369,3,2,Ing0203-3
c0369,4,2,Ing0203-3
c0369,4,3,Ing0203-3
c0352,0,0,Ing0203-3
c0352,0,4,Ing0203-3
c0352,1,0,Ing0203-3
c0352,1,4,Ing0203-3
c0352,2,0,Ing0203-3
c0352,2,4,Ing0203-3
c0352,3,0,Ing0203-3
c0352,3,4,Ing0203-3
c0352,4,0,Ing0203-3
c0363,0,2,Ing0203-3
c0363,1,2,Ing0203-3
c0363,2,2,Ing0203-3
c0363,3,2,Ing0203-3
c0363,4,2,Ing0203-3
c0348,1,0,Ing0203-3
c0348,2,0,Ing0203-3
c0348,2,2,Ing0203-3
c0348,2,3,Ing0203-3
c0348,2,4,Ing0203-3
c0348,4,4,Ing0203-3
c0353,1,2,Ing0203-3
c0353,1,3,Ing0203-3
c0353,1,4,Ing0203-3
c0353,3,1,Ing0203-3
c0353,4,0,Ing0203-3
c0353,4,1,Ing0203-3
c0353,4,2,Ing0203-3
c0381,2,2,Ing0203-3
c0381,2,3,Ing0203-3
c0381,2,4,Ing0203-3
c0381,3,0,Ing0203-3
c0381,3,2,Ing0203-3
c0381,3,3,Ing0203-3
c0381,4,4,Ing0203-3
c0402,0,0,Ing0203-3
c0402,0,1,Ing0203-3
c0402,0,2,Ing0203-3
c0402,0,3,Ing0203-3
c0402,4,4,Ing0203-3
c0007,0,0,Ing0506-2
c0007,0,1,Ing0506-2
c0007,0,2,Ing0506-2
c0007,0,3,Ing0506-2
nan,0,4,Ing0506-2
c0007,1,2,Ing0506-2
c0007,2,2,Ing0506-2
c0007,4,2,Ing0506-2
c0015,1,2,Ing0506-2
c0015,1,3,Ing0506-2
c0015,2,2,Ing0506-2
c0015,3,2,Ing0506-2
c0015,3,3,Ing0506-2
c0015,4,2,Ing0506-2
c0015,4,3,Ing0506-2
c0020,0,0,Ing0506-2
c0020,1,0,Ing0506-2
c0020,2,0,Ing0506-2
c0020,3,0,Ing0506-2
c0020,4,0,Ing0506-2
c0020,4,3,Ing0506-2
c0020,4,4,Ing0506-2
c0023,0,0,Ing0506-2
c0023,0,2,Ing0506-2
c0023,0,3,Ing0506-2
c0023,0,4,Ing0506-2
c0023,1,0,Ing0506-2
c0023,2,3,Ing0506-2
c0023,2,4,Ing0506-2
c0023,4,0,Ing0506-2
c0023,4,1,Ing0506-2
c0023,4,2,Ing0506-2
c0023,4,3,Ing0506-2
c0023,4,4,Ing0506-2
c0024,0,1,Ing0506-2
c0024,1,0,Ing0506-2
c0024,1,4,Ing0506-2
c0024,3,0,Ing0506-2
c0024,4,0,Ing0506-2
c0024,4,4,Ing0506-2
c0044,0,0,Ing0506-2
c0044,0,1,Ing0506-2
c0044,0,2,Ing0506-2
c0044,0,3,Ing0506-2
c0044,0,4,Ing0506-2
c0044,4,0,Ing0506-2
c0044,4,1,Ing0506-2
c0044,4,2,Ing0506-2
c0044,4,3,Ing0506-2
c0044,4,4,Ing0506-2
c0047,0,0,Ing0506-2
nan,0,1,Ing0506-2
c0047,0,3,Ing0506-2
c0047,0,4,Ing0506-2
c0047,1,1,Ing0506-2
c0047,1,2,Ing0506-2
c0049,0,0,Ing0506-2
c0049,0,1,Ing0506-2
c0049,0,2,Ing0506-2
c0049,4,1,Ing0506-2
c0049,4,3,Ing0506-2
c0049,4,4,Ing0506-2
c0056,0,2,Ing0506-2
c0056,0,4,Ing0506-2
c0056,1,3,Ing0506-2
c0056,1,4,Ing0506-2
c0056,2,2,Ing0506-2
c0056,2,4,Ing0506-2
c0056,3,2,Ing0506-2
c0056,4,2,Ing0506-2
c0056,4,4,Ing0506-2
c0058,1,0,Ing0506-2
c0058,2,0,Ing0506-2
c0058,2,1,Ing0506-2
c0058,2,2,Ing0506-2
c0058,2,3,Ing0506-2
c0058,2,4,Ing0506-2
c0058,3,0,Ing0506-2
c0058,3,1,Ing0506-2
c0058,3,2,Ing0506-2
c0058,3,3,Ing0506-2
c0058,3,4,Ing0506-2
c0061,0,0,Ing0506-2
c0061,1,0,Ing0506-2
c0061,2,0,Ing0506-2
c0061,4,0,Ing0506-2
c0061,4,1,Ing0506-2
c0061,4,2,Ing0506-2
c0061,4,3,Ing0506-2
c0061,4,4,Ing0506-2
c0062,0,1,Ing0506-2
c0062,1,0,Ing0506-2
c0062,4,1,Ing0506-2
c0062,4,2,Ing0506-2
c0062,4,3,Ing0506-2
c0069,0,1,Ing0506-2
c0069,0,2,Ing0506-2
c0069,0,4,Ing0506-2
c0069,4,2,Ing0506-2
c0072,0,0,Ing0506-2
c0072,0,1,Ing0506-2
c0072,1,4,Ing0506-2
c0072,2,1,Ing0506-2
c0072,2,2,Ing0506-2
c0072,2,4,Ing0506-2
c0072,3,0,Ing0506-2
c0072,3,1,Ing0506-2
c0072,3,2,Ing0506-2
c0072,3,3,Ing0506-2
c0072,3,4,Ing0506-2
c0072,4,0,Ing0506-2
c0072,4,1,Ing0506-2
c0072,4,2,Ing0506-2
c0072,4,3,Ing0506-2
c0072,4,4,Ing0506-2
c0095,3,2,Ing0506-2
c0095,3,3,Ing0506-2
c0095,3,4,Ing0506-2
c0095,4,0,Ing0506-2
c0095,4,1,Ing0506-2
c0095,4,2,Ing0506-2
nan,4,4,Ing0506-2
c0103,3,2,Ing0506-2
c0103,3,3,Ing0506-2
c0103,3,4,Ing0506-2
c0103,4,1,Ing0506-2
c0103,4,2,Ing0506-2
c0103,4,3,Ing0506-2
c0108,0,0,Ing0506-2
c0108,1,0,Ing0506-2
c0108,2,0,Ing0506-2
c0108,2,1,Ing0506-2
c0108,2,2,Ing0506-2
c0108,2,3,Ing0506-2
c0108,3,0,Ing0506-2
c0108,3,1,Ing0506-2
c0108,3,2,Ing0506-2
c0108,3,3,Ing0506-2
c0108,3,4,Ing0506-2
c0108,4,4,Ing0506-2
c0110,1,0,Ing0506-2
c0110,2,0,Ing0506-2
c0110,2,1,Ing0506-2
c0110,2,2,Ing0506-2
c0110,2,3,Ing0506-2
c0110,2,4,Ing0506-2
c0110,3,0,Ing0506-2
c0110,3,1,Ing0506-2
c0110,3,2,Ing0506-2
c0110,3,3,Ing0506-2
c0110,3,4,Ing0506-2
c0113,4,0,Ing0506-2
c0113,4,1,Ing0506-2
c0113,4,2,Ing0506-2
c0113,4,3,Ing0506-2
c0113,4,4,Ing0506-2
c0115,3,4,Ing0506-2
c0115,4,0,Ing0506-2
c0115,4,1,Ing0506-2
c0115,4,3,Ing0506-2
c0115,4,4,Ing0506-2
c0118,0,2,Ing0506-2
c0118,0,3,Ing0506-2
c0118,0,4,Ing0506-2
c0118,4,2,Ing0506-2
c0118,4,3,Ing0506-2
c0118,4,4,Ing0506-2
c0129,0,0,Ing0506-2
c0129,0,2,Ing0506-2
c0129,0,3,Ing0506-2
c0129,0,4,Ing0506-2
c0129,1,0,Ing0506-2
c0129,1,1,Ing0506-2
c0129,1,2,Ing0506-2
c0129,3,2,Ing0506-2
c0129,4,2,Ing0506-2
c0129,4,4,Ing0506-2
c0131,2,0,Ing0506-2
c0131,2,3,Ing0506-2
c0131,2,4,Ing0506-2
c0131,3,2,Ing0506-2
c0131,4,2,Ing0506-2
c0131,4,4,Ing0506-2
c0132,1,2,Ing0506-2
c0132,1,4,Ing0506-2
c0132,3,2,Ing0506-2
c0132,3,3,Ing0506-2
c0132,3,4,Ing0506-2
c0132,4,0,Ing0506-2
c0132,4,1,Ing0506-2
c0133,0,2,Ing0506-2
c0133,1,2,Ing0506-2
c0133,1,4,Ing0506-2
c0152,3,2,Ing0506-2
c0152,4,2,Ing0506-2
c0152,4,4,Ing0506-2
c0153,0,0,Ing0506-2
c0153,0,1,Ing0506-2
c0153,0,2,Ing0506-2
c0153,0,3,Ing0506-2
c0153,1,0,Ing0506-2
c0153,1,2,Ing0506-2
c0153,1,3,Ing0506-2
c0153,1,4,Ing0506-2
c0153,2,0,Ing0506-2
c0153,2,1,Ing0506-2
c0153,3,4,Ing0506-2
c0153,4,1,Ing0506-2
c0153,4,2,Ing0506-2
c0153,4,3,Ing0506-2
c0153,4,4,Ing0506-2
c0178,0,0,Ing0506-2
c0178,0,1,Ing0506-2
c0178,0,2,Ing0506-2
c0178,1,0,Ing0506-2
c0178,2,0,Ing0506-2
c0178,3,0,Ing0506-2
c0191,0,0,Ing0506-2
c0191,0,1,Ing0506-2
c0191,0,2,Ing0506-2
c0191,4,1,Ing0506-2
c0191,4,2,Ing0506-2
c0191,4,3,Ing0506-2
c0191,4,4,Ing0506-2
c0193,0,0,Ing0506-2
c0193,0,1,Ing0506-2
c0193,0,2,Ing0506-2
c0193,0,3,Ing0506-2
c0193,2,1,Ing0506-2
c0193,2,2,Ing0506-2
c0193,3,0,Ing0506-2
c0193,3,1,Ing0506-2
c0193,3,2,Ing0506-2
c0195,0,3,Ing0506-2
c0195,0,4,Ing0506-2
c0195,1,2,Ing0506-2
c0195,1,4,Ing0506-2
c0195,2,3,Ing0506-2
c0195,2,4,Ing0506-2
c0195,3,2,Ing0506-2
c0195,3,4,Ing0506-2
c0195,4,2,Ing0506-2
c0195,4,4,Ing0506-2
c0201,0,0,Ing0506-2
c0201,0,4,Ing0506-2
c0201,4,0,Ing0506-2
c0201,4,1,Ing0506-2
c0206,3,0,Ing0506-2
c0206,3,1,Ing0506-2
c0206,3,2,Ing0506-2
c0206,3,4,Ing0506-2
c0206,4,2,Ing0506-2
c0206,4,3,Ing0506-2
c0211,0,0,Ing0506-2
c0211,1,0,Ing0506-2
c0211,3,0,Ing0506-2
c0211,4,0,Ing0506-2
c0211,4,4,Ing0506-2
c0213,0,0,Ing0506-2
c0213,0,4,Ing0506-2
c0213,1,4,Ing0506-2
c0213,2,4,Ing0506-2
c0213,3,4,Ing0506-2
c0213,4,3,Ing0506-2
c0219,3,0,Ing0506-2
c0219,3,3,Ing0506-2
nan,3,4,Ing0506-2
c0219,4,1,Ing0506-2
c0219,4,2,Ing0506-2
c0230,0,0,Ing0506-2
c0230,0,2,Ing0506-2
c0230,1,2,Ing0506-2
c0230,2,2,Ing0506-2
c0230,3,2,Ing0506-2
c0230,4,2,Ing0506-2
c0230,4,3,Ing0506-2
c0230,4,4,Ing0506-2
c0232,1,2,Ing0506-2
c0232,2,2,Ing0506-2
c0232,3,2,Ing0506-2
c0232,4,2,Ing0506-2
c0238,0,3,Ing0506-2
c0238,1,3,Ing0506-2
c0238,1,4,Ing0506-2
c0238,2,3,Ing0506-2
c0238,3,3,Ing0506-2
c0238,3,4,Ing0506-2
c0238,4,3,Ing0506-2
c0238,4,4,Ing0506-2
c0252,0,0,Ing0506-2
c0252,1,0,Ing0506-2
c0252,2,0,Ing0506-2
c0252,2,2,Ing0506-2
c0252,2,3,Ing0506-2
c0252,3,0,Ing0506-2
c0253,4,0,Ing0506-2
c0253,4,1,Ing0506-2
c0253,4,2,Ing0506-2
c0253,4,3,Ing0506-2
c0257,0,0,Ing0506-2
c0257,0,2,Ing0506-2
c0257,0,3,Ing0506-2
c0257,0,4,Ing0506-2
c0257,4,0,Ing0506-2
c0257,4,1,Ing0506-2
c0257,4,2,Ing0506-2
c0257,4,3,Ing0506-2
c0257,4,4,Ing0506-2
c0279,0,3,Ing0506-2
c0279,0,4,Ing0506-2
c0279,1,3,Ing0506-2
c0279,1,4,Ing0506-2
c0279,2,3,Ing0506-2
c0279,3,4,Ing0506-2
c0279,4,3,Ing0506-2
c0411,0,0,Ing0506-2
c0411,0,2,Ing0506-2
c0411,0,3,Ing0506-2
c0411,1,0,Ing0506-2
c0411,1,1,Ing0506-2
c0411,1,2,Ing0506-2
c0423,1,2,Ing0506-2
c0423,2,2,Ing0506-2
c0423,3,2,Ing0506-2
c0423,4,0,Ing0506-2
c0423,4,2,Ing0506-2
c0423,4,3,Ing0506-2
c0430,0,0,Ing0506-2
c0430,0,1,Ing0506-2
c0430,1,2,Ing0506-2
c0430,3,2,Ing0506-2
c0430,4,2,Ing0506-2
c0430,4,3,Ing0506-2
c0430,4,4,Ing0506-2
c0432,2,1,Ing0506-2
c0432,3,1,Ing0506-2
c0432,3,2,Ing0506-2
c0432,3,3,Ing0506-2
c0432,3,4,Ing0506-2
c0432,4,1,Ing0506-2
c0443,0,0,Ing0506-2
c0443,0,1,Ing0506-2
c0443,0,2,Ing0506-2
c0443,0,3,Ing0506-2
c0443,0,4,Ing0506-2
c0443,1,0,Ing0506-2
c0443,1,1,Ing0506-2
c0443,4,4,Ing0506-2
c0449,4,0,Ing0506-2
c0449,4,4,Ing0506-2
c0455,1,3,Ing0506-2
c0455,1,4,Ing0506-2
c0455,2,0,Ing0506-2
c0455,2,2,Ing0506-2
c0455,2,3,Ing0506-2
c0455,2,4,Ing0506-2
c0478,0,2,Ing0506-2
c0478,2,2,Ing0506-2
c0478,2,3,Ing0506-2
c0479,0,0,Ing0506-2
c0479,0,1,Ing0506-2
c0479,0,2,Ing0506-2
c0479,4,0,Ing0506-2
c0479,4,2,Ing0506-2
c0479,4,3,Ing0506-2
c0487,0,0,Ing0506-2
c0487,0,1,Ing0506-2
c0487,4,0,Ing0506-2
c0487,4,1,Ing0506-2
c0487,4,3,Ing0506-2
c0496,1,0,Ing0506-2
c0496,3,0,Ing0506-2
c0496,4,0,Ing0506-2
c0503,0,0,Ing0506-2
c0503,0,1,Ing0506-2
c0503,3,2,Ing0506-2
c0503,3,3,Ing0506-2
c0512,3,4,Ing0506-2
c0515,0,4,Ing0506-2
c0515,1,2,Ing0506-2
c0515,1,3,Ing0506-2
c0515,1,4,Ing0506-2
c0515,2,2,Ing0506-2
c0515,2,3,Ing0506-2
c0515,3,2,Ing0506-2
c0515,3,3,Ing0506-2
c0515,3,4,Ing0506-2
c0515,4,2,Ing0506-2
c0515,4,3,Ing0506-2
c0515,4,4,Ing0506-2
c0526,4,0,Ing0506-2
c0526,4,1,Ing0506-2
c0526,4,2,Ing0506-2
c0526,4,3,Ing0506-2
c0526,4,4,Ing0506-2
c0530,3,4,Ing0506-2
c0532,0,2,Ing0506-2
c0532,1,2,Ing0506-2
c0532,1,3,Ing0506-2
c0532,1,4,Ing0506-2
c0532,2,3,Ing0506-2
nan,2,4,Ing0506-2
c0532,3,2,Ing0506-2
c0532,4,2,Ing0506-2
c0534,0,0,Ing0506-2
c0534,0,1,Ing0506-2
c0534,0,2,Ing0506-2
c0534,0,3,Ing0506-2
c0534,0,4,Ing0506-2
c0534,4,2,Ing0506-2
c0534,4,3,Ing0506-2
c0534,4,4,Ing0506-2
c0535,1,0,Ing0506-2
c0535,1,1,Ing0506-2
c0535,1,2,Ing0506-2
c0535,1,4,Ing0506-2
c0535,3,0,Ing0506-2
c0535,3,1,Ing0506-2
c0535,3,2,Ing0506-2
c0539,0,2,Ing0506-2
c0539,1,2,Ing0506-2
c0539,2,2,Ing0506-2
c0539,3,2,Ing0506-2
c0554,0,0,Ing0506-2
c0554,0,1,Ing0506-2
c0554,4,0,Ing0506-2
c0554,4,3,Ing0506-2
c0554,4,4,Ing0506-2
c0602,3,0,Ing0506-2
c0602,3,1,Ing0506-2
c0722,0,0,Ing0506-2
c0722,2,0,Ing0506-2
c0722,2,1,Ing0506-2
c0722,2,2,Ing0506-2
c0722,2,3,Ing0506-2
c0722,2,4,Ing0506-2
c0722,4,4,Ing0506-2
c0723,1,1,Ing0506-2
c0723,1,2,Ing0506-2
c0723,1,3,Ing0506-2
c0723,2,3,Ing0506-2
c0723,3,3,Ing0506-2
c0723,4,4,Ing0506-2
c0725,0,2,Ing0506-2
c0725,1,2,Ing0506-2
c0725,3,2,Ing0506-2
c0725,4,2,Ing0506-2
c0730,0,0,Ing0506-2
c0730,0,1,Ing0506-2
c0730,0,3,Ing0506-2
c0730,0,4,Ing0506-2
c0730,1,0,Ing0506-2
c0730,1,1,Ing0506-2
c0730,1,2,Ing0506-2
c0737,0,0,Ing0506-2
c0737,0,1,Ing0506-2
c0737,0,2,Ing0506-2
c0737,0,3,Ing0506-2
c0737,0,4,Ing0506-2
c0737,2,0,Ing0506-2
c0737,2,2,Ing0506-2
c0737,3,0,Ing0506-2
c0737,3,1,Ing0506-2
c0742,0,0,Ing0506-2
c0742,0,1,Ing0506-2
c0742,0,2,Ing0506-2
c0742,0,3,Ing0506-2
c0742,4,1,Ing0506-2
c0742,4,2,Ing0506-2
c0742,4,3,Ing0506-2
c0746,1,0,Ing0506-2
c0746,2,0,Ing0506-2
c0746,3,0,Ing0506-2
c0746,4,0,Ing0506-2
c0794,0,2,Ing0506-2
c0794,1,2,Ing0506-2
c0794,2,2,Ing0506-2
c0794,3,2,Ing0506-2
c0794,4,2,Ing0506-2
c0804,4,1,Ing0506-2
c0804,4,2,Ing0506-2
c0804,4,4,Ing0506-2
c0807,0,0,Ing0506-2
c0807,0,4,Ing0506-2
c0807,1,0,Ing0506-2
c0807,1,4,Ing0506-2
c0807,2,4,Ing0506-2
c0807,3,4,Ing0506-2
c0807,4,4,Ing0506-2
c0808,0,0,Ing0506-2
c0808,0,2,Ing0506-2
c0808,2,2,Ing0506-2
c0808,4,0,Ing0506-2
c0808,4,2,Ing0506-2
c0822,0,0,Ing0506-2
c0822,0,1,Ing0506-2
c0822,0,2,Ing0506-2
c0822,1,2,Ing0506-2
c0822,2,2,Ing0506-2
c0822,4,2,Ing0506-2
c0822,4,3,Ing0506-2
c0835,4,0,Ing0506-2
c0835,4,1,Ing0506-2
c0835,4,2,Ing0506-2
c0835,4,3,Ing0506-2
c0835,4,4,Ing0506-2
c0847,0,0,Ing0506-2
c0847,0,1,Ing0506-2
c0847,0,2,Ing0506-2
c0847,0,3,Ing0506-2
c0847,1,0,Ing0506-2
c0847,1,1,Ing0506-2
c0847,1,2,Ing0506-2
c0897,0,2,Ing0506-2
c0897,1,2,Ing0506-2
c0897,1,4,Ing0506-2
c0897,4,4,Ing0506-2
c0936,0,0,Ing0506-2
c0936,0,1,Ing0506-2
c0936,2,0,Ing0506-2
c0936,2,1,Ing0506-2
c0936,2,2,Ing0506-2
c0936,2,3,Ing0506-2
c0936,2,4,Ing0506-2
c0936,4,4,Ing0506-2
c0998,0,0,Ing0506-2
c0998,0,2,Ing0506-2
c0998,0,3,Ing0506-2
c0998,0,4,Ing0506-2
c0998,4,2,Ing0506-2
c0998,4,3,Ing0506-2
c1053,0,1,Ing0506-2
c1053,0,2,Ing0506-2
c1053,0,3,Ing0506-2
c1053,0,4,Ing0506-2
c1053,1,0,Ing0506-2
c1053,1,1,Ing0506-2
c1053,3,1,Ing0506-2
c1053,3,3,Ing0506-2
c1053,3,4,Ing0506-2
c1053,4,0,Ing0506-2
c1053,4,1,Ing0506-2
c1053,4,2,Ing0506-2
c1053,4,3,Ing0506-2
c1053,4,4,Ing0506-2
c1074,0,3,Ing0506-2
c1074,0,4,Ing0506-2
c1074,1,4,Ing0506-2
c1074,2,3,Ing0506-2
c1074,2,4,Ing0506-2
c1074,3,4,Ing0506-2
c1074,4,3,Ing0506-2
c1074,4,4,Ing0506-2
c1077,1,0,Ing0506-2
c1077,1,1,Ing0506-2
c1077,1,2,Ing0506-2
c1077,1,3,Ing0506-2
c1077,1,4,Ing0506-2
c1077,3,0,Ing0506-2
c1077,3,1,Ing0506-2
c1077,3,2,Ing0506-2
c0006,4,0,Ing0304-2
c0006,4,1,Ing0304-2
c0006,4,2,Ing0304-2
c0006,4,3,Ing0304-2
c0011,1,0,Ing0304-2
c0011,1,1,Ing0304-2
c0011,1,3,Ing0304-2
c0011,1,4,Ing0304-2
c0011,4,3,Ing0304-2
c0018,0,0,Ing0304-2
c0018,0,1,Ing0304-2
c0018,0,2,Ing0304-2
c0018,0,3,Ing0304-2
c0018,0,4,Ing0304-2
c0018,4,2,Ing0304-2
c0018,4,3,Ing0304-2
c0018,4,4,Ing0304-2
c0026,0,2,Ing0304-2
c0026,1,2,Ing0304-2
c0026,2,2,Ing0304-2
c0026,3,2,Ing0304-2
c0026,4,2,Ing0304-2
c0027,0,1,Ing0304-2
c0027,3,0,Ing0304-2
c0027,3,1,Ing0304-2
c0027,3,2,Ing0304-2
c0027,3,3,Ing0304-2
c0027,4,0,Ing0304-2
c0027,4,1,Ing0304-2
c0027,4,2,Ing0304-2
c0027,4,3,Ing0304-2
c0028,0,1,Ing0304-2
c0028,0,2,Ing0304-2
c0028,0,3,Ing0304-2
c0028,0,4,Ing0304-2
c0028,4,2,Ing0304-2
c0028,4,3,Ing0304-2
c0028,4,4,Ing0304-2
c0049,0,0,Ing0304-2
c0049,0,1,Ing0304-2
c0049,0,2,Ing0304-2
c0049,0,3,Ing0304-2
c0049,0,4,Ing0304-2
c0049,4,2,Ing0304-2
c0049,4,3,Ing0304-2
c0049,4,4,Ing0304-2
c0051,2,2,Ing0304-2
c0051,2,3,Ing0304-2
c0051,2,4,Ing0304-2
c0051,3,3,Ing0304-2
c0051,3,4,Ing0304-2
c0051,4,4,Ing0304-2
c0059,2,2,Ing0304-2
c0059,2,4,Ing0304-2
c0059,4,0,Ing0304-2
c0059,4,1,Ing0304-2
c0059,4,3,Ing0304-2
c0059,4,4,Ing0304-2
c0064,4,1,Ing0304-2
c0064,4,3,Ing0304-2
c0064,4,4,Ing0304-2
c0065,0,2,Ing0304-2
c0065,0,3,Ing0304-2
c0065,0,4,Ing0304-2
c0065,2,3,Ing0304-2
c0065,2,4,Ing0304-2
c0073,0,0,Ing0304-2
c0073,0,1,Ing0304-2
c0073,0,2,Ing0304-2
c0073,0,3,Ing0304-2
c0073,0,4,Ing0304-2
c0073,4,0,Ing0304-2
c0073,4,1,Ing0304-2
c0073,4,2,Ing0304-2
c0073,4,3,Ing0304-2
c0073,4,4,Ing0304-2
c0085,0,0,Ing0304-2
c0085,4,0,Ing0304-2
c0085,4,2,Ing0304-2
c0085,4,3,Ing0304-2
c0085,4,4,Ing0304-2
c0097,0,0,Ing0304-2
c0097,0,2,Ing0304-2
c0097,0,4,Ing0304-2
c0097,1,0,Ing0304-2
c0097,1,1,Ing0304-2
c0097,4,0,Ing0304-2
c0097,4,1,Ing0304-2
c0097,4,2,Ing0304-2
c0097,4,3,Ing0304-2
c0097,4,4,Ing0304-2
c0099,2,2,Ing0304-2
c0099,2,3,Ing0304-2
c0099,2,4,Ing0304-2
c0099,3,2,Ing0304-2
c0099,3,3,Ing0304-2
c0099,3,4,Ing0304-2
c0099,4,3,Ing0304-2
c0099,4,4,Ing0304-2
c0101,3,0,Ing0304-2
c0101,3,2,Ing0304-2
c0101,3,3,Ing0304-2
c0101,3,4,Ing0304-2
c0101,4,0,Ing0304-2
c0101,4,1,Ing0304-2
c0101,4,2,Ing0304-2
c0101,4,4,Ing0304-2
c0105,2,2,Ing0304-2
c0105,2,3,Ing0304-2
c0105,2,4,Ing0304-2
c0105,3,0,Ing0304-2
c0105,3,1,Ing0304-2
c0105,3,2,Ing0304-2
c0105,3,4,Ing0304-2
c0105,4,1,Ing0304-2
c0105,4,2,Ing0304-2
c0105,4,3,Ing0304-2
c0105,4,4,Ing0304-2
c0128,0,2,Ing0304-2
c0128,1,2,Ing0304-2
c0128,1,4,Ing0304-2
c0128,2,2,Ing0304-2
c0128,3,2,Ing0304-2
c0128,4,2,Ing0304-2
c0142,1,4,Ing0304-2
c0180,4,0,Ing0304-2
c0180,4,1,Ing0304-2
c0180,4,2,Ing0304-2
c0180,4,3,Ing0304-2
c0180,4,4,Ing0304-2
c0184,2,0,Ing0304-2
c0184,2,1,Ing0304-2
c0184,2,2,Ing0304-2
c0184,2,3,Ing0304-2
c0184,4,0,Ing0304-2
c0184,4,1,Ing0304-2
c0184,4,2,Ing0304-2
c0184,4,4,Ing0304-2
c0185,2,0,Ing0304-2
c0185,2,1,Ing0304-2
c0185,4,0,Ing0304-2
c0185,4,1,Ing0304-2
c0185,4,2,Ing0304-2
c0185,4,3,Ing0304-2
c0185,4,4,Ing0304-2
c0189,0,0,Ing0304-2
c0189,0,1,Ing0304-2
c0189,0,2,Ing0304-2
c0189,0,3,Ing0304-2
c0189,0,4,Ing0304-2
c0189,4,0,Ing0304-2
c0189,4,1,Ing0304-2
c0189,4,2,Ing0304-2
c0189,4,3,Ing0304-2
c0189,4,4,Ing0304-2
c0199,2,4,Ing0304-2
c0199,3,1,Ing0304-2
c0199,3,2,Ing0304-2
c0199,3,3,Ing0304-2
c0199,4,0,Ing0304-2
c0199,4,1,Ing0304-2
c0199,4,2,Ing0304-2
c0199,4,3,Ing0304-2
c0199,4,4,Ing0304-2
c0202,3,0,Ing0304-2
c0202,3,1,Ing0304-2
c0202,3,2,Ing0304-2
c0202,3,3,Ing0304-2
c0202,3,4,Ing0304-2
c0202,4,0,Ing0304-2
c0202,4,1,Ing0304-2
c0202,4,3,Ing0304-2
c0202,4,4,Ing0304-2
nan,0,2,Ing0304-2
c0212,1,2,Ing0304-2
c0212,2,2,Ing0304-2
c0212,3,2,Ing0304-2
c0212,4,2,Ing0304-2
c0220,4,2,Ing0304-2
c0220,4,4,Ing0304-2
c0228,0,0,Ing0304-2
c0228,1,0,Ing0304-2
c0228,2,0,Ing0304-2
c0228,2,4,Ing0304-2
c0228,3,4,Ing0304-2
c0228,4,0,Ing0304-2
c0228,4,4,Ing0304-2
c0231,0,0,Ing0304-2
c0231,2,0,Ing0304-2
c0231,4,0,Ing0304-2
c0261,2,3,Ing0304-2
c0261,2,4,Ing0304-2
c0261,3,0,Ing0304-2
c0261,3,1,Ing0304-2
c0261,3,2,Ing0304-2
c0261,3,3,Ing0304-2
c0261,3,4,Ing0304-2
c0261,4,4,Ing0304-2
c0281,0,4,Ing0304-2
c0281,1,2,Ing0304-2
c0281,1,3,Ing0304-2
c0281,1,4,Ing0304-2
c0281,2,4,Ing0304-2
c0281,3,4,Ing0304-2
c0281,4,0,Ing0304-2
c0281,4,1,Ing0304-2
c0281,4,2,Ing0304-2
c0281,4,4,Ing0304-2
c0324,0,0,Ing0304-2
c0324,0,1,Ing0304-2
c0324,0,2,Ing0304-2
c0324,3,0,Ing0304-2
c0324,3,1,Ing0304-2
c0324,3,2,Ing0304-2
c0324,3,3,Ing0304-2
c0324,3,4,Ing0304-2
c0324,4,0,Ing0304-2
c0324,4,1,Ing0304-2
c0324,4,2,Ing0304-2
c0324,4,3,Ing0304-2
c0324,4,4,Ing0304-2
c0420,0,0,Ing0304-2
c0420,0,1,Ing0304-2
c0420,0,2,Ing0304-2
c0420,0,3,Ing0304-2
c0420,0,4,Ing0304-2
c0420,1,0,Ing0304-2
c0427,2,4,Ing0304-2
c0427,3,4,Ing0304-2
c0427,4,0,Ing0304-2
c0427,4,1,Ing0304-2
c0427,4,2,Ing0304-2
c0427,4,3,Ing0304-2
c0427,4,4,Ing0304-2
c0429,1,0,Ing0304-2
c0429,1,1,Ing0304-2
c0429,1,2,Ing0304-2
c0429,2,2,Ing0304-2
c0429,4,2,Ing0304-2
c0429,4,3,Ing0304-2
c0433,0,0,Ing0304-2
c0433,0,1,Ing0304-2
c0433,4,0,Ing0304-2
c0433,4,2,Ing0304-2
c0433,4,3,Ing0304-2
c0433,4,4,Ing0304-2
c0440,0,0,Ing0304-2
c0440,0,1,Ing0304-2
c0440,0,2,Ing0304-2
c0440,0,3,Ing0304-2
c0440,0,4,Ing0304-2
c0440,1,2,Ing0304-2
c0442,0,0,Ing0304-2
c0442,0,1,Ing0304-2
c0442,0,2,Ing0304-2
c0442,0,3,Ing0304-2
c0442,0,4,Ing0304-2
c0442,4,2,Ing0304-2
c0442,4,3,Ing0304-2
c0442,4,4,Ing0304-2
c0450,2,0,Ing0304-2
c0450,2,1,Ing0304-2
c0450,2,2,Ing0304-2
c0450,2,3,Ing0304-2
c0450,2,4,Ing0304-2
c0450,4,0,Ing0304-2
c0450,4,3,Ing0304-2
c0450,4,4,Ing0304-2
c0452,0,0,Ing0304-2
c0452,0,2,Ing0304-2
c0452,1,0,Ing0304-2
c0452,1,2,Ing0304-2
c0452,2,2,Ing0304-2
c0452,2,3,Ing0304-2
c0452,2,4,Ing0304-2
c0452,3,2,Ing0304-2
c0452,3,3,Ing0304-2
c0452,3,4,Ing0304-2
c0452,4,0,Ing0304-2
c0452,4,1,Ing0304-2
c0452,4,2,Ing0304-2
c0452,4,3,Ing0304-2
c0452,4,4,Ing0304-2
c0474,0,1,Ing0304-2
c0474,0,2,Ing0304-2
c0474,0,3,Ing0304-2
c0474,0,4,Ing0304-2
c0474,1,0,Ing0304-2
c0474,1,1,Ing0304-2
c0485,0,1,Ing0304-2
c0485,0,2,Ing0304-2
c0485,0,3,Ing0304-2
c0485,0,4,Ing0304-2
c0485,4,2,Ing0304-2
c0485,4,3,Ing0304-2
c0485,4,4,Ing0304-2
c0495,0,0,Ing0304-2
c0495,0,1,Ing0304-2
c0495,4,4,Ing0304-2
c0742,1,0,Ing0304-2
c0742,2,0,Ing0304-2
c0742,4,1,Ing0304-2
c0742,4,2,Ing0304-2
c0742,4,3,Ing0304-2
c0767,0,1,Ing0304-2
c0767,4,0,Ing0304-2
c0767,4,4,Ing0304-2
c0792,0,2,Ing0304-2
c0792,1,2,Ing0304-2
c0792,2,2,Ing0304-2
c0792,4,2,Ing0304-2
c0806,0,0,Ing0304-2
c0806,0,1,Ing0304-2
c0806,0,2,Ing0304-2
c0806,1,0,Ing0304-2
c0806,1,1,Ing0304-2
c0806,1,2,Ing0304-2
c0806,1,3,Ing0304-2
c0806,2,1,Ing0304-2
c0806,2,2,Ing0304-2
c0806,3,0,Ing0304-2
c0806,3,1,Ing0304-2
c0806,3,2,Ing0304-2
c0806,3,3,Ing0304-2
c0806,4,1,Ing0304-2
c0806,4,2,Ing0304-2
c0806,4,3,Ing0304-2
c0816,0,0,Ing0304-2
c0816,0,1,Ing0304-2
c0816,0,2,Ing0304-2
c0816,1,1,Ing0304-2
c0816,1,2,Ing0304-2
c0816,1,3,Ing0304-2
c0830,0,3,Ing0304-2
c0830,0,4,Ing0304-2
c0830,4,0,Ing0304-2
c0830,4,2,Ing0304-2
c0881,0,0,Ing0304-2
c0881,0,1,Ing0304-2
c0881,0,2,Ing0304-2
c0881,1,2,Ing0304-2
c0881,1,4,Ing0304-2
c0881,3,2,Ing0304-2
c0881,4,2,Ing0304-2
c0881,4,3,Ing0304-2
c0881,4,4,Ing0304-2
c0896,3,0,Ing0304-2
c0896,3,3,Ing0304-2
c0896,3,4,Ing0304-2
c0896,4,0,Ing0304-2
c0896,4,2,Ing0304-2
c0896,4,4,Ing0304-2
c0935,0,0,Ing0304-2
c0935,4,1,Ing0304-2
c0935,4,2,Ing0304-2
c0935,4,3,Ing0304-2
c0935,4,4,Ing0304-2
nan,0,0,Ing0304-2
c0943,0,1,Ing0304-2
c0943,0,3,Ing0304-2
c0943,0,4,Ing0304-2
c0943,4,1,Ing0304-2
c0943,4,3,Ing0304-2
c0943,4,4,Ing0304-2
c0306,0,0,Ing0304-2
c0306,0,2,Ing0304-2
c0306,2,2,Ing0304-2
c0519,0,2,Ing0304-2
c0519,1,2,Ing0304-2
c0519,2,2,Ing0304-2
c0519,3,2,Ing0304-2
c0519,4,2,Ing0304-2
c0513,0,0,Ing0304-2
c0513,0,1,Ing0304-2
c0513,1,0,Ing0304-2
c0513,2,0,Ing0304-2
nan,3,0,Ing0304-2
c0513,4,0,Ing0304-2
c0513,4,4,Ing0304-2
c0815,0,0,Ing0304-2
c0815,0,1,Ing0304-2
c0815,0,2,Ing0304-2
c0815,0,3,Ing0304-2
c0815,0,4,Ing0304-2
c0821,4,2,Ing0304-2
c0821,4,3,Ing0304-2
c0821,4,4,Ing0304-2
